budget,id,language,popularity,release_date,revenue,runtime,status,title,vote_avg,vote_count,genres_1,genres_2,genres_3,genres_4,genres_5,pro_com_1,pro_com_2,pro_com_3,pro_com_4,pro_coun_1,pro_coun_2,pro_coun_3
237000000,19995,English,150.437577,10-12-2009,2787965087,02:42,Released,Avatar,7.2,11800,Action,Adventure,Fantasy,Science Fiction,,Ingenious Film Partners,Twentieth Century Fox Film Corporation,Dune Entertainment,Lightstorm Entertainment,United States of America,United Kingdom,
300000000,285,English,139.082615,19-05-2007,961000000,02:49,Released,Pirates of the Caribbean: At World's End,6.9,4500,Adventure,Fantasy,Action,,,Walt Disney Pictures,Jerry Bruckheimer Films,Second Mate Productions,,United States of America,,
245000000,206647,English,107.376788,26-10-2015,880674609,02:28,Released,Spectre,6.3,4466,Action,Adventure,Crime,,,Columbia Pictures,Danjaq,B24,,United Kingdom,United States of America,
250000000,49026,English,112.31295,16-07-2012,1084939099,02:45,Released,The Dark Knight Rises,7.6,9106,Action,Crime,Drama,Thriller,,Legendary Pictures,Warner Bros.,DC Entertainment,Syncopy,United States of America,,
260000000,49529,English,43.926995,07-03-2012,284139100,02:12,Released,John Carter,6.1,2124,Action,Adventure,Science Fiction,,,Walt Disney Pictures,,,,United States of America,,
258000000,559,English,115.699814,01-05-2007,890871626,02:19,Released,Spider-Man 3,5.9,3576,Fantasy,Action,Adventure,,,Columbia Pictures,Laura Ziskin Productions,Marvel Enterprises,,United States of America,,
260000000,38757,English,48.681969,24-11-2010,591794936,01:40,Released,Tangled,7.4,3330,Animation,Family,,,,Walt Disney Pictures,Walt Disney Animation Studios,,,United States of America,,
280000000,99861,English,134.279229,22-04-2015,1405403694,02:21,Released,Avengers: Age of Ultron,7.3,6767,Action,Adventure,Science Fiction,,,Marvel Studios,Prime Focus,Revolution Sun Studios,,United States of America,,
250000000,767,English,98.885637,07-07-2009,933959197,02:33,Released,Harry Potter and the Half-Blood Prince,7.4,5293,Adventure,Fantasy,Family,,,Warner Bros.,Heyday Films,,,United Kingdom,United States of America,
250000000,209112,English,155.790452,23-03-2016,873260194,02:31,Released,Batman v Superman: Dawn of Justice,5.7,7004,Action,Adventure,Fantasy,,,DC Comics,Atlas Entertainment,Warner Bros.,DC Entertainment,United States of America,,
270000000,1452,English,57.925623,28-06-2006,391081192,02:34,Released,Superman Returns,5.4,1400,Adventure,Fantasy,Action,Science Fiction,,DC Comics,Legendary Pictures,Warner Bros.,Bad Hat Harry Productions,United States of America,,
200000000,10764,English,107.928811,30-10-2008,586090727,01:46,Released,Quantum of Solace,6.1,2965,Adventure,Action,Thriller,Crime,,Eon Productions,,,,United Kingdom,United States of America,
200000000,58,English,145.847379,20-06-2006,1065659812,02:31,Released,Pirates of the Caribbean: Dead Man's Chest,7,5246,Adventure,Fantasy,Action,,,Walt Disney Pictures,Jerry Bruckheimer Films,Second Mate Productions,,Jamaica,United States of America,Bahamas
255000000,57201,English,49.046956,03-07-2013,89289910,02:29,Released,The Lone Ranger,5.9,2311,Action,Adventure,Western,,,Walt Disney Pictures,Jerry Bruckheimer Films,Infinitum Nihil,Silver Bullet Productions (II),United States of America,,
225000000,49521,English,99.398009,12-06-2013,662845518,02:23,Released,Man of Steel,6.5,6359,Action,Adventure,Fantasy,Science Fiction,,Legendary Pictures,Warner Bros.,DC Entertainment,Syncopy,United Kingdom,United States of America,
225000000,2454,English,53.978602,15-05-2008,419651413,02:30,Released,The Chronicles of Narnia: Prince Caspian,6.3,1630,Adventure,Family,Fantasy,,,Walt Disney,Walden Media,Stillking Films,Ozumi Films,Czech Republic,Poland,Slovenia
220000000,24428,English,144.448633,25-04-2012,1519557910,02:23,Released,The Avengers,7.4,11776,Science Fiction,Action,Adventure,,,Paramount Pictures,Marvel Studios,,,United States of America,,
380000000,1865,English,135.413856,14-05-2011,1045713802,02:16,Released,Pirates of the Caribbean: On Stranger Tides,6.4,4948,Adventure,Action,Fantasy,,,Walt Disney Pictures,Jerry Bruckheimer Films,Moving Picture Company (MPC),,United States of America,,
225000000,41154,English,52.035179,23-05-2012,624026776,01:46,Released,Men in Black 3,6.2,4160,Action,Comedy,Science Fiction,,,Amblin Entertainment,Media Magik Entertainment,Imagenation Abu Dhabi FZ,Hemisphere Media Capital,United States of America,,
250000000,122917,English,120.965743,10-12-2014,956019788,02:24,Released,The Hobbit: The Battle of the Five Armies,7.1,4760,Action,Adventure,Fantasy,,,WingNut Films,New Line Cinema,Warner Bros. Pictures,3Foot7,New Zealand,United States of America,
215000000,1930,English,89.866276,27-06-2012,752215857,02:16,Released,The Amazing Spider-Man,6.5,6586,Action,Adventure,Fantasy,,,Columbia Pictures,Laura Ziskin Productions,Marvel Entertainment,,United States of America,,
200000000,20662,English,37.668301,12-05-2010,310669540,02:20,Released,Robin Hood,6.2,1398,Action,Adventure,,,,Imagine Entertainment,Universal Pictures,Scott Free Productions,Relativity Media,United Kingdom,United States of America,
250000000,57158,English,94.370564,11-12-2013,958400000,02:41,Released,The Hobbit: The Desolation of Smaug,7.6,4524,Adventure,Fantasy,,,,WingNut Films,New Line Cinema,Warner Bros. Pictures,Metro-Goldwyn-Mayer (MGM),New Zealand,United States of America,
180000000,2268,English,42.990906,04-12-2007,372234864,01:53,Released,The Golden Compass,5.8,1303,Adventure,Fantasy,,,,New Line Cinema,Ingenious Film Partners,Depth of Field,Scholastic Productions,United Kingdom,United States of America,
207000000,254,English,61.22601,14-12-2005,550000000,03:07,Released,King Kong,6.6,2337,Adventure,Drama,Action,,,WingNut Films,Universal Pictures,Big Primate Pictures,MFPV Film,New Zealand,United States of America,Germany
200000000,597,English,100.025899,18-11-1997,1845034188,03:14,Released,Titanic,7.5,7562,Drama,Romance,Thriller,,,Paramount Pictures,Twentieth Century Fox Film Corporation,Lightstorm Entertainment,,United States of America,,
250000000,271110,English,198.372395,27-04-2016,1153304495,02:27,Released,Captain America: Civil War,7.1,7241,Adventure,Action,Science Fiction,,,Studio Babelsberg,Marvel Studios,Walt Disney Studios Motion Pictures,Vita-Ray Dutch Productions (III),United States of America,,
209000000,44833,English,64.928382,11-04-2012,303025485,02:11,Released,Battleship,5.5,2114,Thriller,Action,Adventure,Science Fiction,,Universal Pictures,Hasbro,Bluegrass Films,Film 44,United States of America,,
150000000,135397,English,418.708552,09-06-2015,1513528810,02:04,Released,Jurassic World,6.5,8662,Action,Adventure,Science Fiction,Thriller,,Universal Studios,Amblin Entertainment,Legendary Pictures,Fuji Television Network,United States of America,,
200000000,37724,English,93.004993,25-10-2012,1108561013,02:23,Released,Skyfall,6.9,7604,Action,Adventure,Thriller,,,Columbia Pictures,,,,United Kingdom,United States of America,
200000000,558,English,35.149586,25-06-2004,783766341,02:07,Released,Spider-Man 2,6.7,4321,Action,Adventure,Fantasy,,,Columbia Pictures,Laura Ziskin Productions,Marvel Enterprises,,United States of America,,
200000000,68721,English,77.68208,18-04-2013,1215439994,02:10,Released,Iron Man 3,6.8,8806,Action,Adventure,Science Fiction,,,Marvel Studios,,,,China,United States of America,
200000000,12155,English,78.530105,03-03-2010,1025491110,01:48,Released,Alice in Wonderland,6.4,4645,Family,Fantasy,Adventure,,,Walt Disney Pictures,Team Todd,Tim Burton Productions,Roth Films,United States of America,,
210000000,36668,English,3.857526,24-05-2006,459359555,01:44,Released,X-Men: The Last Stand,6.3,3525,Adventure,Action,Science Fiction,Thriller,,Ingenious Film Partners,Twentieth Century Fox Film Corporation,Donners' Company,Dune Entertainment,Canada,United Kingdom,United States of America
200000000,62211,English,89.186492,20-06-2013,743559607,01:44,Released,Monsters University,7,3528,Animation,Family,,,,Walt Disney Pictures,Pixar Animation Studios,,,United States of America,,
150000000,8373,English,21.939663,19-06-2009,836297228,02:30,Released,Transformers: Revenge of the Fallen,6,3138,Science Fiction,Action,Adventure,,,Paramount Pictures,DreamWorks SKG,Amblin Entertainment,Di Bonaventura Pictures,United States of America,,
210000000,91314,English,116.840296,25-06-2014,1091405097,02:45,Released,Transformers: Age of Extinction,5.8,3095,Science Fiction,Action,Adventure,,,Paramount Pictures,Amblin Entertainment,Di Bonaventura Pictures,Platinum Dunes,United States of America,,
200000000,68728,English,46.985445,07-03-2013,491868548,02:10,Released,Oz: The Great and Powerful,5.7,3530,Fantasy,Adventure,Family,,,Walt Disney Pictures,Roth Films,,,United States of America,,
200000000,102382,English,89.270217,16-04-2014,705717432,02:22,Released,The Amazing Spider-Man 2,6.5,4179,Action,Adventure,Fantasy,,,Columbia Pictures,Marvel Enterprises,Avi Arad Productions,Matt Tolmach Productions,United States of America,,
170000000,20526,English,73.79505,10-12-2010,400062763,02:05,Released,TRON: Legacy,6.3,2841,Adventure,Action,Science Fiction,,,Walt Disney Pictures,LivePlanet,Prana Studios,Sean Bailey Productions,United States of America,,
200000000,49013,English,49.98659,11-06-2011,559852396,01:46,Released,Cars 2,5.8,2033,Animation,Family,Adventure,Comedy,,Walt Disney Pictures,Pixar Animation Studios,,,United States of America,,
200000000,44912,English,51.872839,16-06-2011,219851172,01:54,Released,Green Lantern,5.1,2487,Adventure,Action,Thriller,Science Fiction,,De Line Pictures,Warner Bros.,DC Entertainment,,United States of America,,
200000000,10193,English,59.995418,16-06-2010,1066969703,01:43,Released,Toy Story 3,7.6,4597,Animation,Family,Comedy,,,Walt Disney Pictures,Pixar Animation Studios,,,United States of America,,
200000000,534,English,71.862892,20-05-2009,371353001,01:55,Released,Terminator Salvation,5.9,2463,Action,Science Fiction,Thriller,,,Columbia Pictures,The Halcyon Company,Wonderland Sound and Vision,Warner Bros.,Germany,Italy,United Kingdom
190000000,168259,English,102.322217,01-04-2015,1506249360,02:17,Released,Furious 7,7.3,4176,Action,,,,,Universal Pictures,Original Film,Fuji Television Network,Dentsu,Japan,United States of America,
200000000,72190,English,81.834855,20-06-2013,531865000,01:56,Released,World War Z,6.7,5560,Action,Drama,Horror,Science Fiction,Thriller,Paramount Pictures,GK Films,Skydance Productions,Hemisphere Media Capital,United States of America,Malta,
250000000,127585,English,118.078691,15-05-2014,747862775,02:11,Released,X-Men: Days of Future Past,7.5,6032,Action,Adventure,Fantasy,Science Fiction,,Twentieth Century Fox Film Corporation,Donners' Company,Marvel Entertainment,Bad Hat Harry Productions,United Kingdom,United States of America,
190000000,54138,English,78.291018,05-05-2013,467365246,02:12,Released,Star Trek Into Darkness,7.4,4418,Action,Adventure,Science Fiction,,,Paramount Pictures,Skydance Productions,Bad Robot,Kurtzman/Orci,United States of America,,
195000000,81005,English,43.349855,27-02-2013,197687603,01:54,Released,Jack the Giant Slayer,5.5,2598,Action,Family,Fantasy,,,New Line Cinema,Original Film,Legendary Pictures,Warner Bros.,United States of America,,
105000000,64682,English,61.196071,10-05-2013,351040419,02:23,Released,The Great Gatsby,7.3,3769,Drama,Romance,,,,Village Roadshow Pictures,Bazmark Films,Warner Bros.,A&E Television Networks,United States of America,Australia,
150000000,9543,English,62.169881,19-05-2010,335154643,01:56,Released,Prince of Persia: The Sands of Time,6.2,2317,Adventure,Fantasy,Action,Romance,,Walt Disney Pictures,Jerry Bruckheimer Films,,,United States of America,,
180000000,68726,English,56.523205,11-07-2013,407602906,02:11,Released,Pacific Rim,6.7,4794,Action,Science Fiction,Adventure,,,Legendary Pictures,Warner Bros.,Disney Double Dare You (DDY),Indochina Productions,United States of America,Canada,
195000000,38356,English,28.529607,28-06-2011,1123746996,02:34,Released,Transformers: Dark of the Moon,6.1,3299,Action,Science Fiction,Adventure,,,Paramount Pictures,Di Bonaventura Pictures,Indochina Productions,Hasbro Studios,United States of America,,
185000000,217,English,75.674458,21-05-2008,786636033,02:02,Released,Indiana Jones and the Kingdom of the Crystal Skull,5.7,2495,Adventure,Action,,,,Lucasfilm,Paramount Pictures,,,United States of America,,
175000000,105864,English,51.692953,14-11-2015,331926147,01:33,Released,The Good Dinosaur,6.6,1736,Adventure,Animation,Family,,,Walt Disney Pictures,Pixar Animation Studios,,,United States of America,,
185000000,62177,English,125.114374,21-06-2012,538983207,01:33,Released,Brave,6.7,4641,Animation,Adventure,Comedy,Family,Action,Walt Disney Pictures,Pixar Animation Studios,,,United States of America,,
185000000,188927,English,65.352913,07-07-2016,343471816,02:02,Released,Star Trek Beyond,6.6,2568,Action,Adventure,Science Fiction,,,Paramount Pictures,Bad Robot,Perfect Storm Entertainment,Alibaba Pictures Group,United States of America,,
180000000,10681,English,66.390712,22-06-2008,521311860,01:38,Released,WALL·E,7.8,6296,Animation,Family,,,,Walt Disney Pictures,Pixar Animation Studios,FortyFour Studios,,United States of America,,
140000000,5174,English,22.57178,08-08-2007,258022233,01:31,Released,Rush Hour 3,6.1,783,Action,Comedy,Crime,Thriller,,New Line Cinema,,,,United States of America,,
200000000,14161,English,45.274225,10-10-2009,769653595,02:38,Released,2012,5.6,4903,Action,Adventure,Science Fiction,,,Columbia Pictures,Centropolis Entertainment,The Mark Gordon Company,Farewell Productions,Canada,United States of America,
200000000,17979,English,39.744242,04-11-2009,325233863,01:36,Released,A Christmas Carol,6.6,1095,Animation,Drama,,,,Walt Disney,ImageMovers,,,United States of America,,
176000003,76757,English,85.36908,04-02-2015,183987723,02:04,Released,Jupiter Ascending,5.2,2768,Science Fiction,Fantasy,Action,Adventure,,Village Roadshow Pictures,Dune Entertainment,Anarchos Productions,Warner Bros.,United States of America,,
180000000,258489,English,42.741719,29-06-2016,356743061,01:49,Released,The Legend of Tarzan,5.5,2430,Action,Adventure,,,,Village Roadshow Pictures,Dark Horse Entertainment,Jerry Weintraub Productions,RatPac-Dune Entertainment,Canada,United Kingdom,United States of America
180000000,411,English,67.391328,07-12-2005,748806957,02:23,Released,"The Chronicles of Narnia: The Lion, the Witch and the Wardrobe",6.7,2629,Adventure,Family,Fantasy,,,Walt Disney,Walden Media,,,United Kingdom,United States of America,
178000000,246655,English,139.272042,18-05-2016,543934787,02:24,Released,X-Men: Apocalypse,6.4,4721,Science Fiction,,,,,Twentieth Century Fox Film Corporation,Donners' Company,Marvel Entertainment,Bad Hat Harry Productions,United States of America,,
185000000,155,English,187.322927,16-07-2008,1004558444,02:32,Released,The Dark Knight,8.2,12002,Drama,Action,Crime,Thriller,,DC Comics,Legendary Pictures,Warner Bros.,DC Entertainment,United Kingdom,United States of America,
175000000,14160,English,92.201962,13-05-2009,735099082,01:36,Released,Up,7.7,6870,Animation,Comedy,Family,Adventure,,Pixar Animation Studios,,,,United States of America,,
175000000,15512,English,36.167578,19-03-2009,381509870,01:34,Released,Monsters vs Aliens,6,1423,Animation,Family,Adventure,Science Fiction,,DreamWorks Animation,,,,United States of America,,
140000000,1726,English,120.725053,30-04-2008,585174222,02:06,Released,Iron Man,7.4,8776,Action,Science Fiction,Adventure,,,Marvel Studios,,,,United States of America,,
170000000,44826,English,32.319043,22-11-2011,185770160,02:06,Released,Hugo,7,2141,Adventure,Drama,Family,,,Paramount Pictures,Infinitum Nihil,GK Films,,France,United States of America,United Kingdom
170000000,8487,English,40.748915,29-06-1999,222104681,01:46,Released,Wild Wild West,5.1,1020,Action,Adventure,Comedy,Science Fiction,Western,"Todman, Simon, LeMasters Productions",Warner Bros.,Peters Entertainment,Sonnenfeld Josephson Worldwide Entertainment,United States of America,,
145000000,1735,English,60.034162,01-07-2008,401128639,01:52,Released,The Mummy: Tomb of the Dragon Emperor,5.2,1387,Adventure,Action,Fantasy,,,Universal Pictures,China Film Co-Production Corporation,Relativity Media,Alphaville Films,Germany,United States of America,
175000000,297761,English,90.23792,02-08-2016,745000000,02:03,Released,Suicide Squad,5.9,7458,Action,Adventure,Crime,Fantasy,Science Fiction,DC Comics,Dune Entertainment,Atlas Entertainment,Warner Bros.,United States of America,,
175000000,2698,English,27.082182,09-06-2007,173000000,01:36,Released,Evan Almighty,5.3,1151,Fantasy,Comedy,Family,,,Columbia Pictures,Universal Pictures,Spyglass Entertainment,Shady Acres Entertainment,United States of America,,
178000000,137113,English,79.456485,27-05-2014,370541256,01:53,Released,Edge of Tomorrow,7.6,4858,Action,Science Fiction,,,,Village Roadshow Pictures,Warner Bros.,Viz Media,Province of British Columbia Production Services Tax Credit,Australia,United States of America,
175000000,9804,English,44.640292,28-07-1995,264218220,02:15,Released,Waterworld,5.9,992,Adventure,Action,,,,Universal Pictures,Gordon Company,Davis Entertainment,Licht/Mueller Film Corporation,United States of America,,
175000000,14869,English,32.852443,04-08-2009,302469017,01:58,Released,G.I. Joe: The Rise of Cobra,5.6,1962,Adventure,Action,Thriller,Science Fiction,,Paramount Pictures,Spyglass Entertainment,Di Bonaventura Pictures,Hasbro,Czech Republic,United States of America,
175000000,150540,English,128.655964,09-06-2015,857611174,01:34,Released,Inside Out,8,6560,Drama,Comedy,Animation,Family,,Walt Disney Pictures,Pixar Animation Studios,,,United States of America,,
175000000,278927,English,94.199316,07-04-2016,966550600,01:46,Released,The Jungle Book,6.7,2892,Family,Adventure,Drama,Fantasy,,Walt Disney Pictures,Walt Disney Studios Motion Pictures,Fairview Entertainment,Moving Picture Company (MPC),United Kingdom,United States of America,
200000000,10138,English,77.300194,28-04-2010,623933331,02:04,Released,Iron Man 2,6.6,6849,Adventure,Action,Science Fiction,,,Marvel Studios,,,,United States of America,,
170000000,58595,English,77.178973,30-05-2012,396600000,02:07,Released,Snow White and the Huntsman,5.8,3118,Adventure,Fantasy,Drama,,,Universal Pictures,Roth Films,,,United States of America,,
180000000,102651,English,110.620647,28-05-2014,758539785,01:37,Released,Maleficent,7,4496,Fantasy,Adventure,Action,Family,Romance,Walt Disney Pictures,Walt Disney Studios Motion Pictures,Roth Films,,United States of America,,
170000000,119450,English,243.791743,26-06-2014,710644566,02:10,Released,Dawn of the Planet of the Apes,7.3,4410,Science Fiction,Action,Drama,Thriller,,Ingenious Media,Chernin Entertainment,TSG Entertainment,,United States of America,,
27000000,79698,English,2.418535,13-02-2015,0,01:49,Released,The Lovers,4.8,34,Action,Adventure,Science Fiction,Romance,,Corsan,Bliss Media,Limelight International Media Entertainment,Neelmudra Entertainment,Australia,Belgium,India
175000000,64686,English,41.796339,06-12-2013,150962475,01:59,Released,47 Ronin,5.9,1326,Drama,Action,Adventure,Fantasy,,Mid Atlantic Films,Stuber Productions,Universal,Moving Picture Company (MPC),United States of America,,
170000000,100402,English,72.225265,20-03-2014,714766572,02:16,Released,Captain America: The Winter Soldier,7.6,5764,Action,Adventure,Science Fiction,,,Marvel Studios,,,,United States of America,,
165000000,10192,English,44.041186,16-05-2010,752600867,01:33,Released,Shrek Forever After,6,1959,Comedy,Adventure,Fantasy,Animation,Family,DreamWorks Animation,,,,United States of America,,
190000000,158852,English,130.311355,19-05-2015,209154322,02:10,Released,Tomorrowland,6.2,2846,Adventure,Family,Mystery,Science Fiction,,Walt Disney Pictures,Babieka,A113,,United States of America,,
165000000,177572,English,203.73459,24-10-2014,652105443,01:42,Released,Big Hero 6,7.8,6135,Adventure,Family,Animation,Action,Comedy,Walt Disney Pictures,Walt Disney Animation Studios,,,United States of America,,
165000000,82690,English,62.341073,01-11-2012,471222889,01:48,Released,Wreck-It Ralph,7.1,4570,Family,Animation,Comedy,Adventure,,Walt Disney Animation Studios,,,,United States of America,,
165000000,5255,English,47.323228,10-11-2004,305875730,01:40,Released,The Polar Express,6.4,1474,Adventure,Animation,Family,Fantasy,,Golden Mean,Playtone,ImageMovers,,United States of America,,
165000000,47933,English,48.775723,22-06-2016,389681935,02:00,Released,Independence Day: Resurgence,4.9,2491,Action,Adventure,Science Fiction,,,Twentieth Century Fox Film Corporation,Centropolis Entertainment,TSG Entertainment,Stereo D,United States of America,,
165000000,10191,English,67.263269,05-03-2010,494878759,01:38,Released,How to Train Your Dragon,7.5,4227,Fantasy,Adventure,Animation,Family,,DreamWorks Animation,Vertigo Entertainment,Mad Hatter Entertainment,,United States of America,,
200000000,296,English,69.405188,02-07-2003,435000000,01:49,Released,Terminator 3: Rise of the Machines,5.9,2143,Action,Thriller,Science Fiction,,,Columbia Pictures,Intermedia Films,Warner Bros.,C-2 Pictures,Germany,United Kingdom,United States of America
170000000,118340,English,481.098624,30-07-2014,773328629,02:01,Released,Guardians of the Galaxy,7.9,9742,Action,Science Fiction,Adventure,,,Marvel Studios,Moving Picture Company (MPC),Bulletproof Cupid,Revolution Sun Studios,United Kingdom,United States of America,
165000000,157336,English,724.247784,05-11-2014,675120017,02:49,Released,Interstellar,8.1,10867,Adventure,Drama,Science Fiction,,,Paramount Pictures,Legendary Pictures,Warner Bros.,Syncopy,Canada,United States of America,United Kingdom
160000000,27205,English,167.58371,14-07-2010,825532764,02:28,Released,Inception,8.1,13752,Action,Thriller,Science Fiction,Mystery,Adventure,Legendary Pictures,Warner Bros.,Syncopy,,United Kingdom,United States of America,
15000000,315011,Japanese,9.476999,29-07-2016,77000000,02:00,Released,Shin Godzilla,6.5,143,Action,Adventure,Drama,Horror,Science Fiction,Cine Bazar,Toho Pictures,,,Japan,,
250000000,49051,English,108.849621,26-11-2012,1021103568,02:49,Released,The Hobbit: An Unexpected Journey,7,8297,Adventure,Fantasy,Action,,,WingNut Films,New Line Cinema,Warner Bros. Pictures,Metro-Goldwyn-Mayer (MGM),New Zealand,United States of America,
38000000,9799,English,6.909942,22-06-2001,207283925,01:46,Released,The Fast and the Furious,6.6,3428,Action,Crime,Thriller,,,Universal Pictures,Original Film,Ardustry Entertainment,Mediastream Film GmbH & Co. Productions KG,Germany,United States of America,
150000000,4922,English,60.269279,24-11-2008,333932083,02:46,Released,The Curious Case of Benjamin Button,7.3,3292,Fantasy,Drama,Thriller,Mystery,Romance,Paramount Pictures,Warner Bros.,"Kennedy/Marshall Company, The",,United States of America,,
160000000,49538,English,3.195174,24-05-2011,353624124,02:12,Released,X-Men: First Class,7.1,5181,Action,Science Fiction,Adventure,,,Ingenious Film Partners,Ingenious Media,Twentieth Century Fox Film Corporation,Donners' Company,United States of America,,
160000000,131634,English,127.284427,18-11-2015,653428261,02:17,Released,The Hunger Games: Mockingjay - Part 2,6.6,3984,Action,Adventure,Science Fiction,,,Studio Babelsberg,Lionsgate,Color Force,,Germany,United States of America,
150000000,27022,English,35.580815,13-07-2010,215283742,01:49,Released,The Sorcerer's Apprentice,5.8,1470,Fantasy,Adventure,Action,Comedy,Drama,Walt Disney Pictures,Jerry Bruckheimer Films,Saturn Films,Broken Road Productions,United States of America,,
160000000,503,English,21.133748,12-05-2006,181674817,01:39,Released,Poseidon,5.5,583,Adventure,Action,Drama,Thriller,,Virtual Studios,Next Entertainment,Warner Bros.,Irwin Allen Productions,United States of America,,
170000000,241259,English,56.268916,25-05-2016,299370084,01:53,Released,Alice Through the Looking Glass,6.5,1725,Fantasy,,,,,Walt Disney Pictures,Team Todd,Tim Burton Productions,Roth Films,United Kingdom,United States of America,
160000000,810,English,42.986467,17-05-2007,798958165,01:33,Released,Shrek the Third,6,2278,Fantasy,Adventure,Animation,Comedy,Family,DreamWorks SKG,DreamWorks Animation,,,United States of America,,
160000000,68735,English,63.148529,25-05-2016,433677183,02:03,Released,Warcraft,6.3,2268,Action,Adventure,Fantasy,,,Universal Pictures,Atlas Entertainment,Legendary Pictures,Blizzard Entertainment,Canada,China,Japan
155000000,87101,English,202.042635,23-06-2015,440603537,02:06,Released,Terminator Genisys,5.8,3631,Science Fiction,Action,Thriller,Adventure,,Paramount Pictures,Annapurna Pictures,Skydance Media,,United States of America,,
155000000,10140,English,49.661984,13-08-2010,415686217,01:53,Released,The Chronicles of Narnia: The Voyage of the Dawn Treader,6.2,1514,Adventure,Family,Fantasy,,,Dune Entertainment,Fox 2000 Pictures,Walden Media,,United States of America,,
140000000,676,English,34.20669,21-05-2001,449220945,03:03,Released,Pearl Harbor,6.6,1791,History,Romance,War,,,Jerry Bruckheimer Films,Touchstone Pictures,,,United States of America,,
150000000,1858,English,25.468493,27-06-2007,709709780,02:24,Released,Transformers,6.6,4040,Adventure,Science Fiction,Action,,,Paramount Pictures,DreamWorks SKG,Amblin Entertainment,Di Bonaventura Pictures,United States of America,,
155000000,1966,English,39.019229,21-11-2004,167298192,02:55,Released,Alexander,5.6,927,War,History,Action,Adventure,Drama,France 3 Cin\u00e9ma,Intermedia Films,Path\u00e9 Renn Productions,Egmond Film & Television,France,Germany,Italy
150000000,675,English,78.144395,28-06-2007,938212738,02:18,Released,Harry Potter and the Order of the Phoenix,7.4,5494,Adventure,Fantasy,Family,Mystery,,Warner Bros.,Heyday Films,,,United Kingdom,United States of America,
150000000,674,English,101.250416,05-11-2005,895921036,02:37,Released,Harry Potter and the Goblet of Fire,7.5,5608,Adventure,Fantasy,Family,,,Patalex IV Productions Limited,Warner Bros.,Heyday Films,,United Kingdom,United States of America,
150000000,8960,English,56.758411,01-07-2008,624029371,01:32,Released,Hancock,6.2,2961,Fantasy,Action,,,,Columbia Pictures,Weed Road Pictures,Forward Pass,Relativity Media,United States of America,,
150000000,6479,English,70.867401,14-12-2007,585349010,01:41,Released,I Am Legend,6.9,4853,Drama,Horror,Action,Thriller,Science Fiction,Village Roadshow Pictures,Original Film,Weed Road Pictures,Warner Bros.,United States of America,,
150000000,118,English,53.905592,13-07-2005,474968763,01:55,Released,Charlie and the Chocolate Factory,6.7,3624,Adventure,Comedy,Family,Fantasy,,Village Roadshow Pictures,The Zanuck Company,Warner Bros.,Tim Burton Productions,Australia,United Kingdom,United States of America
150000000,2062,English,65.677399,22-06-2007,623722818,01:51,Released,Ratatouille,7.5,4369,Animation,Comedy,Family,Fantasy,,Walt Disney Pictures,Pixar Animation Studios,,,United States of America,,
150000000,272,English,115.040024,10-06-2005,374218673,02:20,Released,Batman Begins,7.5,7359,Action,Crime,Drama,,,DC Comics,Legendary Pictures,Warner Bros.,DC Entertainment,United Kingdom,United States of America,
150000000,10527,English,44.141021,30-10-2008,603900354,01:29,Released,Madagascar: Escape 2 Africa,6.2,1810,Family,Animation,,,,DreamWorks Animation,,,,United States of America,,
150000000,18360,English,81.781591,20-05-2009,413106170,01:45,Released,Night at the Museum: Battle of the Smithsonian,5.9,1971,Adventure,Fantasy,Action,Comedy,Family,Twentieth Century Fox Film Corporation,1492 Pictures,Dune Entertainment,21 Laps Entertainment,United States of America,Canada,
150000000,2080,English,5.954334,28-04-2009,373062864,01:47,Released,X-Men Origins: Wolverine,6.2,4021,Adventure,Action,Thriller,Science Fiction,,Ingenious Film Partners,Twentieth Century Fox Film Corporation,Donners' Company,Dune Entertainment,United States of America,,
150000000,605,English,73.313918,05-11-2003,424988211,02:09,Released,The Matrix Revolutions,6.4,3096,Adventure,Action,Thriller,Science Fiction,,Village Roadshow Pictures,NPV Entertainment,Silver Pictures,Warner Bros.,United States of America,Australia,
150000000,109445,English,165.125366,27-11-2013,1274219009,01:42,Released,Frozen,7.3,5295,Animation,Adventure,Family,,,Walt Disney Pictures,Walt Disney Animation Studios,,,United States of America,,
150000000,604,English,70.78591,15-05-2003,738599701,02:18,Released,The Matrix Reloaded,6.7,3443,Adventure,Action,Thriller,Science Fiction,,Village Roadshow Pictures,NPV Entertainment,Heineken Branded Entertainment,Silver Pictures,Australia,United States of America,
170000000,76338,English,99.499595,29-10-2013,644571402,01:52,Released,Thor: The Dark World,6.8,4755,Action,Adventure,Fantasy,,,Marvel Studios,,,,United States of America,,
150000000,76341,English,434.278564,13-05-2015,378858340,02:00,Released,Mad Max: Fury Road,7.2,9427,Action,Adventure,Science Fiction,Thriller,,Village Roadshow Pictures,Kennedy Miller Productions,Warner Bros.,,Australia,United States of America,
150000000,13448,English,67.447636,13-05-2009,356613439,02:18,Released,Angels & Demons,6.5,2129,Thriller,Mystery,,,,Columbia Pictures,Imagine Entertainment,Panorama Films,Skylark Productions,Italy,United States of America,
150000000,10195,English,86.493424,21-04-2011,449326618,01:55,Released,Thor,6.6,6525,Adventure,Fantasy,Action,,,Marvel Studios,,,,United States of America,,
150000000,13053,English,41.845878,21-11-2008,309979994,01:38,Released,Bolt,6.3,1750,Animation,Family,Adventure,Comedy,,Walt Disney Animation Studios,,,,United States of America,,
150000000,19585,English,26.710398,21-07-2009,292817841,01:28,Released,G-Force,5.1,510,Fantasy,Action,Adventure,Family,Comedy,Walt Disney Pictures,Jerry Bruckheimer Films,Whamaphram Productions,,United States of America,,
150000000,57165,English,44.927635,27-03-2012,301000000,01:39,Released,Wrath of the Titans,5.5,1431,Adventure,,,,,Legendary Pictures,Thunder Road Pictures,Warner Bros.,Cott Productions,Spain,United States of America,
150000000,62213,English,50.306728,08-05-2012,245527149,01:53,Released,Dark Shadows,5.7,2320,Comedy,Fantasy,,,,Village Roadshow Pictures,Infinitum Nihil,GK Films,Warner Bros.,Australia,United States of America,
150000000,177677,English,114.522237,23-07-2015,682330139,02:11,Released,Mission: Impossible - Rogue Nation,7.1,3224,Action,Adventure,Thriller,,,Paramount Pictures,Skydance Productions,China Movie Channel,Bad Robot,China,United States of America,
150000000,7978,English,21.214571,11-02-2010,0,01:42,Released,The Wolfman,5.5,549,Drama,Horror,Thriller,,,Universal Pictures,Stuber Productions,Relativity Media,,United States of America,,
150000000,5559,English,29.332905,28-10-2007,287594577,01:31,Released,Bee Movie,5.7,1171,Family,Animation,Adventure,Comedy,,Pacific Data Images (PDI),DreamWorks Animation,Columbus 81 Productions,,United States of America,,
150000000,49444,English,51.247321,25-05-2011,665692281,01:31,Released,Kung Fu Panda 2,6.7,1880,Animation,Family,,,,DreamWorks Animation,,,,United States of America,,
150000000,10196,English,33.769336,30-06-2010,318502923,01:43,Released,The Last Airbender,4.7,1151,Action,Adventure,Family,Fantasy,,Paramount Pictures,Nickelodeon Movies,"Kennedy/Marshall Company, The",Industrial Light & Magic (ILM),United States of America,,
150000000,956,English,63.079003,03-05-2006,397850012,02:06,Released,Mission: Impossible III,6.5,2028,Adventure,Action,Thriller,,,Paramount Pictures,Cruise/Wagner Productions,Studio Babelsberg,MI 3 Film,China,Germany,United States of America
150000000,117251,English,39.004588,27-06-2013,205366737,02:11,Released,White House Down,6.4,1891,Action,Drama,Thriller,,,Columbia Pictures,Centropolis Entertainment,Iron Horse Entertainment (II),Mythology Entertainment (II),United States of America,,
150000000,50321,English,12.362599,09-03-2011,38992758,01:28,Released,Mars Needs Moms,5.5,199,Adventure,Animation,Family,,,Walt Disney Animation Studios,,,,United States of America,,
149000000,11619,English,22.550135,22-10-2006,64459316,01:25,Released,Flushed Away,6,874,Adventure,Animation,Comedy,Family,,Aardman Animations,DreamWorks Animation,,,United Kingdom,United States of America,
150000000,266647,English,48.03528,24-09-2015,128388320,01:51,Released,Pan,5.9,954,Adventure,Family,Fantasy,,,Warner Bros.,Moving Picture Company (MPC),Berlanti Productions,RatPac-Dune Entertainment,United States of America,,
145000000,82703,English,38.73494,07-02-2014,272912430,01:32,Released,Mr. Peabody & Sherman,6.7,843,Animation,Adventure,Family,,,Pacific Data Images (PDI),DreamWorks Animation,Classic Media Productions,Bullwinkle Studios,United States of America,,
175000000,652,English,66.803149,13-05-2004,497409852,02:43,Released,Troy,6.9,2759,Adventure,Drama,War,,,Plan B Entertainment,Warner Bros.,Nimar Studios,Radiant Productions,United States of America,Malta,United Kingdom
145000000,80321,English,44.989192,06-06-2012,746921274,01:33,Released,Madagascar 3: Europe's Most Wanted,6.4,1808,Animation,Family,,,,DreamWorks Animation,,,,United States of America,,
140000000,36669,English,54.159392,17-11-2002,431971116,02:13,Released,Die Another Day,5.8,1092,Adventure,Action,Thriller,,,Eon Productions,,,,United Kingdom,United States of America,
144000000,43074,English,66.21806,14-07-2016,229147509,01:56,Released,Ghostbusters,5.3,2142,Action,Fantasy,Comedy,,,Columbia Pictures,Village Roadshow Pictures,"Montecito Picture Company, The",LStar Capital,United States of America,,
140000000,95,English,58.485967,01-07-1998,553799566,02:31,Released,Armageddon,6.4,2482,Action,Thriller,Science Fiction,Adventure,,Jerry Bruckheimer Films,Touchstone Pictures,Valhalla Motion Pictures,,United States of America,,
140000000,608,English,91.332849,03-07-2002,441818803,01:28,Released,Men in Black II,6,3114,Action,Adventure,Comedy,Science Fiction,,Columbia Pictures,Amblin Entertainment,Columbia Pictures Corporation,Parkes+MacDonald Image Nation,United States of America,,
70000000,2310,English,35.601665,05-11-2007,195735876,01:55,Released,Beowulf,5.5,841,Adventure,Action,Animation,,,Paramount Pictures,Shangri-La Entertainment,ImageMovers,Paramount Animation,United States of America,,
145000000,140300,English,56.747978,23-01-2016,521170825,01:35,Released,Kung Fu Panda 3,6.7,1603,Action,Adventure,Animation,Comedy,Family,Twentieth Century Fox Film Corporation,DreamWorks Animation,China Film Co.,Oriental DreamWorks,China,United States of America,
145000000,56292,English,77.77477,07-12-2011,694713380,02:13,Released,Mission: Impossible - Ghost Protocol,6.8,3972,Action,Thriller,Adventure,,,Paramount Pictures,Skydance Productions,Bad Robot,TC Productions,Czech Republic,United States of America,United Arab Emirates
145000000,81188,English,61.788035,21-11-2012,306941670,01:37,Released,Rise of the Guardians,7.1,1922,Fantasy,Animation,Family,,,DreamWorks Animation,,,,United States of America,,
100000000,7552,English,25.159168,21-12-2005,202026112,01:30,Released,Fun with Dick and Jane,5.9,627,Comedy,,,,,Imagine Entertainment,Columbia Pictures Corporation,JC 23 Entertainment,,United States of America,,
140000000,616,English,52.341226,05-12-2003,456758981,02:34,Released,The Last Samurai,7.3,1895,Drama,Action,War,History,,Cruise/Wagner Productions,Warner Bros.,Radar Pictures,"Bedford Falls Company, The",Japan,United States of America,New Zealand
140000000,147441,English,101.599427,03-12-2014,268031828,02:30,Released,Exodus: Gods and Kings,5.6,1921,Adventure,Drama,Action,,,Scott Free Productions,Chernin Entertainment,Babieka,Volcano Films,Spain,United Kingdom,United States of America
150000000,13475,English,73.616808,06-05-2009,385680446,02:07,Released,Star Trek,7.4,4518,Science Fiction,Action,Adventure,,,Paramount Pictures,Spyglass Entertainment,Bad Robot,MavroCine Pictures GmbH & Co. KG,Germany,United States of America,
139000000,557,English,82.502566,01-05-2002,821708551,02:01,Released,Spider-Man,6.8,5265,Fantasy,Action,,,,Columbia Pictures,Marvel Enterprises,,,United States of America,,
145000000,82702,English,100.21391,12-06-2014,609123048,01:42,Released,How to Train Your Dragon 2,7.6,3106,Fantasy,Action,Adventure,Animation,Comedy,DreamWorks Animation,Mad Hatter Entertainment,,,United States of America,,
140000000,205584,English,56.257249,25-02-2016,150680864,02:07,Released,Gods of Egypt,5.3,1277,Fantasy,,,,,Summit Entertainment,Mystery Clock Cinema,Thunder Road Pictures,TIK Films,Australia,United States of America,
135000000,10048,English,17.88953,28-07-2005,76932943,02:01,Released,Stealth,4.9,331,Action,,,,,Laura Ziskin Productions,Original Film,Columbia Pictures Corporation,Phoenix Pictures,United States of America,,
130000000,13183,English,64.798873,05-03-2009,185258983,02:43,Released,Watchmen,7,2811,Action,Mystery,Science Fiction,,,Paramount Pictures,DC Comics,Lawrence Gordon Productions,Legendary Pictures,United States of America,,
140000000,944,English,24.855701,10-07-1998,285444603,02:07,Released,Lethal Weapon 4,6.3,767,Action,Adventure,Comedy,Crime,Thriller,Silver Pictures,Donner/Shuler-Donner Productions,Warner Bros.,,United States of America,,
137000000,1927,English,34.981698,19-06-2003,245360480,02:18,Released,Hulk,5.3,1533,Drama,Action,Science Fiction,,,Universal Pictures,Good Machine,Valhalla Motion Pictures,Marvel Enterprises,United States of America,,
130000000,72559,English,59.325589,26-03-2013,371876278,01:50,Released,G.I. Joe: Retaliation,5.4,3025,Adventure,Action,Science Fiction,Thriller,,Paramount Pictures,Di Bonaventura Pictures,Hasbro,Skydance Productions,United States of America,,
130000000,7364,English,21.605568,06-04-2005,119269486,02:04,Released,Sahara,5.7,434,Action,Adventure,Comedy,Drama,Mystery,Paramount Pictures,Bristol Bay Productions,Baldwin Entertainment Group,Desertlands Entertainment,Germany,Spain,United Kingdom
137000000,2114,English,26.074908,02-07-2001,85131830,01:46,Released,Final Fantasy: The Spirits Within,5.9,433,Adventure,Action,Animation,Fantasy,Science Fiction,Columbia Pictures,Square USA,Chris Lee Productions,,Japan,United States of America,
140000000,1771,English,74.506246,22-07-2011,370569774,02:04,Released,Captain America: The First Avenger,6.6,7047,Action,Adventure,Science Fiction,,,Marvel Studios,,,,United States of America,,
135000000,36643,English,39.604363,08-11-1999,361832400,02:08,Released,The World Is Not Enough,6,862,Adventure,Action,Thriller,,,Eon Productions,Metro-Goldwyn-Mayer (MGM),,,United Kingdom,United States of America,
150000000,8619,English,36.973031,14-11-2003,212011111,02:18,Released,Master and Commander: The Far Side of the World,6.9,790,Adventure,,,,,Universal Pictures,Twentieth Century Fox Film Corporation,Samuel Goldwyn Films,Miramax,United States of America,,
120000000,50620,English,99.687084,13-11-2012,829000000,01:55,Released,The Twilight Saga: Breaking Dawn - Part 2,6.1,2553,Adventure,Fantasy,Drama,Romance,,Summit Entertainment,Sunswept Entertainment,Temple Hill Entertainment,,United States of America,,
130000000,65759,English,17.7735,17-11-2011,150406466,01:40,Released,Happy Feet Two,5.8,373,Animation,Comedy,Family,,,Village Roadshow Pictures,Warner Bros.,Dr D Studios,Kennedy Miller Mitchell,Australia,,
150000000,1724,English,62.898336,12-06-2008,163712074,01:54,Released,The Incredible Hulk,6.1,3021,Science Fiction,Action,Adventure,,,Universal Pictures,Marvel Studios,Valhalla Motion Pictures,MVL Incredible Productions,United States of America,,
140000000,267935,English,44.19092,01-06-2016,183345589,02:00,Released,The BFG,6,1000,Adventure,Family,Fantasy,,,Walt Disney Pictures,Amblin Entertainment,Reliance Entertainment,"Kennedy/Marshall Company, The",India,United States of America,
135000000,281957,English,100.635882,25-12-2015,532950503,02:36,Released,The Revenant,7.3,6396,Western,Drama,Adventure,Thriller,,Regency Enterprises,Appian Way,CatchPlay,Anonymous Content,Canada,Hong Kong,Taiwan
135000000,77950,English,44.765377,11-07-2013,282570682,01:36,Released,Turbo,6.1,1074,Animation,Family,,,,DreamWorks Animation,,,,United States of America,,
135000000,44896,English,29.91353,02-03-2011,245724603,01:47,Released,Rango,6.6,2051,Animation,Comedy,Family,Western,Adventure,Paramount Pictures,Nickelodeon Movies,GK Films,Blind Wink,United States of America,,
132000000,270946,English,84.366984,22-11-2014,373552094,01:32,Released,Penguins of Madagascar,6.5,1346,Family,Animation,Adventure,Comedy,,DreamWorks Animation,,,,United States of America,,
70000000,2503,English,45.381501,03-08-2007,442824138,01:55,Released,The Bourne Ultimatum,7.3,2888,Action,Drama,Mystery,Thriller,,Universal Pictures,The Kennedy/Marshall Company,Ludlum Entertainment,Motion Picture BETA Produktionsgesellschaft,Germany,United States of America,
130000000,9502,English,84.689648,04-06-2008,631744560,01:30,Released,Kung Fu Panda,6.9,3145,Adventure,Animation,Family,Comedy,,DreamWorks Animation,,,,United States of America,,
130000000,102899,English,120.09361,14-07-2015,519311965,01:57,Released,Ant-Man,7,5880,Science Fiction,Action,Adventure,,,Marvel Studios,,,,United States of America,,
130000000,101299,English,76.310119,15-11-2013,847423452,02:26,Released,The Hunger Games: Catching Fire,7.4,6495,Adventure,Action,Science Fiction,,,Lionsgate,Color Force,,,United States of America,,
135000000,228161,English,63.473086,18-03-2015,368871007,01:34,Released,Home,6.8,1519,Fantasy,Comedy,Animation,Science Fiction,Family,Twentieth Century Fox Film Corporation,DreamWorks Animation,,,United States of America,,
132000000,74,English,48.572726,28-06-2005,591739379,01:56,Released,War of the Worlds,6.2,2322,Adventure,Thriller,Science Fiction,,,Paramount Pictures,DreamWorks SKG,Cruise/Wagner Productions,Amblin Entertainment,United States of America,,
130000000,8961,English,38.068736,18-07-2003,273339556,02:27,Released,Bad Boys II,6.3,1564,Adventure,Action,Comedy,Thriller,Crime,Columbia Pictures Corporation,Don Simpson/Jerry Bruckheimer Films,,,United States of America,,
130000000,417859,English,20.678787,28-10-2011,554987477,01:30,Released,Puss in Boots,6.4,451,Action,Adventure,Animation,Family,Fantasy,DreamWorks,,,,United States of America,,
110000000,27576,English,48.829437,21-07-2010,293329073,01:40,Released,Salt,6.2,2093,Action,Mystery,Thriller,,,Columbia Pictures,Di Bonaventura Pictures,Relativity Media,Wintergreen Productions,United States of America,,
125000000,86834,English,46.115758,20-03-2014,362637473,02:19,Released,Noah,5.6,2350,Drama,Adventure,,,,Paramount Pictures,Regency Enterprises,Protozoa Pictures,Disruption Entertainment,United States of America,,
130000000,17578,English,89.938296,25-10-2011,371940071,01:47,Released,The Adventures of Tintin,6.7,2061,Adventure,Animation,Mystery,,,Paramount Pictures,Columbia Pictures,WingNut Films,Amblin Entertainment,New Zealand,United States of America,
130000000,673,English,79.679601,31-05-2004,789804554,02:21,Released,Harry Potter and the Prisoner of Azkaban,7.7,5877,Adventure,Fantasy,Family,,,1492 Pictures,Heyday films,Warner Bros.,,United Kingdom,United States of America,
130000000,6972,English,28.840997,18-11-2008,49554002,02:45,Released,Australia,6.3,694,Drama,,,,,Bazmark Films,Ingenious Film Partners,Twentieth Century Fox Film Corporation,Dune Entertainment III,Australia,United States of America,United Kingdom
130000000,82700,English,42.840582,30-05-2013,243843127,01:40,Released,After Earth,5,2532,Science Fiction,Action,Adventure,,,Columbia Pictures,Blinding Edge Pictures,Overbrook Entertainment,,United States of America,,
127500000,10567,English,26.548594,19-05-2000,354248063,01:22,Released,Dinosaur,6.2,542,Animation,Family,,,,Walt Disney Pictures,Walt Disney Feature Animation,,,United States of America,,
127000000,181533,English,115.597753,17-12-2014,349424282,01:37,Released,Night at the Museum: Secret of the Tomb,6.1,1851,Adventure,Comedy,Fantasy,Family,,Twentieth Century Fox Film Corporation,1492 Pictures,21 Laps Entertainment,Moving Picture Company (MPC),United Kingdom,United States of America,
130000000,38055,English,68.757242,28-10-2010,321887208,01:35,Released,Megamind,6.7,1918,Animation,Action,Comedy,Family,Science Fiction,DreamWorks Animation,,,,United States of America,,
125000000,671,English,109.984351,16-11-2001,976475550,02:32,Released,Harry Potter and the Philosopher's Stone,7.5,7006,Adventure,Fantasy,Family,,,1492 Pictures,Warner Bros.,Heyday Films,,United Kingdom,United States of America,
130000000,49524,English,39.448066,18-07-2013,61648500,01:36,Released,R.I.P.D.,5.4,1260,Fantasy,Action,Comedy,Crime,,Universal Pictures,Original Film,Dark Horse Entertainment,,United States of America,,
140000000,22,English,271.972889,09-07-2003,655011224,02:23,Released,Pirates of the Caribbean: The Curse of the Black Pearl,7.5,6985,Adventure,Fantasy,Action,,,Walt Disney Pictures,Jerry Bruckheimer Films,,,United States of America,,
125000000,131631,English,206.227151,18-11-2014,752100229,02:03,Released,The Hunger Games: Mockingjay - Part 1,6.6,5584,Science Fiction,Adventure,Thriller,,,Lionsgate,Color Force,,,United States of America,,
125000000,591,English,45.313197,17-05-2006,767820459,02:29,Released,The Da Vinci Code,6.5,2704,Thriller,Mystery,,,,Columbia Pictures,Imagine Entertainment,Skylark Productions,Government of Malta,United States of America,Malta,France
103000000,172385,English,42.40024,19-03-2014,500188435,01:42,Released,Rio 2,6.3,978,Animation,Adventure,Comedy,Family,,Blue Sky Studios,Twentieth Century Fox Animation,,,United States of America,,
110000000,36658,English,2.871739,24-04-2003,407711549,02:13,Released,X2,6.8,3506,Adventure,Action,Science Fiction,Thriller,,Twentieth Century Fox Film Corporation,Donners' Company,Bad Hat Harry Productions,Marvel Enterprises,United States of America,,
125000000,51497,English,7.255718,20-04-2011,626137675,02:10,Released,Fast Five,7.1,2438,Action,Thriller,Crime,,,Universal Pictures,Original Film,One Race Productions,,United States of America,,
125000000,58574,English,81.499621,22-11-2011,334615000,02:09,Released,Sherlock Holmes: A Game of Shadows,7,3886,Adventure,Action,Crime,Mystery,,Village Roadshow Pictures,Silver Pictures,Lin Pictures,Warner Bros.,United States of America,,
125000000,18823,English,47.686442,01-04-2010,232713139,01:46,Released,Clash of the Titans,5.6,2233,Adventure,Fantasy,Action,,,The Zanuck Company,Legendary Pictures,Thunder Road Pictures,Warner Bros.,United States of America,,
65000000,861,English,43.129703,01-06-1990,261317921,01:53,Released,Total Recall,7.1,1710,Action,Adventure,Science Fiction,,,TriStar Pictures,Carolco Pictures,Carolco International N.V.,,United States of America,,
160000000,1911,English,27.220157,27-08-1999,61698899,01:42,Released,The 13th Warrior,6.4,510,Adventure,Fantasy,Action,,,Touchstone Pictures,,,,United States of America,,
130000000,49040,English,90.33681,08-08-2012,276572938,02:00,Released,The Bourne Legacy,6,2651,Action,Thriller,,,,Universal Pictures,Dentsu,Relativity Media,"Kennedy/Marshall Company, The",United States of America,,
125000000,415,English,50.073575,20-06-1997,238207122,02:05,Released,Batman & Robin,4.2,1418,Action,Crime,Fantasy,,,PolyGram Filmed Entertainment,Warner Bros.,,,United Kingdom,United States of America,
123000000,8871,English,45.419668,17-11-2000,345141403,01:44,Released,How the Grinch Stole Christmas,6.2,1386,Family,Comedy,Fantasy,,,Imagine Entertainment,Universal Pictures,,,Germany,United States of America,
125000000,435,English,41.380094,26-05-2004,544272402,02:04,Released,The Day After Tomorrow,6.2,2392,Action,Adventure,Science Fiction,Thriller,,Lions Gate Films,Twentieth Century Fox Film Corporation,Centropolis Entertainment,Mark Gordon Productions,United States of America,,
125000000,955,English,54.931334,24-05-2000,546388105,02:03,Released,Mission: Impossible II,5.9,1928,Adventure,Action,Thriller,,,Paramount Pictures,Cruise/Wagner Productions,Munich Film Partners & Company (MFP) MI2 Productions,,Germany,United States of America,
120000000,2133,English,25.752118,15-03-2000,325756637,02:10,Released,The Perfect Storm,6.2,597,Drama,,,,,Warner Bros.,Baltimore Spring Creek Productions,Radiant Productions,,United States of America,,
130000000,1979,English,60.810723,13-06-2007,289047763,01:32,Released,Fantastic 4: Rise of the Silver Surfer,5.4,2589,Adventure,Fantasy,Action,Thriller,,Ingenious Film Partners,Twentieth Century Fox Film Corporation,1492 Pictures,Dune Entertainment,Germany,United Kingdom,United States of America
120000000,87827,English,51.328145,20-11-2012,609016565,02:07,Released,Life of Pi,7.2,5797,Adventure,Drama,Action,,,Ingenious Film Partners,Ingenious Media,Dune Entertainment,Fox 2000 Pictures,United States of America,Taiwan,United Kingdom
110000000,1250,English,46.834704,16-02-2007,228738393,01:54,Released,Ghost Rider,5.2,1712,Thriller,Action,Fantasy,Horror,,Columbia Pictures Corporation,Relativity Media,Michael De Luca Productions,Marvel Enterprises,United States of America,Australia,
120000000,324668,English,62.641286,27-07-2016,415484914,02:03,Released,Jason Bourne,5.9,2341,Action,Thriller,,,,The Kennedy/Marshall Company,Captivate Entertainment,Pearl Street Films,Double Negative,United Kingdom,United States of America,China
120000000,9471,English,33.616115,27-06-2003,259175788,01:46,Released,Charlie's Angels: Full Throttle,5.2,914,Action,Adventure,Comedy,,,Columbia Pictures,Wonderland Sound and Vision,Tall Trees Productions,Flower Films (II),United States of America,,
130000000,70981,English,68.889395,30-05-2012,403170142,02:04,Released,Prometheus,6.3,5080,Science Fiction,Adventure,Mystery,,,Twentieth Century Fox Film Corporation,Dune Entertainment,Scott Free Productions,Brandywine Productions,United Kingdom,United States of America,
120000000,10996,English,27.990284,19-07-2002,169956806,01:18,Released,Stuart Little 2,5.4,613,Family,Adventure,Animation,Comedy,,Columbia Pictures,Sony Pictures Entertainment,,,United States of America,,
115000000,68724,English,67.33767,07-08-2013,286140700,01:49,Released,Elysium,6.4,3439,Science Fiction,Action,Drama,Thriller,,TriStar Pictures,Media Rights Capital,Sony Pictures Entertainment (SPE),QED International,United States of America,,
105000000,2789,English,27.835436,11-06-2004,115772733,01:59,Released,The Chronicles of Riddick,6.3,1570,Action,Science Fiction,,,,One Race Films,Radar Pictures,,,United States of America,,
120000000,97020,English,66.757869,30-01-2014,242688965,01:42,Released,RoboCop,5.7,2342,Action,Science Fiction,,,,Columbia Pictures,Strike Entertainment,Metro-Goldwyn-Mayer (MGM),,Canada,United States of America,
120000000,7459,English,17.060695,09-05-2008,93945766,02:15,Released,Speed Racer,5.7,354,Action,Family,Science Fiction,,,Village Roadshow Pictures,Studio Babelsberg,Anarchos Productions,Silver Pictures,Australia,Germany,United States of America
120000000,42888,English,11.137655,17-12-2010,48668907,02:01,Released,How Do You Know,4.9,223,Comedy,Drama,Romance,,,Columbia Pictures,Gracie Films,Road Rebel,,United States of America,,
117000000,37834,English,44.906918,15-06-2010,261930431,01:49,Released,Knight and Day,5.9,1547,Action,Comedy,,,,Tree Line Films,Twentieth Century Fox Film Corporation,Dune Entertainment,Regency Enterprises,United States of America,,
120000000,75612,English,67.698004,10-04-2013,286168572,02:04,Released,Oblivion,6.4,4800,Action,Science Fiction,Adventure,Mystery,,Universal Pictures,Chernin Entertainment,Relativity Media,Monolith Pictures (III),United States of America,,
113000000,1895,English,44.108427,17-05-2005,850000000,02:20,Released,Star Wars: Episode III - Revenge of the Sith,7.1,4116,Science Fiction,Adventure,Action,,,Lucasfilm,,,,United States of America,,
120000000,1894,English,43.987061,15-05-2002,649398328,02:22,Released,Star Wars: Episode II - Attack of the Clones,6.4,3992,Adventure,Action,Science Fiction,,,Lucasfilm,,,,United States of America,,
115000000,585,English,106.815545,01-11-2001,562816256,01:32,Released,"Monsters, Inc.",7.5,5996,Animation,Comedy,Family,,,Walt Disney Pictures,Pixar Animation Studios,,,United States of America,,
120000000,76170,English,15.953444,23-07-2013,415440673,02:06,Released,The Wolverine,6.3,4053,Action,Science Fiction,Adventure,Fantasy,,Twentieth Century Fox Film Corporation,Donners' Company,Marvel Entertainment,Bad Hat Harry Productions,United Kingdom,United States of America,
115000000,1893,English,54.035265,19-05-1999,924317558,02:16,Released,Star Wars: Episode I - The Phantom Menace,6.3,4432,Adventure,Action,Science Fiction,,,Lucasfilm,,,,United States of America,,
135000000,49519,English,64.183321,20-03-2013,585178928,01:38,Released,The Croods,6.8,2399,Adventure,Animation,Comedy,Family,Fantasy,DreamWorks Animation,,,,United States of America,,
97250400,2395,French,20.344364,13-01-2008,132900000,01:56,Released,Asterix at the Olympic Games,5,471,Fantasy,Adventure,Comedy,Family,,Constantin Film,TF1 Films Productions,Path\u00e9 Renn Productions,La Petite Reine,Belgium,France,Germany
115000000,12100,English,18.714197,14-06-2002,77628265,02:14,Released,Windtalkers,5.8,341,Drama,Action,History,War,,Lion Rock Productions,Metro-Goldwyn-Mayer (MGM),,,United States of America,,
115000000,290595,English,60.467984,06-04-2016,164602163,01:54,Released,The Huntsman: Winter's War,6,1523,Action,Adventure,Drama,,,Universal Pictures,Perfect World Pictures,Roth Films,,United States of America,,
125000000,98566,English,143.350376,07-08-2014,477200000,01:41,Released,Teenage Mutant Ninja Turtles,5.8,2636,Science Fiction,Action,Adventure,Fantasy,Comedy,Paramount Pictures,Nickelodeon Movies,Platinum Dunes,,United States of America,,
105000000,49047,English,110.153618,27-09-2013,716392705,01:31,Released,Gravity,7.3,5751,Science Fiction,Thriller,Drama,,,Warner Bros.,Heyday Films,Esperanto Filmoj,,United Kingdom,United States of America,
116000000,9619,English,16.90444,07-02-1997,178127760,01:48,Released,Dante's Peak,5.7,428,Action,Adventure,Thriller,,,Universal Pictures,Pacific Western,,,United States of America,,
135000000,308531,English,39.873791,01-06-2016,245623848,01:52,Released,Teenage Mutant Ninja Turtles: Out of the Shadows,5.8,963,Fantasy,Action,Adventure,Comedy,,Paramount Pictures,Nickelodeon Movies,Platinum Dunes,5150 Action,China,United States of America,Hong Kong
120000000,166424,English,38.126095,05-08-2015,167977596,01:40,Released,Fantastic Four,4.4,2278,Action,Adventure,Science Fiction,,,Twentieth Century Fox Film Corporation,Marv Films,Marvel Entertainment,Constantin Film.,United States of America,,
110000000,1593,English,48.780039,20-10-2006,574480841,01:48,Released,Night at the Museum,6.3,2862,Action,Adventure,Comedy,Family,Fantasy,Ingenious Film Partners,Twentieth Century Fox Film Corporation,1492 Pictures,21 Laps Entertainment,United States of America,United Kingdom,
110000000,254128,English,100.412364,27-05-2015,470490832,01:54,Released,San Andreas,6,2968,Action,Drama,Thriller,,,New Line Cinema,Village Roadshow Pictures,Warner Bros.,Flynn Picture Company,Canada,United States of America,Australia
110000000,714,English,42.887121,11-12-1997,333011068,01:59,Released,Tomorrow Never Dies,6,925,Adventure,Action,Thriller,,,Eon Productions,,,,United Kingdom,United States of America,
110000000,2024,English,23.657284,28-06-2000,215294342,02:45,Released,The Patriot,6.8,1099,Drama,History,War,Action,,Centropolis Entertainment,Columbia Pictures Corporation,Mutual Film Company,Global Entertainment Productions GmbH & Company Medien KG,Germany,United States of America,
110000000,163,English,76.840712,09-12-2004,362744280,02:05,Released,Ocean's Twelve,6.4,2124,Thriller,Crime,,,,Village Roadshow Pictures,Section Eight,Jerry Weintraub Productions,Warner Bros.,United States of America,,
110000000,787,English,44.635452,07-06-2005,478207520,02:00,Released,Mr. & Mrs. Smith,6.5,2965,Action,Comedy,Drama,Thriller,,Weed Road Pictures,Summit Entertainment,Regency Enterprises,Epsilon Motion Pictures,United States of America,,
110000000,262500,English,103.718387,18-03-2015,295238201,01:59,Released,Insurgent,6.2,3829,Adventure,Science Fiction,Thriller,,,Summit Entertainment,Mandeville Films,Red Wagon Entertainment,NeoReel,United States of America,,
116000000,2567,English,45.616098,17-12-2004,102000000,02:50,Released,The Aviator,7,1489,Drama,,,,,Miramax Films,Appian Way,Forward Pass,Cappa Productions,United States of America,,
112000000,38745,English,22.845143,25-12-2010,237382724,01:25,Released,Gulliver's Travels,4.9,621,Comedy,,,,,Twentieth Century Fox Film Corporation,Dune Entertainment,Davis Entertainment,Dune Entertainment III,United States of America,,
120000000,40805,English,31.703608,12-01-2011,227817248,01:59,Released,The Green Hornet,5.5,1251,Action,Crime,Comedy,,,Original Film,Sony Pictures Entertainment,Reliance BIG Entertainment,,United States of America,,
110000000,53182,English,71.510596,05-03-2014,337580051,01:42,Released,300: Rise of an Empire,6.1,2397,Action,War,,,,Legendary Pictures,Hollywood Gang Productions,Atmosphere Entertainment MM,Warner Bros.,United States of America,,
110000000,41513,English,36.65422,29-07-2011,563749323,01:43,Released,The Smurfs,5.5,1179,Animation,Family,Adventure,Comedy,Fantasy,Columbia Pictures,Sony Pictures Animation,Kerner Entertainment Company,,United States of America,,
110000000,13700,English,19.625972,02-04-2004,103951461,01:16,Released,Home on the Range,5.7,389,Animation,Family,,,,Walt Disney Pictures,,,,United States of America,,
110000000,262504,English,86.105615,09-03-2016,179246868,02:01,Released,Allegiant,5.9,1998,Adventure,Science Fiction,,,,Summit Entertainment,Lionsgate,Mandeville Films,Red Wagon Entertainment,United States of America,,
110000000,39254,English,37.195046,28-09-2011,299268508,02:07,Released,Real Steel,6.6,2692,Action,Science Fiction,Drama,,,DreamWorks SKG,21 Laps Entertainment,Reliance Entertainment,Touchstone Pictures,India,United States of America,
105000000,77931,English,32.473628,30-07-2013,347434178,01:45,Released,The Smurfs 2,5.5,695,Fantasy,Family,Comedy,Animation,,Columbia Pictures,Sony Pictures Animation,Kerner Entertainment Company,Hemisphere Media Capital,United States of America,,
160000000,1639,English,23.336875,13-06-1997,164508066,02:01,Released,Speed 2: Cruise Control,4.1,434,Action,Adventure,Thriller,,,Twentieth Century Fox Film Corporation,Blue Tulip Productions,,,United States of America,,
110000000,80274,English,45.94834,23-10-2013,125537191,01:54,Released,Ender's Game,6.6,2303,Science Fiction,Action,Adventure,,,Summit Entertainment,Chartoff Productions,Odd Lot Entertainment,K/O Paper Products,United States of America,,
110000000,1571,English,48.93337,20-06-2007,383531464,02:08,Released,Live Free or Die Hard,6.4,2089,Action,Thriller,,,,Ingenious Film Partners,Twentieth Century Fox Film Corporation,Dune Entertainment,Cheyenne Enterprises,United Kingdom,United States of America,
93000000,120,English,138.049577,18-12-2001,871368364,02:58,Released,The Lord of the Rings: The Fellowship of the Ring,8,8705,Adventure,Fantasy,Action,,,WingNut Films,New Line Cinema,The Saul Zaentz Company,,New Zealand,United States of America,
110000000,10204,English,22.643776,16-06-2004,72178895,02:00,Released,Around the World in 80 Days,5.7,672,Action,Adventure,Comedy,,,Studio Babelsberg,Walden Media,Babelsberg Film,Mostow/Lieberman Productions,Germany,Ireland,United Kingdom
107000000,8489,English,18.866672,11-12-2001,87713825,02:37,Released,Ali,6.7,447,Drama,,,,,Columbia Pictures Corporation,,,,United States of America,,
0,10588,English,18.251129,21-11-2003,0,01:22,Released,The Cat in the Hat,4.9,366,Comedy,Fantasy,Family,,,Imagine Entertainment,DreamWorks SKG,Universal Pictures,,United States of America,,
120000000,2048,English,95.914473,15-07-2004,347234916,01:55,Released,"I, Robot",6.7,3793,Action,Science Fiction,,,,Twentieth Century Fox Film Corporation,Laurence Mark Productions,Davis Entertainment,Overbrook Entertainment,United States of America,Germany,
130000000,1495,English,44.490453,03-05-2005,211643158,02:24,Released,Kingdom of Heaven,6.6,1157,Drama,Action,Adventure,History,War,Studio Babelsberg,Twentieth Century Fox Film Corporation,Scott Free Productions,Kanzaman,Germany,Morocco,Spain
133000000,10137,English,30.475297,17-12-1999,300135367,01:24,Released,Stuart Little,5.8,959,Animation,Fantasy,Family,Comedy,,Columbia Pictures Corporation,Global Medien KG,Franklin/Waterman Productions,,Germany,United States of America,
105000000,10198,English,62.479574,08-12-2009,267045765,01:37,Released,The Princess and the Frog,6.7,1247,Romance,Family,Animation,Music,,Walt Disney Pictures,Walt Disney Animation Studios,,,United States of America,,
108000000,286217,English,167.93287,30-09-2015,630161890,02:21,Released,The Martian,7.6,7268,Drama,Adventure,Science Fiction,,,Twentieth Century Fox Film Corporation,Scott Free Productions,Mid Atlantic Films,International Traders,United States of America,,
126000000,1635,English,37.68056,20-07-2005,162949164,02:16,Released,The Island,6.5,1770,Action,Thriller,Science Fiction,Adventure,,DreamWorks SKG,Warner Bros.,Parkes/MacDonald Productions,,United States of America,,
90000000,24113,English,1.004579,27-04-2001,10372291,01:44,Released,Town & Country,3.7,16,Comedy,Romance,,,,New Line Cinema,,,,,,
90000000,9679,English,52.995628,09-06-2000,237202299,01:58,Released,Gone in Sixty Seconds,6.1,1485,Action,Crime,Thriller,,,Jerry Bruckheimer Films,Touchstone Pictures,,,,,
103000000,98,English,95.301296,01-05-2000,457640427,02:35,Released,Gladiator,7.9,5439,Action,Drama,Adventure,,,DreamWorks SKG,Universal Pictures,Scott Free Productions,Red Wagon Entertainment,,,
102000000,180,English,65.948959,20-06-2002,358372926,02:25,Released,Minority Report,7.1,2608,Action,Thriller,Science Fiction,Mystery,,DreamWorks SKG,Cruise/Wagner Productions,Amblin Entertainment,Twentieth Century Fox Film Corporation,,,
100000000,672,English,132.397737,13-11-2002,876688482,02:41,Released,Harry Potter and the Chamber of Secrets,7.4,5815,Adventure,Fantasy,Family,,,1492 Pictures,Heyday films,Warner Bros.,,,,
150000000,36557,English,88.935165,14-11-2006,599045960,02:24,Released,Casino Royale,7.3,3855,Adventure,Action,Thriller,,,Eon Productions,Stillking Films,Babelsberg Film,,,,
100000000,869,English,51.188633,25-07-2001,362211740,01:59,Released,Planet of the Apes,5.6,1243,Thriller,Science Fiction,Action,Adventure,,Twentieth Century Fox Film Corporation,Tim Burton Productions,"Zanuck Company, The",,,,
100000000,280,English,101.74155,01-07-1991,520000000,02:17,Released,Terminator 2: Judgment Day,7.7,4185,Action,Thriller,Science Fiction,,,Lightstorm Entertainment,Pacific Western,Canal+,Carolco Pictures,,,
80000000,11322,English,33.691694,01-07-2009,214104620,02:20,Released,Public Enemies,6.5,1344,History,Crime,Drama,,,Universal Pictures,Appian Way,Forward Pass,Dentsu,,,
100000000,4982,English,42.361215,02-11-2007,266465037,02:37,Released,American Gangster,7.4,1502,Drama,Crime,,,,Imagine Entertainment,Universal Pictures,Scott Free Productions,Relativity Media,,,
115000000,36955,English,38.729418,14-07-1994,378882411,02:21,Released,True Lies,6.8,1116,Action,Thriller,,,,Twentieth Century Fox Film Corporation,Lightstorm Entertainment,,,,,
100000000,18487,English,40.597856,11-06-2009,150166126,01:46,Released,The Taking of Pelham 1 2 3,6.2,954,Thriller,Drama,Crime,,,Columbia Pictures,Escape Artists,Scott Free Productions,Relativity Media,,,
100000000,39451,English,32.389353,21-12-2010,310650585,01:38,Released,Little Fockers,5.4,1060,Comedy,Romance,,,,Paramount Pictures,Universal Pictures,Everyman Pictures,Relativity Media,,,
100000000,27581,English,24.399642,06-08-2010,170432927,01:47,Released,The Other Guys,6.1,1383,Action,Comedy,Crime,,,Columbia Pictures,Gary Sanchez Productions,,,,,
100000000,9268,English,24.507987,21-06-1996,242295562,01:55,Released,Eraser,5.6,543,Action,Drama,Mystery,Thriller,,Kopelson Entertainment,Warner Bros.,,,,,
100000000,68718,English,82.121691,25-12-2012,425368238,02:45,Released,Django Unchained,7.8,10099,Drama,Western,,,,Columbia Pictures,The Weinstein Company,,,,,
100000000,10545,English,46.727941,21-06-1996,100138851,01:31,Released,The Hunchback of Notre Dame,6.8,1129,Drama,Animation,Family,,,Walt Disney Pictures,,,,,,
100000000,11688,English,51.113717,09-12-2000,169327687,01:18,Released,The Emperor's New Groove,7.2,1490,Adventure,Animation,Comedy,Family,Fantasy,Walt Disney Pictures,Walt Disney Feature Animation,,,,,
100000000,76163,English,53.732892,08-08-2012,312573423,01:43,Released,The Expendables 2,6.1,2896,Action,Adventure,Thriller,,,Nu Image Films,Millennium Films,,,,,
100000000,2059,English,58.849256,19-11-2004,347451894,02:11,Released,National Treasure,6.4,1926,Adventure,Action,Thriller,Mystery,,Walt Disney Pictures,Jerry Bruckheimer Films,Saturn Films,Junction Entertainment,,,
100000000,2486,English,30.863434,14-12-2006,249288105,01:44,Released,Eragon,4.9,967,Fantasy,Action,Adventure,Family,,Ingenious Film Partners,Twentieth Century Fox Film Corporation,Dune Entertainment,Major Studio Partners,,,
100000000,16523,English,31.586215,16-10-2009,100086793,01:41,Released,Where the Wild Things Are,6.4,572,Family,Fantasy,,,,Village Roadshow Pictures,Legendary Pictures,Playtone,Wild Things Productions,,,
100000000,116711,English,36.711378,15-05-2013,268426634,01:42,Released,Epic,6.4,1121,Animation,Adventure,Family,Fantasy,,Blue Sky Studios,Twentieth Century Fox Animation,,,,,
100000000,37710,English,41.426678,08-12-2010,278731369,01:43,Released,The Tourist,6,1699,Action,Thriller,Romance,,,Columbia Pictures,Spyglass Entertainment,Peninsula Films,StudioCanal,,,
100000000,9946,English,20.652943,24-11-1999,211989043,02:01,Released,End of Days,5.5,482,Action,Fantasy,Horror,Mystery,,Beacon Communications,,,,,,
100000000,1372,English,52.792678,07-12-2006,170877916,02:23,Released,Blood Diamond,7.3,2281,Drama,Thriller,Action,,,Bedford Falls Productions,Lonely Film Productions GmbH & Co. KG.,Virtual Studios,Spring Creek Productions,,,
100000000,106646,English,95.007934,25-12-2013,392000694,03:00,Released,The Wolf of Wall Street,7.9,6571,Crime,Drama,Comedy,,,Paramount Pictures,Appian Way,EMJAG Productions,Red Granite Pictures,,,
100000000,414,English,48.205606,31-05-1995,336529144,02:01,Released,Batman Forever,5.2,1498,Action,Crime,Fantasy,,,Warner Bros.,Polygram Filmed Entertainment,,,,,
105000000,563,English,58.782359,06-11-1997,121214377,02:09,Released,Starship Troopers,6.7,1560,Adventure,Action,Thriller,Science Fiction,,TriStar Pictures,Touchstone Pictures,Big Bug Pictures,,,,
102000000,83542,English,73.872343,26-10-2012,130482868,02:52,Released,Cloud Atlas,6.6,2977,Drama,Science Fiction,,,,Anarchos Productions,X-Filme Creative Pool,Ascension Pictures,ARD Degeto Film,,,
80000000,41216,English,37.321848,10-07-2010,140073390,01:37,Released,Legend of the Guardians: The Owls of Ga'Hoole,6.5,703,Animation,Adventure,Family,Fantasy,,Village Roadshow Pictures,Warner Bros.,Animal Logic,Cruel and Unusual Films,,,
100000000,314,English,32.271938,22-07-2004,82102379,01:44,Released,Catwoman,4.2,808,Action,Crime,,,,Village Roadshow Pictures,DiNovi Pictures,Warner Bros.,Frantic Films,,,
100000000,184315,English,76.842247,23-07-2014,243400000,01:39,Released,Hercules,5.6,1680,Action,Adventure,,,,Paramount Pictures,Metro-Goldwyn-Mayer (MGM),Radical Studios,Flynn Picture Company,,,
140000000,9016,English,38.924136,26-11-2002,109578115,01:35,Released,Treasure Planet,7.2,948,Adventure,Animation,Family,Fantasy,Science Fiction,Walt Disney Pictures,Walt Disney Feature Animation,,,,,
100000000,18162,English,19.38841,05-06-2009,68688831,01:42,Released,Land of the Lost,5.3,381,Adventure,Comedy,Science Fiction,,,Universal Pictures,Mosaic Media Group,Relativity Media,Sid & Marty Krofft Pictures,,,
90000000,138103,English,61.025639,04-08-2014,206172544,02:07,Released,The Expendables 3,6.1,1795,Action,Adventure,Thriller,,,Davis-Films,Nu Image Films,LionsGate,Millennium Films,,,
105000000,257088,English,33.507289,03-12-2015,133718711,01:54,Released,Point Break,5.5,783,Action,Crime,Thriller,,,Studio Babelsberg,Alcon Entertainment,DMG Entertainment,Ehman Productions,,,
84000000,10214,English,17.815595,18-02-2005,0,01:34,Released,Son of the Mask,3.6,338,Fantasy,Comedy,Family,Adventure,,New Line Cinema,Path\u00e9 Distribution,,,,,
100000000,205775,English,50.767332,20-11-2015,93820758,02:02,Released,In the Heart of the Sea,6.5,1276,Thriller,Drama,Adventure,Action,History,Imagine Entertainment,Spring Creek Productions,Warner Bros.,Roth Films,,,
100000000,11692,English,12.092241,15-08-2002,7103973,01:35,Released,The Adventures of Pluto Nash,4.4,142,Action,Comedy,Science Fiction,,,Village Roadshow Pictures,Castle Rock Entertainment,NPV Entertainment,Mel's Cite du Cinema,,,
100000000,22972,English,30.254021,11-03-2010,94882889,01:55,Released,Green Zone,6.4,717,War,Action,Adventure,Drama,Thriller,Universal Pictures,StudioCanal,Dentsu,Relativity Media,,,
99000000,227973,English,34.308098,05-11-2015,246233113,01:28,Released,The Peanuts Movie,6.5,604,Animation,,,,,Blue Sky Studios,Twentieth Century Fox Animation,,,,,
10000000,29193,English,3.091077,08-09-1997,13835130,01:50,Released,The Spanish Prisoner,7.1,73,Crime,Drama,Mystery,Thriller,,Jean Doumanian Productions,Sweetland Films,Magnolia Films,Jasmine Productions Inc.,,,
98000000,1734,English,41.862983,28-04-2001,433013274,02:10,Released,The Mummy Returns,6,2206,Adventure,Action,Fantasy,,,Universal Pictures,Alphaville Films,Imhotep Productions,,,,
100000000,3131,English,46.160048,14-12-2002,193772504,02:47,Released,Gangs of New York,7.1,1910,Drama,History,Crime,,,Miramax Films,Initial Entertainment Group (IEG),Alberto Grimaldi Productions,,,,
94000000,76758,Chinese,12.516546,15-12-2011,95311434,02:25,Released,The Flowers of War,7.1,187,Drama,History,War,,,Beijing New Picture Film Co. Ltd.,EDKO Film,New Picture Company,,,,
85000000,9408,English,23.230851,08-06-2007,149044513,01:25,Released,Surf's Up,5.9,601,Animation,Comedy,Family,,,Columbia Pictures,Sony Pictures Animation,,,,,
90000000,9890,English,19.224754,10-06-2004,102000000,01:33,Released,The Stepford Wives,5.4,334,Action,Comedy,Science Fiction,,,Paramount Pictures,De Line Pictures,DreamWorks Pictures,,,,
92000000,855,English,44.455166,28-12-2001,172989651,02:24,Released,Black Hawk Down,7.2,1811,Action,History,War,,,Jerry Bruckheimer Films,Revolution Studios,Scott Free Productions,,,,
0,77953,English,16.460356,09-08-2012,104907746,01:25,Released,The Campaign,5.6,578,Comedy,,,,,Everyman Pictures,Gary Sanchez Productions,Warner Bros.,Location Gourmet,,,
90000000,18,English,109.528572,07-05-1997,263920180,02:06,Released,The Fifth Element,7.3,3885,Adventure,Fantasy,Action,Thriller,Science Fiction,Columbia Pictures,Gaumont,,,,,
100000000,37786,English,18.325897,26-05-2010,288347692,02:26,Released,Sex and the City 2,5.4,426,Comedy,Drama,Romance,,,New Line Cinema,Village Roadshow Pictures,Home Box Office (HBO),HBO Films,,,
95000000,10501,English,37.054554,31-03-2000,76432727,01:29,Released,The Road to El Dorado,7,858,Adventure,Animation,Comedy,Family,,DreamWorks SKG,DreamWorks Animation,,,,,
95000000,57800,English,65.229868,26-06-2012,877244782,01:28,Released,Ice Age: Continental Drift,6.2,2672,Animation,Comedy,Adventure,Family,,Blue Sky Studios,Twentieth Century Fox Animation,,,,,
95000000,150689,English,101.187052,12-03-2015,543514353,01:45,Released,Cinderella,6.7,2374,Romance,Fantasy,Family,Drama,,Walt Disney Pictures,Genre Films,Beagle Pug Films,Allison Shearmur Productions,,,
65000000,7980,English,29.257137,26-12-2009,93525586,02:16,Released,The Lovely Bones,6.6,1065,Fantasy,Drama,,,,WingNut Films,DreamWorks SKG,Key Creatives,Film4,,,
94000000,12,English,85.688789,30-05-2003,940335536,01:40,Released,Finding Nemo,7.6,6122,Animation,Family,,,,Pixar Animation Studios,,,,,,
94000000,122,English,123.630332,01-12-2003,1118888979,03:21,Released,The Lord of the Rings: The Return of the King,8.1,8064,Adventure,Fantasy,Action,,,WingNut Films,New Line Cinema,,,,,
79000000,121,English,106.914973,18-12-2002,926287400,02:59,Released,The Lord of the Rings: The Two Towers,8,7487,Adventure,Fantasy,Action,,,WingNut Films,New Line Cinema,The Saul Zaentz Company,,,,
95000000,68737,English,63.628459,12-12-2014,114178613,01:42,Released,Seventh Son,5.2,957,Adventure,Fantasy,,,,Legendary Pictures,Thunder Road Pictures,Outlaw Sinema,Moving Picture Company (MPC),,,
115000000,1995,English,41.498631,11-06-2001,274703340,01:40,Released,Lara Croft: Tomb Raider,5.7,2192,Adventure,Fantasy,Action,Thriller,,Paramount Pictures,Toho-Towa,Mutual Film Company,Lawrence Gordon Productions,,,
100000000,157353,English,58.991388,16-04-2014,103039258,01:59,Released,Transcendence,5.9,2295,Thriller,Science Fiction,Drama,Mystery,,Alcon Entertainment,Syncopy,DMG Entertainment,Straight Up Films,,,
93000000,331,English,1.859364,18-07-2001,368780809,01:32,Released,Jurassic Park III,5.7,2077,Adventure,Action,Thriller,Science Fiction,,Universal Studios,Amblin Entertainment,,,,,
93000000,61791,English,138.433168,03-08-2011,482860185,01:45,Released,Rise of the Planet of the Apes,7,4347,Thriller,Action,Drama,Science Fiction,,Ingenious Film Partners,Ingenious Media,Twentieth Century Fox Film Corporation,Dune Entertainment,,,
90000000,8204,English,21.436682,14-02-2008,162839667,01:35,Released,The Spiderwick Chronicles,6.3,572,Adventure,Family,Fantasy,,,Paramount Pictures,The Kennedy/Marshall Company,,,,,
92000000,47964,English,65.402595,06-02-2013,304654182,01:38,Released,A Good Day to Die Hard,5.2,3493,Action,Thriller,,,,Ingenious Media,Twentieth Century Fox Film Corporation,Dune Entertainment,Mid Atlantic Films,,,
145000000,10733,English,10.660441,07-04-2004,25819961,02:17,Released,The Alamo,5.8,106,Western,History,War,,,Imagine Entertainment,Touchstone Pictures,,,,,
92000000,9806,English,77.817571,05-11-2004,631442092,01:55,Released,The Incredibles,7.4,5152,Action,Adventure,Animation,Family,,Walt Disney Pictures,Pixar Animation Studios,,,,,
98000000,1408,English,7.029308,22-12-1995,10017322,01:59,Released,Cutthroat Island,5.7,136,Action,Adventure,,,,Le Studio Canal+,Laurence Mark Productions,Metro-Goldwyn-Mayer (MGM),Carolco Pictures,,,
95000000,32657,English,61.121717,01-02-2010,226497209,01:58,Released,Percy Jackson & the Olympians: The Lightning Thief,6,2010,Adventure,Fantasy,Family,,,Ingenious Film Partners,1492 Pictures,Dune Entertainment,Fox 2000 Pictures,,,
90000000,607,English,104.121555,02-07-1997,589390539,01:38,Released,Men in Black,6.9,4412,Action,Adventure,Comedy,Science Fiction,,Amblin Entertainment,Columbia Pictures Corporation,Parkes+MacDonald Image Nation,,,,
90000000,863,English,73.575118,30-10-1999,497366869,01:32,Released,Toy Story 2,7.3,3806,Animation,Comedy,Family,,,Pixar Animation Studios,,,,,,
100000000,44048,English,37.698465,04-11-2010,167805466,01:38,Released,Unstoppable,6.3,1165,Action,Thriller,,,,Twentieth Century Fox Film Corporation,Scott Free Productions,Firm Films,Prospect Park,,,
90000000,5175,English,35.814765,03-08-2001,347325802,01:30,Released,Rush Hour 2,6.4,1054,Action,Comedy,Crime,Thriller,,New Line Cinema,,,,,,
100000000,2655,English,15.835672,21-07-2000,155464351,02:10,Released,What Lies Beneath,6.3,488,Drama,Horror,Mystery,Thriller,,DreamWorks SKG,Twentieth Century Fox Film Corporation,ImageMovers,,,,
100000000,22794,English,46.781182,17-09-2009,242988466,01:30,Released,Cloudy with a Chance of Meatballs,6.5,1747,Animation,Comedy,Family,,,Columbia Pictures,Sony Pictures Animation,,,,,
90000000,8355,English,69.457898,29-06-2009,886686817,01:34,Released,Ice Age: Dawn of the Dinosaurs,6.5,2271,Animation,Comedy,Family,Adventure,,Blue Sky Studios,Twentieth Century Fox Animation,,,,,
90000000,116745,English,43.348022,18-12-2013,188133322,01:54,Released,The Secret Life of Walter Mitty,7,3144,Adventure,Comedy,Drama,Fantasy,,New Line Cinema,Ingenious Media,Twentieth Century Fox Film Corporation,Samuel Goldwyn Films,,,
92000000,4327,English,40.20395,02-11-2000,264105545,01:38,Released,Charlie's Angels,5.6,1232,Action,Adventure,Comedy,Crime,Thriller,Columbia Pictures,,,,,,
90000000,1422,English,63.429157,05-10-2006,289847354,02:31,Released,The Departed,7.9,4339,Drama,Thriller,Crime,,,Vertigo Entertainment,Media Asia Films,Warner Bros.,Initial Entertainment Group (IEG),,,
90000000,10674,English,67.427755,18-06-1998,304320254,01:28,Released,Mulan,7.6,2008,Animation,Family,Adventure,,,Walt Disney Pictures,Walt Disney Feature Animation,,,,,
92000000,7446,English,43.192048,09-08-2008,188072649,01:47,Released,Tropic Thunder,6.5,1667,Action,Comedy,,,,DreamWorks SKG,Goldcrest Pictures,Red Hour Films,Internationale Filmproduktion Stella-del-Sud Second,,,
90000000,65754,English,47.651083,14-12-2011,232617430,02:38,Released,The Girl with the Dragon Tattoo,7.2,2434,Thriller,Crime,Mystery,Drama,,Columbia Pictures,Scott Rudin Productions,Film Rites,Metro-Goldwyn-Mayer (MGM),,,
90000000,1572,English,51.881077,19-05-1995,366101666,02:08,Released,Die Hard: With a Vengeance,6.9,2066,Action,Thriller,,,,Twentieth Century Fox Film Corporation,Cinergi Pictures Entertainment,,,,,
90000000,10528,English,57.834787,23-12-2009,524028679,02:08,Released,Sherlock Holmes,7,5766,Action,Adventure,Crime,Mystery,,Village Roadshow Pictures,Silver Pictures,Warner Bros.,Internationale Filmproduktion Blackbird Dritte,,,
100000000,271969,English,29.608322,17-08-2016,94061311,02:05,Released,Ben-Hur,5.3,621,Drama,,,,,Paramount Pictures,Metro-Goldwyn-Mayer (MGM),Sean Daniel Company,LightWorkers Media,,,
120000000,10865,English,51.548589,02-06-2001,186053725,01:35,Released,Atlantis: The Lost Empire,6.7,1224,Animation,Family,Adventure,Science Fiction,,Walt Disney Pictures,Walt Disney Feature Animation,,,,,
0,258509,English,27.867368,17-12-2015,233755553,01:32,Released,Alvin and the Chipmunks: The Road Chip,5.8,428,Adventure,Animation,Comedy,Family,,Regency Enterprises,Fox 2000 Pictures,Sunswept Entertainment,Bagdasarian Productions,,,
75000000,2253,English,38.832842,25-12-2008,200276000,02:01,Released,Valkyrie,6.7,1173,Drama,Thriller,History,War,,United Artists,Achte Babelsberg Film,Metro-Goldwyn-Mayer (MGM),Bad Hat Harry Productions,,,
90000000,10661,English,40.597344,05-06-2008,201596308,01:53,Released,You Don't Mess with the Zohan,5.5,1048,Comedy,Action,,,,Columbia Pictures,Happy Madison Productions,Sony Pictures Releasing,Relativity Media,,,
88000000,257344,English,140.849495,16-07-2015,243637091,01:45,Released,Pixels,5.6,2513,Action,Comedy,Science Fiction,,,Columbia Pictures,Happy Madison Productions,,,,,
100000000,644,English,34.035114,29-06-2001,235926552,02:26,Released,A.I. Artificial Intelligence,6.8,1974,Drama,Science Fiction,Adventure,,,DreamWorks SKG,Amblin Entertainment,Stanley Kubrick Productions,Warner Bros.,,,
90000000,10756,English,16.302378,25-11-2003,182290266,01:39,Released,The Haunted Mansion,5.2,466,Thriller,Fantasy,Comedy,Family,Mystery,Walt Disney Pictures,Gunn Films,Doom Buggy Productions,,,,
90000000,686,English,55.249434,11-07-1997,171120329,02:30,Released,Contact,7.2,1308,Drama,Science Fiction,Mystery,,,Warner Bros.,South Side Amusement Company,,,,,
95000000,9383,English,28.200874,04-08-2000,190213455,01:52,Released,Hollow Man,5.6,634,Action,Science Fiction,Thriller,,,Columbia Pictures Corporation,Global Entertainment Productions GmbH & Company Medien KG,,,,,
80000000,179,English,18.69984,08-04-2005,162944923,02:08,Released,The Interpreter,6.2,392,Crime,Thriller,,,,Universal Pictures,StudioCanal,Mirage Enterprises,Working Title Films,,,
90000000,76285,English,40.262261,07-08-2013,174578751,01:46,Released,Percy Jackson: Sea of Monsters,5.9,1648,Adventure,Family,Fantasy,,,1492 Pictures,Dune Entertainment,Fox 2000 Pictures,Sunswept Entertainment,,,
95000000,1996,English,56.811056,21-07-2003,156505388,01:57,Released,Lara Croft Tomb Raider: The Cradle of Life,5.5,1418,Action,Adventure,Fantasy,Thriller,,Paramount Pictures,Toho-Towa,Mutual Film Company,Lawrence Gordon Productions,,,
90000000,291805,English,51.535701,02-06-2016,334901337,02:09,Released,Now You See Me 2,6.7,3235,Action,Adventure,Comedy,Crime,Mystery,Summit Entertainment,Lionsgate,K/O Paper Products,TIK Films,,,
68000000,10003,English,20.913852,03-04-1997,118063304,01:56,Released,The Saint,5.9,302,Thriller,Action,Romance,Science Fiction,Adventure,Paramount Pictures,Mace Neufeld Productions,Rysher Entertainment,,,,
92000000,1535,English,27.166757,18-11-2001,143049560,02:06,Released,Spy Game,6.8,579,Action,Crime,Thriller,,,Universal Pictures,Metropolitan Filmexport,Toho-Towa,Red Wagon Productions,,,
90000000,2067,English,16.058284,10-03-2000,60874615,01:54,Released,Mission to Mars,5.7,369,Science Fiction,,,,,Spyglass Entertainment,The Jacobson Company,Touchstone Pictures,Red Horizon Productions,,,
90000000,46195,English,46.200042,03-04-2011,484635760,01:36,Released,Rio,6.5,2166,Animation,Adventure,Comedy,Family,,Blue Sky Studios,Twentieth Century Fox Animation,,,,,
100000000,2277,English,24.939295,17-12-1999,93700000,02:11,Released,Bicentennial Man,6.9,963,Comedy,Science Fiction,,,,Laurence Mark Productions,1492 Pictures,Columbia Pictures Corporation,Touchstone Pictures,,,
90000000,10357,English,19.836124,25-04-1997,0,01:44,Released,Volcano,5.2,376,Science Fiction,Action,Drama,Thriller,,Twentieth Century Fox Film Corporation,,,,,,
90000000,4477,English,15.350451,12-03-1997,140807547,01:47,Released,The Devil's Own,5.9,290,Crime,Thriller,Drama,,,Columbia Pictures,,,,,,
100000000,8665,English,15.625949,19-07-2002,35168966,02:18,Released,K-19: The Widowmaker,6.1,264,Drama,History,Thriller,,,Paramount Pictures,Intermedia Films,National Geographic Society,New Regency Pictures,,,
20000000,9387,English,31.802807,02-04-1982,79114085,02:09,Released,Conan the Barbarian,6.6,650,Adventure,Fantasy,Action,,,Universal Pictures,Dino De Laurentiis Company,,,,,
88000000,921,English,24.100863,02-06-2005,108539911,02:24,Released,Cinderella Man,7.3,616,Romance,Drama,History,,,Miramax Films,Imagine Entertainment,Universal Pictures,Parkway Pictures (I),,,
90000000,49852,English,3.593349,24-11-2010,16178959,01:50,Released,The Nutcracker: The Untold Story,5.4,50,Fantasy,Action,Family,,,Vnesheconombank,Nutcracker Holdings,HCC Media Group,Russian Roulette Ltd.,,,
87000000,4464,English,14.824166,22-07-2003,148336445,02:21,Released,Seabiscuit,6.7,216,Drama,History,,,,Universal Pictures,Spyglass Entertainment,The Kennedy/Marshall Company,DreamWorks Pictures,,,
92000000,664,English,32.079995,10-05-1996,494471524,01:53,Released,Twister,6.1,950,Action,Adventure,Drama,,,Universal Pictures,Amblin Entertainment,Warner Bros.,Constant c Productions,,,
90000000,8358,English,57.739713,22-12-2000,429632142,02:23,Released,Cast Away,7.5,3218,Adventure,Drama,,,,DreamWorks SKG,Twentieth Century Fox Film Corporation,Playtone,ImageMovers,,,
100000000,9836,English,37.272385,16-11-2006,384335608,01:48,Released,Happy Feet,5.9,1410,Animation,Comedy,,,,Kennedy Miller Productions,Animal Logic,,,,,
75000000,2502,English,53.213931,23-07-2004,288500217,01:48,Released,The Bourne Supremacy,7.2,2825,Action,Drama,Thriller,,,Universal Pictures,The Kennedy/Marshall Company,Hypnotic,Motion Picture THETA Produktionsgesellschaft,,,
85000000,9772,English,36.38795,25-07-1997,315156409,02:04,Released,Air Force One,6.2,840,Action,Thriller,,,,Columbia Pictures Corporation,Beacon Communications,Radiant Productions,,,,
85000000,161,English,60.929352,07-12-2001,450717150,01:56,Released,Ocean's Eleven,7.2,3783,Thriller,Crime,,,,Village Roadshow Pictures,Section Eight,NPV Entertainment,Jerry Weintraub Productions,,,
75000000,52451,English,36.605246,31-08-2011,132274484,01:50,Released,The Three Musketeers,5.6,924,Adventure,Action,Thriller,,,Impact Pictures,Studio Babelsberg,Nouvelles \u00c9ditions de Films (NEF),New Legacy,,,
85000000,76492,English,56.257411,20-09-2012,358375603,01:31,Released,Hotel Transylvania,6.8,2566,Animation,Comedy,Family,Fantasy,,Columbia Pictures,Sony Pictures Animation,,,,,
85000000,4523,English,29.21998,20-11-2007,340487652,01:47,Released,Enchanted,6.6,1449,Comedy,Family,Fantasy,Romance,,Walt Disney Pictures,Josephson Entertainment,Andalasia Productions,Right Coast Productions,,,
85000000,59961,English,34.773106,09-02-2012,208076205,01:55,Released,Safe House,6.3,1345,Action,Thriller,,,,Universal Pictures,Dentsu,Relativity Media,Bluegrass Films,,,
85000000,10481,English,9.895061,07-10-2000,183611771,01:40,Released,102 Dalmatians,5.1,313,Comedy,Family,,,,Walt Disney Pictures,Cruella Productions,,,,,
75000000,59108,English,36.743324,02-11-2011,152930623,01:44,Released,Tower Heist,5.8,932,Action,Comedy,,,,Universal Pictures,Image Entertainment,Relativity Media,Rat Entertainment,,,
85000000,1581,English,44.967453,08-12-2006,194168700,02:16,Released,The Holiday,6.7,1225,Comedy,Romance,,,,Columbia Pictures,Universal Pictures,Waverly Films,Relativity Media,,,
90000000,9798,English,41.207568,20-11-1998,250649836,02:12,Released,Enemy of the State,6.7,1240,Action,Drama,Thriller,,,Jerry Bruckheimer Films,Scott Free Productions,Touchstone Pictures,No Such Productions,,,
85000000,22897,English,16.479851,23-12-2009,219103655,02:01,Released,It's Complicated,6.2,360,Comedy,Romance,,,,Universal Pictures,Scott Rudin Productions,Waverly Films,Dentsu,,,
85000000,298,English,42.069993,07-06-2007,311312624,02:02,Released,Ocean's Thirteen,6.5,1999,Crime,Thriller,,,,Village Roadshow Pictures,Section Eight,Jerry Weintraub Productions,Warner Bros.,,,
85000000,7484,English,26.61951,29-09-2006,197309027,01:23,Released,Open Season,6.1,656,Adventure,Animation,Family,,,Sony Pictures Animation,,,,,,
85000000,157350,English,80.316463,14-03-2014,288747895,02:19,Released,Divergent,6.9,4663,Adventure,Action,Science Fiction,,,Summit Entertainment,Red Wagon Entertainment,,,,,
68000000,853,English,41.273567,13-03-2001,96976270,02:11,Released,Enemy at the Gates,7.2,999,War,,,,,Paramount Pictures,Swanford Films,Mandalay Pictures,Little Bird,,,
85000000,10159,English,24.107835,26-09-2003,80916492,01:44,Released,The Rundown,6.4,514,Adventure,Action,Comedy,Thriller,,Columbia Pictures,Universal Pictures,Strike Entertainment,WWE Studios,,,
85000000,9593,English,32.044191,18-06-1993,137298489,02:10,Released,Last Action Hero,6.1,712,Adventure,Fantasy,Action,Comedy,Family,Columbia Pictures Corporation,Oak Productions,,,,,
85000000,1904,English,16.595874,06-12-2005,162242962,02:25,Released,Memoirs of a Geisha,7.3,652,Drama,History,Romance,,,DreamWorks SKG,Spyglass Entertainment,Columbia Pictures Corporation,Red Wagon Productions,,,
85000000,9615,English,8.282876,03-06-2006,158468292,01:44,Released,The Fast and the Furious: Tokyo Drift,6.1,1705,Action,Crime,Drama,Thriller,,Universal Pictures,,,,,,
0,51052,English,19.83683,22-02-2011,0,01:37,Released,Arthur Christmas,6.7,333,Drama,Animation,Family,Comedy,,Columbia Pictures,Aardman Animations,Sony Pictures Animation,,,,
90000000,297,English,36.069611,12-11-1998,142940100,02:58,Released,Meet Joe Black,6.9,1147,Fantasy,Drama,Mystery,,,Universal Pictures,City Light Films,,,,,
85000000,9884,English,18.827753,06-02-2002,78382433,01:48,Released,Collateral Damage,5.5,427,Action,Thriller,Drama,,,David Foster Productions,Bel Air Entertainment,Warner Bros.,Hacienda Productions,,,
0,16858,English,5.159407,20-12-1979,37823676,02:03,Released,All That Jazz,7.3,85,Drama,Music,,,,Twentieth Century Fox Film Corporation,Columbia Pictures Corporation,,,,,
85000000,62764,English,48.126297,15-03-2012,183018522,01:46,Released,Mirror Mirror,5.5,1114,Adventure,Fantasy,Drama,Comedy,Science Fiction,Relativity Media,Misher Films,Yucaipa Films,Goldmann Pictures,,,
60000000,22538,English,38.885195,27-07-2010,47664559,01:52,Released,Scott Pilgrim vs. the World,7.2,2126,Action,Adventure,Comedy,,,Universal Pictures,Marc Platt Productions,,,,,
60000000,9341,English,29.211255,28-03-2003,74208267,02:16,Released,The Core,5.4,516,Action,Thriller,Adventure,Science Fiction,,Paramount Pictures,David Foster Productions,Horsepower Films,LivePlanet,,,
84000000,12107,English,17.783361,27-07-2000,123307945,01:46,Released,Nutty Professor II: The Klumps,4.7,332,Fantasy,Comedy,Romance,Science Fiction,,Imagine Entertainment,Universal Pictures,,,,,
84000000,9637,English,31.435539,14-06-2002,275650703,01:28,Released,Scooby-Doo,5.4,820,Mystery,Adventure,Comedy,,,Atlas Entertainment,Mosaic Media Group,Warner Bros.,,,,
50000000,49049,English,57.673932,07-09-2012,41037742,01:35,Released,Dredd,6.6,1940,Action,Science Fiction,,,,DNA Films,Reliance BIG Entertainment,IM Global,Rena Film,,,
82500000,9339,English,41.176631,22-06-2006,237681299,01:47,Released,Click,6,2104,Comedy,Drama,Fantasy,Romance,,Original Film,Columbia Pictures Corporation,Revolution Studios,Happy Madison Productions,,,
8000000,16281,English,13.661289,12-11-1982,21028755,02:00,Released,Creepshow,6.7,226,Horror,Comedy,Fantasy,,,Warner Bros.,Creepshow Films Inc.,Laurel Entertainment Inc.,,,,
85000000,39691,English,11.77398,30-07-2010,112483764,01:22,Released,Cats & Dogs 2 : The Revenge of Kitty Galore,4.9,119,Comedy,Family,,,,Village Roadshow Pictures,,,,,,
85000000,8247,English,21.218,10-02-2008,222231186,01:28,Released,Jumper,5.9,1799,Adventure,Fantasy,Science Fiction,,,Dune Entertainment,Hypnotic,New Regency Pictures,,,,
85000000,11253,English,58.57976,11-07-2008,160388063,02:00,Released,Hellboy II: The Golden Army,6.5,1527,Adventure,Fantasy,Science Fiction,,,Universal Pictures,Dark Horse Entertainment,Lawrence Gordon Productions,Mid Atlantic Films,,,
65000000,1949,English,51.970905,02-03-2007,84785914,02:37,Released,Zodiac,7.3,2023,Crime,Drama,Mystery,Thriller,,Paramount Pictures,Warner Bros.,Phoenix Pictures,,,,
82000000,8452,English,18.447479,17-11-2000,96085477,02:03,Released,The 6th Day,5.7,595,Science Fiction,,,,,Phoenix Pictures,,,,,,
80000000,310,English,109.684788,23-05-2003,484572835,01:41,Released,Bruce Almighty,6.4,3012,Fantasy,Comedy,,,,Universal Pictures,Spyglass Entertainment,Shady Acres Entertainment,Pit Bull Productions,,,
80000000,27578,English,77.580661,03-08-2010,274470394,01:43,Released,The Expendables,6,2926,Thriller,Adventure,Action,,,Millennium Films,,,,,,
80000000,954,English,75.290998,22-05-1996,457696359,01:50,Released,Mission: Impossible,6.7,2631,Adventure,Action,Thriller,,,Paramount Pictures,Cruise/Wagner Productions,,,,,
75000000,70160,English,68.550698,12-03-2012,691210692,02:22,Released,The Hunger Games,6.9,9455,Science Fiction,Adventure,Fantasy,,,Lionsgate,Color Force,,,,,
80000000,45243,English,58.040149,25-05-2011,254455986,01:42,Released,The Hangover Part II,6.2,3739,Comedy,,,,,Legendary Pictures,Living Films,Green Hat Films,Warner Bros.,,,
80000000,364,English,59.113174,19-06-1992,280000000,02:06,Released,Batman Returns,6.6,1673,Action,Fantasy,,,,PolyGram Filmed Entertainment,Warner Bros.,,,,,
80000000,7518,English,36.32705,22-04-2006,343397247,01:23,Released,Over the Hedge,6.3,1074,Comedy,Animation,Family,,,Pacific Data Images (PDI),DreamWorks Animation,,,,,
80000000,11544,English,55.659988,21-06-2002,145771527,01:25,Released,Lilo & Stitch,7.1,1314,Animation,Family,,,,Walt Disney Pictures,Walt Disney Feature Animation,,,,,
85000000,9986,English,14.132583,15-12-2006,144000000,01:37,Released,Charlotte's Web,5.8,288,Comedy,Family,Fantasy,,,Paramount Pictures,Kerner Entertainment Company,,,,,
75000000,8656,English,34.070054,08-05-1998,140464664,02:00,Released,Deep Impact,5.9,855,Action,Drama,Romance,,,Paramount Pictures,DreamWorks SKG,Zanuck/Brown Productions,Manhattan Project,,,
84000000,146216,English,44.34333,18-07-2013,0,01:56,Released,RED 2,6.4,1526,Action,Comedy,Crime,Thriller,,DC Comics,Di Bonaventura Pictures,Summit Entertainment,DC Entertainment,,,
82000000,9291,English,26.065735,19-05-2005,190320568,01:53,Released,The Longest Yard,6.2,785,Comedy,Drama,,,,Paramount Pictures,Columbia Pictures Corporation,MTV Films,Happy Madison Productions,,,
75000000,55301,English,23.473004,14-12-2011,342695435,01:27,Released,Alvin and the Chipmunks: Chipwrecked,5.4,484,Comedy,Fantasy,Family,Music,Animation,Fox 2000 Pictures,,,,,,
80000000,109418,English,45.589568,11-07-2013,246984278,01:40,Released,Grown Ups 2,5.8,1155,Comedy,,,,,Columbia Pictures,Happy Madison Productions,Sony Pictures Entertainment (SPE),,,,
80000000,11665,English,23.496054,19-06-2008,230685453,01:50,Released,Get Smart,6,1051,Action,Comedy,Thriller,,,Village Roadshow Pictures,Atlas Entertainment,Mosaic Media Group,Mad Chance,,,
80000000,6964,English,16.939441,12-12-2003,266728738,02:08,Released,Something's Gotta Give,6.3,410,Drama,Comedy,Romance,,,Columbia Pictures Corporation,Waverly Films,Warner Bros.,,,,
80000000,11324,English,81.914696,18-02-2010,294804195,02:18,Released,Shutter Island,7.8,6336,Drama,Thriller,Mystery,,,Paramount Pictures,Appian Way,Phoenix Pictures,Sikelia Productions,,,
80000000,12193,English,19.500893,26-11-2008,163733697,01:28,Released,Four Christmases,5.3,331,Comedy,Romance,Drama,,,New Line Cinema,Spyglass Entertainment,Type A Films,Ott Medien,,,
75000000,9928,English,29.558157,10-03-2005,260696994,01:31,Released,Robots,6,1333,Animation,Comedy,Family,Science Fiction,,Blue Sky Studios,Twentieth Century Fox Animation,,,,,
80000000,754,English,46.075037,27-06-1997,245676146,02:18,Released,Face/Off,6.8,1583,Action,Crime,Science Fiction,Thriller,,Paramount Pictures,Permut Presentations,WCG Entertainment Productions,Douglas/Reuther Productions,,,
80000000,10202,English,23.531721,24-12-2008,212874442,01:39,Released,Bedtime Stories,5.9,901,Fantasy,Comedy,Family,Romance,,Walt Disney Pictures,Happy Madison Productions,Gunn Films,,,,
80000000,4147,English,49.078546,12-07-2002,181001478,01:57,Released,Road to Perdition,7.3,1077,Thriller,Crime,Drama,,,DreamWorks SKG,The Zanuck Company,Twentieth Century Fox Film Corporation,,,,
80000000,50546,English,37.02665,10-02-2011,214918407,01:57,Released,Just Go with It,6.3,1543,Romance,Comedy,,,,Columbia Pictures,Happy Madison Productions,,,,,
75000000,1701,English,45.154631,01-06-1997,224012234,01:55,Released,Con Air,6.5,1270,Action,Thriller,Crime,,,Jerry Bruckheimer Films,Kouf/Bigelow Productions,Touchstone Pictures,Hiett Designs of Las Vegas,,,
80000000,13027,English,46.887983,25-09-2008,178066569,01:58,Released,Eagle Eye,6.3,1018,Mystery,Thriller,Action,,,DreamWorks SKG,K/O Paper Products,Goldcrest Pictures,KMP Film Invest,,,
79000000,2289,English,24.598479,24-12-2003,173013509,02:34,Released,Cold Mountain,6.7,533,Drama,,,,,Miramax Films,Mirage Enterprises,Castel Film Romania,Bona Fide Productions,,,
80000000,20504,English,32.363538,14-01-2010,157107755,01:58,Released,The Book of Eli,6.6,2164,Action,Thriller,Science Fiction,,,Alcon Entertainment,Silver Pictures,,,,,
80000000,9574,English,11.50396,26-11-1997,177977226,01:33,Released,Flubber,5.3,695,Comedy,Family,Science Fiction,,,Walt Disney Pictures,Great Oaks Entertainment,,,,,
80000000,11618,English,19.375768,23-07-1999,91188905,01:53,Released,The Haunting,5.2,369,Horror,Thriller,Fantasy,Mystery,,DreamWorks,Roth-Arnold Productions,,,,,
80000000,2300,English,36.125715,15-11-1996,250200000,01:28,Released,Space Jam,6.5,1288,Animation,Comedy,Drama,Family,Fantasy,Warner Bros. Family Entertainment,Northern Lights Entertainment,Courtside Seats Productions,,,,
0,12096,English,25.450534,18-01-2006,0,01:33,Released,The Pink Panther,5.6,550,Action,Comedy,Crime,Mystery,Family,Columbia Pictures,International Production Company,The Montecito Picture Company,Robert Simonds Productions,,,
80000000,10200,English,41.890722,10-12-2008,233093859,01:44,Released,The Day the Earth Stood Still,5.2,1043,Drama,Science Fiction,Thriller,,,Twentieth Century Fox Film Corporation,Dune Entertainment III,Earth Canada Productions,Hammerhead Productions,,,
75000000,8834,English,22.179658,07-08-1997,136982834,02:15,Released,Conspiracy Theory,6.5,431,Action,Drama,Mystery,Thriller,,Silver Pictures,Warner Bros.,Donner/Shuler-Donner Productions,,,,
68000000,228150,English,139.575085,15-10-2014,211817906,02:15,Released,Fury,7.4,3946,War,Drama,Action,,,Columbia Pictures,QED International,Crave Films,LStar Capital,,,
70000000,6068,English,18.264635,12-06-1998,164000000,01:38,Released,Six Days Seven Nights,5.6,332,Action,Adventure,Comedy,Romance,,Caravan Pictures,Roger Birnbaum Productions,Northern Lights Entertainment,Touchstone Pictures,,,
80000000,41515,English,11.187696,11-12-2010,201584141,01:20,Released,Yogi Bear,5.2,220,Comedy,Family,Animation,Adventure,,De Line Pictures,Warner Bros. Animation,Sunswept Entertainment,Rhythm and Hues,,,
80000000,9023,English,41.670544,24-05-2002,122563539,01:23,Released,Spirit: Stallion of the Cimarron,7.4,831,Western,Animation,Adventure,Comedy,Family,DreamWorks SKG,DreamWorks Animation,,,,,
80000000,38317,English,27.46264,06-07-2011,169852759,01:42,Released,Zookeeper,5.3,498,Comedy,Romance,Family,,,Columbia Pictures,Happy Madison Productions,Sony Pictures Releasing,Broken Road Productions,,,
80000000,2157,English,17.455024,03-04-1998,136159423,02:10,Released,Lost in Space,5,388,Adventure,Family,Science Fiction,,,New Line Cinema,Irwin Allen Productions,Prelude Pictures,Saltire Entertainment,,,
80000000,14462,English,21.394281,30-07-2004,96105964,02:09,Released,The Manchurian Candidate,6.2,393,Drama,Thriller,Mystery,,,Paramount Pictures,Scott Rudin Productions,Clinica Estetico,,,,
0,161795,English,0.605645,22-04-1998,0,01:57,Released,Déjà Vu,8,1,Romance,Drama,,,,"Rainbow Film Company, The",Revere Entertainment,Jagtoria Films,,,,
80000000,159824,English,61.692197,21-09-2015,473226958,01:29,Released,Hotel Transylvania 2,6.7,1497,Animation,Comedy,Family,,,Columbia Pictures,Sony Pictures Animation,,,,,
80000000,49948,English,14.530946,17-12-1999,90874570,01:14,Released,Fantasia 2000,7,292,Animation,Family,Music,,,Walt Disney Pictures,,,,,,
80000000,2135,English,25.978555,04-03-2002,123729176,01:36,Released,The Time Machine,5.8,631,Science Fiction,Adventure,Action,,,DreamWorks SKG,Warner Bros.,,,,,
90000000,9822,English,6.643778,25-12-1998,0,01:54,Released,Mighty Joe Young,5.9,208,Action,Adventure,Family,Fantasy,,Walt Disney Pictures,RKO Pictures,,,,,
102000000,9705,English,36.788745,07-06-2001,147080413,01:39,Released,Swordfish,6.1,932,Action,Crime,Thriller,,,Village Roadshow Pictures,NPV Entertainment,Silver Pictures,Warner Bros.,,,
75000000,1656,English,31.054334,24-10-2005,142400065,02:09,Released,The Legend of Zorro,5.9,893,Action,Adventure,,,,Amblin Entertainment,Columbia Pictures Corporation,,,,,
85000000,12159,English,21.891078,02-10-1998,71485043,01:53,Released,What Dreams May Come,6.8,577,Drama,Fantasy,Romance,,,PolyGram Filmed Entertainment,,,,,,
85000000,9678,English,18.335992,10-11-2000,0,01:30,Released,Little Nicky,5.2,438,Comedy,Fantasy,Romance,,,New Line Cinema,Avery Pix,Happy Madison Productions,,,,
88000000,4442,English,40.138009,26-08-2005,105316267,01:58,Released,The Brothers Grimm,5.6,818,Adventure,Fantasy,Action,Comedy,Thriller,The Weinstein Company,Summit Entertainment,Atlas Entertainment,Mosaic Media Group,,,
70000000,75,English,44.090535,12-12-1996,101371017,01:46,Released,Mars Attacks!,6.1,1509,Comedy,Fantasy,Science Fiction,,,Tim Burton Productions,,,,,,
0,330770,French,3.300061,14-09-2015,0,01:21,Released,Evolution,6.4,47,Mystery,Drama,Horror,,,Ex Nihilo,Canal+,Les films du Worso,Noodles Production,,,
0,9433,English,20.632673,06-09-1997,43312294,01:57,Released,The Edge,6.7,349,Action,Adventure,Drama,,,Art Linson Productions,,,,,,
80000000,19959,English,36.664991,24-09-2009,122444772,01:29,Released,Surrogates,5.9,1195,Action,Science Fiction,Thriller,,,Touchstone Pictures,Mandeville Films,Wintergreen Productions,Top Shelf Productions,,,
80000000,11973,English,18.26121,24-12-2000,34566746,02:25,Released,Thirteen Days,6.9,189,Drama,Thriller,,,,New Line Cinema,Tig Productions,,,,,
80000000,11228,English,16.681269,06-12-1996,159212469,01:55,Released,Daylight,5.8,378,Action,Adventure,Thriller,,,Universal Pictures,Davis Entertainment,,,,,
80000000,77951,English,10.088006,18-12-2013,126546518,01:27,Released,Walking With Dinosaurs,5.2,133,Animation,Family,Adventure,,,BBC Worldwide,Reliance BIG Entertainment,Animal Logic,BBC Earth,,,
44000000,5491,English,7.89147,10-05-2000,21400000,01:58,Released,Battlefield Earth,3,255,Action,Science Fiction,War,,,Franchise Pictures,Warner Bros.,JTP Films,Morgan Creek Productions,,,
80000000,10715,English,16.715631,14-11-2003,68514844,01:30,Released,Looney Tunes: Back in Action,5.6,297,Animation,Comedy,Family,,,Lonely Film Productions GmbH & Co. KG.,Warner Bros. Animation,Warner Bros.,Goldmann Pictures,,,
80000000,10197,English,9.357734,03-12-2009,53825515,01:52,Released,Nine,5.1,165,Drama,Music,Romance,,,The Weinstein Company,Relativity Media,,,,,
80000000,9562,English,11.22268,26-11-2003,19480739,01:56,Released,Timeline,5.4,318,Action,Adventure,Science Fiction,,,Paramount Pictures,Donners' Company,Mutual Film Company,Cobalt Media Group,,,
80000000,9922,English,14.564667,25-12-1997,17626234,02:57,Released,The Postman,6.1,299,Drama,Adventure,,,,Tig Productions,Warner Bros.,,,,,
90000000,9447,English,11.356079,25-11-1998,69131860,01:32,Released,Babe: Pig in the City,5.2,305,Adventure,Comedy,Drama,Family,Fantasy,Kennedy Miller Productions,,,,,,
90000000,274854,English,52.612025,21-10-2015,146936910,01:46,Released,The Last Witch Hunter,5.7,1316,Fantasy,Action,Adventure,,,Summit Entertainment,Atmosphere Entertainment MM,One Race Films,Goldmann Pictures,,,
80000000,8870,English,13.800656,10-11-2000,33463969,01:46,Released,Red Planet,5.4,267,Thriller,Action,Science Fiction,,,Village Roadshow Pictures,NPV Entertainment,Warner Bros.,The Canton Company,,,
86000000,9992,English,27.097932,13-12-2006,107944236,01:34,Released,Arthur and the Invisibles,6,639,Adventure,Fantasy,Animation,Family,,Canal Plus,Sofica Europacorp,Avalanche Productions,EuropaCorp,,,
0,36970,English,10.706613,17-10-2009,19406406,01:24,Released,Oceans,7.3,111,Documentary,Family,,,,Path\u00e9 Films,Canal+,TPS Star,Participant Media,,,
80000000,10077,English,7.342892,15-05-2005,5989640,01:50,Released,A Sound of Thunder,4.8,111,Thriller,Science Fiction,Adventure,Action,,Epsilon Motion Pictures,Franchise Pictures,Baldwin Entertainment Group,Dante Entertainment,,,
130000000,76649,English,50.561849,18-02-2014,117831631,01:45,Released,Pompeii,5.2,1267,Action,Adventure,History,Romance,Drama,Impact Pictures,TriStar Pictures,Don Carmody Productions,FilmDistrict,,,
8000000,293644,Spanish,0.719996,30-10-2015,0,01:29,Released,Top Cat Begins,5.3,9,Comedy,Animation,,,,Anima Estudios,Discreet Art Productions,,,,,
60000000,453,English,59.248437,11-12-2001,313542341,02:15,Released,A Beautiful Mind,7.7,3009,Drama,Romance,,,,Imagine Entertainment,DreamWorks SKG,Universal Pictures,,,,
45000000,8587,English,90.457886,23-06-1994,788241776,01:29,Released,The Lion King,8,5376,Family,Animation,Drama,,,Walt Disney Pictures,Walt Disney Feature Animation,,,,,
79000000,72545,English,40.723459,19-01-2012,355692760,01:34,Released,Journey 2: The Mysterious Island,5.8,1030,Adventure,Action,Science Fiction,,,New Line Cinema,Contrafilm,Walden Media,,,,
78000000,109451,English,41.247402,26-09-2013,248384621,01:35,Released,Cloudy with a Chance of Meatballs 2,6.4,915,Animation,Family,Comedy,,,Columbia Pictures,Sony,,,,,
78000000,9533,English,10.083905,29-09-2002,209196298,02:04,Released,Red Dragon,6.7,1115,Crime,Thriller,Horror,,,Universal Pictures,Metro-Goldwyn-Mayer (MGM),,,,,
100000000,2023,English,16.759252,05-03-2004,108103450,02:16,Released,Hidalgo,6.5,318,Western,Adventure,,,,Casey Silver Productions,Touchstone Pictures,Dune Films,,,,
79000000,71880,English,22.132418,11-11-2011,149673788,01:31,Released,Jack and Jill,4.1,604,Comedy,,,,,Columbia Pictures,Happy Madison Productions,Broken Road Productions,,,,
76000000,584,English,10.520961,05-06-2003,236350661,01:47,Released,2 Fast 2 Furious,6.2,2028,Action,Crime,Thriller,,,Mikona Productions GmbH & Co. KG,Universal Pictures,Original Film,Ardustry Entertainment,,,
64000000,309809,English,35.384423,29-07-2015,97571250,01:32,Released,The Little Prince,7.6,756,Adventure,Animation,Fantasy,,,Onyx Films,NetFlix,Orange Studios,CityMation,,,
80000000,4858,English,15.673154,17-08-2007,15071514,01:39,Released,The Invasion,5.7,359,Science Fiction,Thriller,,,,Village Roadshow Pictures,Vertigo Entertainment,Silver Pictures,Warner Bros.,,,
76000000,17711,English,8.981427,30-06-2000,35134820,01:28,Released,The Adventures of Rocky & Bullwinkle,3.9,87,Action,Adventure,Animation,Comedy,Family,Universal Pictures,Capella International,KC Medien AG,Tribeca Productions,,,
75000000,328111,English,31.482872,18-06-2016,875958308,01:27,Released,The Secret Life of Pets,5.9,3462,Animation,Family,,,,Universal Pictures,Fuji Television Network,Dentsu,Illumination Entertainment,,,
78000000,8698,English,47.436675,11-07-2003,179265204,01:50,Released,The League of Extraordinary Gentlemen,5.7,1155,Fantasy,Action,Thriller,Science Fiction,,Twentieth Century Fox Film Corporation,JD Productions,International Production Company,Angry Films,,,
76000000,93456,English,136.886704,25-06-2013,970761885,01:38,Released,Despicable Me 2,7,4637,Animation,Comedy,Family,,,Universal Pictures,Illumination Entertainment,,,,,
75000000,602,English,60.442593,25-06-1996,816969268,02:25,Released,Independence Day,6.7,3260,Action,Adventure,Science Fiction,,,Twentieth Century Fox Film Corporation,Centropolis Entertainment,,,,,
73000000,330,English,2.502487,23-05-1997,229074524,02:09,Released,The Lost World: Jurassic Park,6.2,2487,Adventure,Action,Science Fiction,,,Universal Pictures,Amblin Entertainment,,,,,
75000000,953,English,48.110909,25-05-2005,532680671,01:26,Released,Madagascar,6.6,3237,Family,Animation,,,,DreamWorks SKG,Pacific Data Images (PDI),DreamWorks Animation,,,,
76000000,9693,English,35.387874,22-09-2006,69959751,01:49,Released,Children of Men,7.4,2071,Drama,Action,Thriller,Science Fiction,,Universal Pictures,Strike Entertainment,Hit & Run Productions,,,,
75000000,36657,English,4.66891,13-07-2000,296339527,01:44,Released,X-Men,6.8,4097,Adventure,Action,Science Fiction,,,Twentieth Century Fox Film Corporation,Donners' Company,Bad Hat Harry Productions,Marvel Enterprises,,,
75000000,8909,English,73.82289,19-06-2008,258270008,01:50,Released,Wanted,6.4,2528,Action,Thriller,Crime,,,Universal Pictures,Spyglass Entertainment,Bazelevs Production,Kickstart Productions,,,
75000000,9802,English,51.469576,06-06-1996,335062621,02:16,Released,The Rock,6.9,1456,Action,Adventure,Thriller,,,Hollywood Pictures,Don Simpson/Jerry Bruckheimer Films,,,,,
80000000,950,English,85.115058,23-03-2006,660940780,01:31,Released,Ice Age: The Meltdown,6.5,2951,Animation,Family,Comedy,Adventure,,Blue Sky Studios,Twentieth Century Fox Animation,,,,,
75000000,1824,English,61.437586,13-02-2004,196482882,01:39,Released,50 First Dates,6.6,2105,Comedy,Romance,,,,Columbia Pictures Corporation,Happy Madison Productions,Anonymous Content,Flower Films (II),,,
50000000,2976,English,31.160542,13-07-2007,90450008,01:57,Released,Hairspray,6.5,709,Family,Comedy,Music,Romance,,New Line Cinema,Ingenious Film Partners,Offspring Entertainment,Zadan / Meron Productions,,,
80000000,11026,English,15.761384,20-08-2004,78000586,01:54,Released,Exorcist: The Beginning,4.7,183,Horror,Mystery,Thriller,,,Morgan Creek Productions,Dominion Productions,,,,,
75000000,332,English,17.561955,23-07-1999,0,01:18,Released,Inspector Gadget,4.3,318,Action,Adventure,Comedy,Family,,Walt Disney Pictures,Caravan Pictures,DiC Entertainment,,,,
75000000,75656,English,71.124686,29-05-2013,117698894,01:55,Released,Now You See Me,7.3,5487,Thriller,Crime,,,,Summit Entertainment,K/O Paper Products,SOIXAN7E QUIN5E,See Me Louisiana,,,
80000000,38365,English,38.864027,24-06-2010,271430189,01:42,Released,Grown Ups,6,1705,Comedy,,,,,Columbia Pictures,Happy Madison Productions,Relativity Media,,,,
60000000,594,English,57.753914,17-06-2004,219417255,02:08,Released,The Terminal,7,1910,Comedy,Drama,,,,DreamWorks SKG,Amblin Entertainment,Parkes/MacDonald Productions,,,,
35000000,15189,English,13.25753,16-01-2009,73034460,01:40,Released,Hotel for Dogs,5.7,202,Comedy,Family,,,,DreamWorks SKG,Nickelodeon Movies,,,,,
75000000,11678,English,13.318744,08-12-2000,215663859,02:04,Released,Vertical Limit,5.9,283,Action,Adventure,Thriller,,,Columbia Pictures Corporation,Global Entertainment Productions GmbH & Company Medien KG,,,,,
75000000,6538,English,18.70031,19-12-2007,119000410,01:42,Released,Charlie Wilson's War,6.5,338,Comedy,Drama,History,,,Universal Pictures,Participant Productions,Playtone Production,,,,
75000000,10555,English,47.094369,20-09-2004,367275019,01:30,Released,Shark Tale,5.8,1557,Animation,Action,Comedy,Family,,DreamWorks SKG,Pacific Data Images (PDI),DreamWorks Animation,,,,
70000000,1125,English,14.486311,25-12-2006,154937680,02:14,Released,Dreamgirls,6.6,284,Drama,,,,,Paramount Pictures,DreamWorks SKG,Laurence Mark Productions,,,,
53000000,4551,English,18.61472,04-03-2005,95226116,01:58,Released,Be Cool,5.4,292,Comedy,Crime,,,,Double Feature Films,Jersey Films,Nina Saxon Film Design,Metro-Goldwyn-Mayer (MGM),,,
70000000,612,English,29.035222,22-12-2005,130358911,02:44,Released,Munich,6.9,696,Drama,Action,History,Thriller,,DreamWorks SKG,Universal Pictures,Amblin Entertainment,Peninsula Films,,,
70000000,9567,English,27.055085,07-03-2003,85632458,02:01,Released,Tears of the Sun,6.4,573,Action,Drama,War,,,Columbia Pictures,Revolution Studios,Cheyenne Enterprises,Michael Lobell Productions,,,
75000000,37821,English,23.004607,04-06-2010,98159963,01:40,Released,Killers,5.7,772,Action,Comedy,Thriller,Romance,,Katalyst Films,Lionsgate,Aversano Films,,,,
75000000,203801,English,48.744209,13-08-2015,108145109,01:56,Released,The Man from U.N.C.L.E.,7.1,2265,Comedy,Action,Adventure,,,Davis Entertainment,Warner Bros.,Wigram Productions,RatPac-Dune Entertainment,,,
80000000,2539,English,14.209329,17-12-2004,55041367,02:10,Released,Spanglish,5.8,369,Comedy,,,,,Gracie Films,Columbia Pictures Corporation,,,,,
75000000,9297,English,36.368839,21-07-2006,140175006,01:31,Released,Monster House,6.3,874,Animation,Comedy,Family,Fantasy,,Columbia Pictures,Amblin Entertainment,Sony Pictures Animation,Sony Pictures Entertainment,,,
75000000,3172,English,24.353302,12-10-2001,67631903,02:03,Released,Bandits,6.2,302,Action,Comedy,Crime,Romance,,Cheyenne Enterprises,Epsilon Motion Pictures,Empire Pictures,Metro-Goldwyn-Mayer (MGM),,,
55000000,6520,English,19.143321,07-07-1995,127600435,02:14,Released,First Knight,5.9,311,Action,Adventure,Drama,Romance,,Columbia Pictures Corporation,First Knight Productions,,,,,
75000000,1439,English,13.327372,16-12-1999,0,02:28,Released,Anna and the King,6.4,197,Drama,History,Romance,,,Fox 2000 Pictures,,,,,,
75000000,37958,English,37.917002,10-11-2011,226904017,01:50,Released,Immortals,5.7,880,Fantasy,Action,Drama,,,Virgin Produced,Mark Canton Productions,,,,,
52000000,2026,English,23.663713,09-03-2005,77944725,01:53,Released,Hostage,6.2,512,Mystery,Drama,Thriller,Crime,,Miramax Films,Cheyenne Enterprises,Yari Film Group,Stratus Film Co.,,,
75000000,7450,English,14.44381,16-06-2000,36754634,01:34,Released,Titan A.E.,6.3,313,Animation,Action,Science Fiction,Family,Adventure,Twentieth Century Fox Film Corporation,David Kirschner Productions,Fox Animation Studios,,,,
75000000,11375,English,10.605084,09-06-2003,51142659,01:56,Released,Hollywood Homicide,5,166,Action,Adventure,Comedy,Thriller,,Columbia Pictures,Revolution Studios,,,,,
75000000,9425,English,11.873856,23-10-1998,14567883,01:39,Released,Soldier,6.1,221,Action,War,Science Fiction,,,Impact Pictures,Jerry Weintraub Productions,Warner Bros.,Morgan Creek Productions,,,
0,25769,English,12.708963,04-09-2009,5802422,01:24,Released,Carriers,5.8,282,Action,Drama,Horror,Science Fiction,Thriller,Paramount Vantage,Likely Story,Ivy Boy Productions,This Is That Productions,,,
75000000,23685,English,8.098369,23-02-2001,5409517,01:33,Released,Monkeybone,4.3,78,Adventure,Fantasy,Animation,Action,Comedy,Twentieth Century Fox Film Corporation,1492 Pictures,Twitching Image Studio,,,,
45000000,11866,English,20.374308,17-12-2004,21009180,01:53,Released,Flight of the Phoenix,5.7,276,Action,Adventure,Drama,Thriller,,Twentieth Century Fox Film Corporation,Davis Entertainment,Aldrich Group,Optional Pictures,,,
75000000,9741,English,42.006908,13-11-2000,248118121,01:46,Released,Unbreakable,6.9,1946,Science Fiction,Thriller,Drama,,,Limited Edition Productions Inc.,Touchstone Pictures,Blinding Edge Pictures,Barry Mendel Productions,,,
74000000,211672,English,875.581305,17-06-2015,1156730962,01:31,Released,Minions,6.4,4571,Family,Animation,Adventure,Comedy,,Universal Pictures,Illumination Entertainment,,,,,
82000000,23629,English,39.127082,24-03-2011,89792502,01:50,Released,Sucker Punch,5.9,1623,Action,Fantasy,Thriller,,,Legendary Pictures,Warner Bros.,Lennox House Films,Cruel and Unusual Films,,,
73000000,8688,English,20.790703,07-08-1998,103891409,01:38,Released,Snake Eyes,5.8,327,Crime,Mystery,,,,Paramount Pictures,DeBart,Touchstone Pictures,Mel's Cite du Cinema,,,
75000000,10153,English,18.65988,13-02-1998,13100000,02:14,Released,Sphere,5.8,476,Science Fiction,,,,,Punch Productions,Warner Bros.,Baltimore Pictures,Constant c Productions,,,
73000000,153518,English,45.720894,11-05-2016,349779543,01:37,Released,The Angry Birds Movie,5.9,1022,Family,Animation,,,,Columbia Pictures,Rovio Entertainment,Sony Pictures Imageworks (SPI),Rovio Mobile,,,
70000000,8676,English,21.789615,07-02-2008,111231041,01:52,Released,Fool's Gold,5.4,444,Romance,Comedy,Adventure,,,De Line Pictures,Warner Bros.,,,,,
75000000,20829,English,20.199057,31-07-2009,61458982,02:26,Released,Funny People,5.7,390,Comedy,Drama,,,,Columbia Pictures,Universal Pictures,Happy Madison Productions,Relativity Media,,,
70000000,4349,English,26.123705,22-08-2007,86658558,01:50,Released,The Kingdom,6.5,513,Thriller,Action,Drama,,,Universal Pictures,Forward Pass,Relativity Media,FilmWorks,,,
72500000,9718,English,12.599836,04-08-2006,162966177,01:56,Released,Talladega Nights: The Ballad of Ricky Bobby,6.2,491,Comedy,,,,,Columbia Pictures,Apatow Productions,,,,,
70000000,10808,English,13.543053,22-06-2001,176104344,01:27,Released,Dr. Dolittle 2,4.9,410,Comedy,Family,Romance,Fantasy,,Twentieth Century Fox Film Corporation,Joseph M. Singer Entertainment,Davis Entertainment,,,,
72000000,197,English,60.722162,24-05-1995,210000000,02:57,Released,Braveheart,7.7,3336,Action,Drama,History,War,,Icon Entertainment International,The Ladd Company,B.H. Finance C.V.,,,,
72000000,25,English,32.227223,04-11-2005,96889998,02:05,Released,Jarhead,6.6,765,Drama,War,,,,Universal Pictures,Neal Street Productions,Red Wagon Entertainment,Motion Picture KAPPA Produktionsgesellschaft,,,
75000000,35,English,46.875375,25-07-2007,527068851,01:27,Released,The Simpsons Movie,6.9,2264,Animation,Comedy,Family,,,Gracie Films,Twentieth Century Fox Film Corporation,,,,,
72000000,11086,English,11.215702,21-12-2001,37317558,02:32,Released,The Majestic,6.6,188,Drama,Romance,,,,Village Roadshow Pictures,Castle Rock Entertainment,NPV Entertainment,Darkwoods Productions,,,
94000000,10477,English,8.468586,27-04-2001,54744738,01:56,Released,Driven,4.5,179,Action,,,,,Epsilon Motion Pictures,Franchise Pictures,Trackform Film Productions,Mel's Cite du Cinema,,,
74500000,1997,English,8.884318,07-04-2004,62172050,01:49,Released,Two Brothers,6.9,180,Adventure,Drama,Family,,,Path\u00e9 Renn Productions,TF1 Films Production,Canal+,Pathe,,,
60000000,6947,English,27.491891,30-07-2004,256697520,01:48,Released,The Village,6.2,1071,Drama,Mystery,Thriller,,,Scott Rudin Productions,Touchstone Pictures,Blinding Edge Pictures,,,,
71000000,3050,English,21.462935,22-06-1998,294456605,01:25,Released,Doctor Dolittle,5.4,686,Comedy,Family,Fantasy,,,Twentieth Century Fox Film Corporation,Joseph M. Singer Entertainment,Davis Entertainment,,,,
72000000,2675,English,28.848187,02-08-2002,408247917,01:46,Released,Signs,6.4,1599,Drama,Thriller,Science Fiction,Mystery,,"Kennedy/Marshall Company, The",Touchstone Pictures,Blinding Edge Pictures,,,,
150000000,809,English,47.320801,19-05-2004,919838758,01:33,Released,Shrek 2,6.7,2988,Adventure,Animation,Comedy,Family,Fantasy,DreamWorks SKG,Pacific Data Images (PDI),DreamWorks Animation,,,,
120000000,920,English,82.643036,08-06-2006,461983149,01:57,Released,Cars,6.6,3877,Animation,Adventure,Comedy,Family,,Walt Disney Pictures,Pixar Animation Studios,,,,,
70000000,4806,English,20.230535,30-07-1999,309457509,01:56,Released,Runaway Bride,5.7,455,Comedy,Romance,,,,Paramount Pictures,Lakeshore Entertainment,Touchstone Pictures,Interscope Communications,,,
70000000,7451,English,46.217769,09-08-2002,277448382,02:04,Released,xXx,5.8,1424,Action,Adventure,Thriller,,,Columbia Pictures,Original Film,Revolution Studios,,,,
74000000,228165,English,36.952268,05-02-2015,311594032,01:33,Released,The SpongeBob Movie: Sponge Out of Water,5.8,719,Animation,Adventure,Comedy,Family,,Paramount Pictures,Nickelodeon Movies,Nickelodeon Animation Studios,United Plankton Pictures,,,
80000000,3595,English,16.411345,08-11-1996,309492681,01:57,Released,Ransom,6.4,470,Action,Thriller,,,,Touchstone Pictures,Brian Grazer/Scott Rudin Productions,,,,,
70000000,16869,English,72.595961,18-08-2009,319131050,02:33,Released,Inglourious Basterds,7.9,6430,Drama,Action,Thriller,War,,Universal Pictures,A Band Apart,The Weinstein Company,Zehnte Babelsberg,,,
70000000,879,English,33.648404,11-12-1991,300854823,02:24,Released,Hook,6.6,1532,Adventure,Fantasy,Comedy,Family,,Amblin Entertainment,TriStar Pictures,,,,,
70000000,1573,English,57.69847,02-07-1990,240031094,02:04,Released,Die Hard 2,6.6,1896,Action,Thriller,,,,Twentieth Century Fox Film Corporation,Gordon Company,Silver Pictures,,,,
80000000,9257,English,34.052253,08-08-2003,116643346,01:57,Released,S.W.A.T.,5.8,770,Action,Thriller,Crime,,,Original Film,Columbia Pictures Corporation,Camelot Pictures,Chris Lee Productions,,,
68000000,1903,English,27.299301,10-12-2001,203388341,02:16,Released,Vanilla Sky,6.5,1078,Drama,Mystery,Romance,Science Fiction,Thriller,Paramount Pictures,Cruise-Wagner Productions,Vinyl Films,,,,
75000000,9697,English,20.219385,21-07-2006,42285169,01:50,Released,Lady in the Water,5.3,409,Drama,Thriller,Fantasy,Mystery,,Legendary Pictures,Warner Bros.,Blinding Edge Pictures,,,,
70000000,395,English,42.957216,12-08-2004,171183863,01:41,Released,AVP: Alien vs. Predator,5.5,1217,Adventure,Science Fiction,Action,,,Impact Pictures,Studio Babelsberg,Twentieth Century Fox Film Corporation,Davis Entertainment,,,
75000000,23398,English,29.412262,21-12-2009,443140005,01:28,Released,Alvin and the Chipmunks: The Squeakquel,5.4,666,Comedy,Family,Animation,Fantasy,Music,Regency Enterprises,Fox 2000 Pictures,Bagdasarian Productions,,,,
75000000,10590,English,19.708731,01-03-2002,114660784,02:18,Released,We Were Soldiers,6.7,521,Action,History,War,,,Icon Entertainment International,Wheelhouse Entertainment,Motion Picture Production GmbH & Co. Erste KG,,,,
70000000,117263,English,59.428223,20-03-2013,161025640,02:00,Released,Olympus Has Fallen,6.2,2981,Action,Thriller,,,,Nu Image Films,Millennium Films,,,,,
70000000,200,English,19.711951,10-12-1998,118000000,01:43,Released,Star Trek: Insurrection,6.3,391,Science Fiction,Action,Adventure,Thriller,,Paramount Pictures,,,,,,
70000000,44943,English,49.199234,08-03-2011,202466756,01:56,Released,Battle: Los Angeles,5.5,1448,Action,Science Fiction,,,,Columbia Pictures,Original Film,Relativity Media,,,,
70000000,587,English,46.199482,25-12-2003,122919055,02:05,Released,Big Fish,7.6,1994,Adventure,Fantasy,Drama,,,Columbia Pictures,The Zanuck Company,Jinks/Cohen Company,Tim Burton Productions,,,
0,10395,English,13.758526,17-06-1994,0,02:05,Released,Wolf,6,216,Fantasy,,,,,Columbia Pictures,,,,,,
66000000,57212,English,29.505574,25-12-2011,177584879,02:26,Released,War Horse,7,992,Drama,War,,,,DreamWorks SKG,Amblin Entertainment,Reliance Entertainment,"Kennedy/Marshall Company, The",,,
70000000,152760,English,43.873266,24-01-2014,154984035,01:58,Released,The Monuments Men,5.8,1523,War,Drama,History,Action,,Columbia Pictures,Studio Babelsberg,Fox 2000 Pictures,Smokehouse Pictures,,,
70000000,2756,English,24.961625,09-08-1989,90000098,02:19,Released,The Abyss,7.1,808,Adventure,Action,Thriller,Science Fiction,,Twentieth Century Fox Film Corporation,Lightstorm Entertainment,Pacific Western,,,,
70000000,33909,English,23.25645,02-09-2010,134748021,02:13,Released,Wall Street: Money Never Sleeps,5.8,493,Drama,Crime,,,,Twentieth Century Fox Film Corporation,Dune Entertainment,Dune Entertainment III,Edward R. Pressman Film,,,
70000000,49017,English,64.457947,01-10-2014,215529201,01:32,Released,Dracula Untold,6.2,2389,Horror,Action,Drama,Fantasy,War,Universal Pictures,Legendary Pictures,Fuji Television Network,Dentsu,,,
70000000,9882,English,20.089933,06-11-1998,116672912,01:56,Released,The Siege,6,352,Drama,Action,Thriller,Crime,,Twentieth Century Fox Film Corporation,Lynda Obst Productions,"Bedford Falls Company, The",,,,
70000000,2270,English,48.032734,09-08-2007,135560026,02:07,Released,Stardust,7.1,1184,Adventure,Fantasy,Romance,Family,,Paramount Pictures,Ingenious Film Partners,Di Bonaventura Pictures,Marv Films,,,
70000000,978,English,16.92991,12-09-1997,131457682,02:16,Released,Seven Years in Tibet,7,630,Adventure,Drama,History,,,TriStar Pictures,Mandalay Entertainment,Applecross,Reperage & Vanguard Films,,,
70000000,44564,English,14.780634,13-01-2011,67112664,01:51,Released,The Dilemma,5.2,304,Comedy,Drama,,,,Imagine Entertainment,Universal Pictures,Spyglass Entertainment,Wild West Picture Show Productions,,,
70000000,3132,English,14.086292,07-06-2002,65977295,01:56,Released,Bad Company,5.4,228,Action,Adventure,Comedy,Thriller,,Jerry Bruckheimer Films,Touchstone Pictures,Stillking Films,,,,
60000000,8814,English,29.261348,20-10-2005,55987321,01:45,Released,Doom,5,609,Adventure,Action,Horror,,,Di Bonaventura Pictures,John Wells Productions,Reaper Productions,Stillking Films,,,
70000000,8427,English,13.267631,31-10-2002,33561137,01:37,Released,I Spy,5.2,269,Action,Adventure,Comedy,Thriller,,Columbia Pictures Corporation,,,,,,
70000000,52520,English,58.401204,19-01-2012,160112671,01:28,Released,Underworld: Awakening,6.1,1862,Fantasy,Action,Horror,,,Lakeshore Entertainment,Saturn Films,Screen Gems,Sketch Films,,,
75000000,80585,English,23.515938,13-06-2012,59418613,02:03,Released,Rock of Ages,6,385,Comedy,Drama,Music,Romance,,New Line Cinema,Offspring Entertainment,Corner Store Entertainment,Material Pictures,,,
70000000,10592,English,14.244518,15-02-2002,32287044,02:05,Released,Hart's War,5.9,241,Drama,War,,,,David Foster Productions,Cheyenne Enterprises,Metro-Goldwyn-Mayer (MGM),David Ladd Films,,,
66000000,49021,English,29.501489,23-09-2011,57777106,01:56,Released,Killer Elite,6.1,695,Action,Adventure,Thriller,,,Current Entertainment,Omnilab Media,Ambience Entertainment,International Traders,,,
0,11535,English,9.306253,08-02-2002,0,01:38,Released,Rollerball,3.4,106,Action,Science Fiction,Thriller,,,Atlas Entertainment,Toho-Towa,Mosaic Media Group,Yorktown Productions,,,
70000000,10550,English,8.37378,20-09-2002,19924033,01:31,Released,Ballistic: Ecks vs. Sever,4.3,97,Action,Adventure,Thriller,,,Epsilon Motion Pictures,Franchise Pictures,Dante Entertainment,Chris Lee Productions,,,
70000000,11258,English,10.930537,16-01-1998,19870567,01:37,Released,Hard Rain,5.5,179,Thriller,,,,,Paramount Pictures,Toho-Towa,Mutual Film Company,PolyGram Filmed Entertainment,,,
75000000,12610,English,10.54544,07-08-2001,13596911,01:35,Released,Osmosis Jones,5.9,228,Adventure,Animation,Action,Comedy,Family,Conundrum Entertainment,Warner Bros. Animation,Warner Bros.,,,,
70000000,59981,English,6.682006,13-06-2013,18662027,01:28,Released,Legends of Oz: Dorothy's Return,5.9,43,Animation,Music,Family,,,Prana Animation Studios,Summertime Entertainment,,,,,
70000000,201088,English,46.832372,13-01-2015,17752940,02:13,Released,Blackhat,5.1,826,Crime,Drama,Mystery,,,Universal Pictures,Forward Pass,Legendary Pictures,,,,
70000000,5137,English,24.664776,17-09-2004,57958696,01:47,Released,Sky Captain and the World of Tomorrow,5.7,439,Mystery,Action,Thriller,Science Fiction,Adventure,Paramount Pictures,Natural Nylon Entertainment,Riff Raff Film Productions,Filmauro,,,
70000000,3093,English,13.483387,29-03-2006,38629478,01:54,Released,Basic Instinct 2,4.6,180,Crime,Mystery,Thriller,,,Intermedia Films,Kanzaman,C-2 Pictures,IMF Internationale Medien und Film GmbH & Co. 3. Produktions KG,,,
50000000,107846,English,44.478043,09-10-2013,122915111,01:55,Released,Escape Plan,6.7,1659,Action,Thriller,,,,Summit Entertainment,Atmosphere Entertainment MM,Emmett/Furla Films,Mark Canton Productions,,,
70000000,188207,English,25.020428,10-01-2014,61279452,01:39,Released,The Legend of Hercules,4.4,533,Action,Adventure,,,,Millennium Films,,,,,,
68000000,4614,English,22.392544,31-05-2002,193000000,02:04,Released,The Sum of All Fears,5.9,437,Thriller,Action,Drama,,,Paramount Pictures,Mace Neufeld Productions,MFP Munich Film Partners GmbH & Company I. Produktions KG,S.O.A.F. Productions,,,
68000000,24021,English,107.069763,23-06-2010,698491347,02:04,Released,The Twilight Saga: Eclipse,5.8,2301,Adventure,Fantasy,Drama,Romance,,Summit Entertainment,Maverick Films,Imprint Entertainment,Sunswept Entertainment,,,
68000000,11371,English,22.572323,13-07-2001,71069884,02:04,Released,The Score,6.7,423,Action,Crime,Thriller,,,Paramount Pictures,Mandalay Pictures,Horseshoe Bay Productions,,,,
69000000,20352,English,113.858273,08-07-2010,543513985,01:35,Released,Despicable Me,7.1,6478,Animation,Family,,,,Universal Pictures,Illumination Entertainment,,,,,
60000000,11517,English,10.004564,21-11-1995,35431113,01:43,Released,Money Train,5.4,222,Action,Comedy,Crime,,,Columbia Pictures,,,,,,
68000000,214756,English,68.734513,25-06-2015,217022588,01:55,Released,Ted 2,6.2,2463,Comedy,,,,,Universal Pictures,Fuzzy Door Productions,Bluegrass Films,Smart Entertainment,,,
70000000,26428,English,18.888806,17-05-2009,39041505,02:07,Released,Agora,6.9,395,Adventure,Drama,History,,,Himen\u00f3ptero,Telecinco Cinema,Mod Producciones,Nimar Studios,,,
68000000,9824,English,12.948627,06-08-1999,29762011,02:01,Released,Mystery Men,5.7,250,Adventure,Fantasy,Action,Comedy,Science Fiction,Universal Pictures,Dark Horse Entertainment,Golar Productions,,,,
36000000,48988,English,27.11589,25-02-2011,83160734,01:45,Released,Hall Pass,5.4,611,Comedy,,,,,New Line Cinema,Conundrum Entertainment,,,,,
90000000,9008,English,26.153669,28-10-1999,60289912,02:37,Released,The Insider,7.3,481,Drama,Thriller,,,,Spyglass Entertainment,Forward Pass,Kaitz Productions,Mann/Roth Productions,,,
80000000,300673,English,28.223664,25-01-2016,52099090,01:54,Released,The Finest Hours,6.3,588,Action,Drama,History,Thriller,,Walt Disney Pictures,Whitaker Entertainment,Bergsten Music,Red Hawk Entertainment,,,
70000000,12113,English,37.507136,10-10-2008,113280098,02:08,Released,Body of Lies,6.5,895,Action,Drama,Thriller,,,Scott Free Productions,De Line Pictures,Warner Bros.,,,,
69000000,38778,English,11.023691,30-07-2010,86387857,01:54,Released,Dinner for Schmucks,5.5,531,Comedy,,,,,Paramount Pictures,DreamWorks SKG,Spyglass Entertainment,Everyman Pictures,,,
69000000,72331,English,38.634767,20-06-2012,112265139,01:34,Released,Abraham Lincoln: Vampire Hunter,5.5,1269,Action,Fantasy,Horror,,,Twentieth Century Fox Film Corporation,Bazelevs Production,Tim Burton Productions,Abraham Productions,,,
66000000,1844,English,25.877794,29-04-1999,212404396,01:52,Released,Entrapment,6,602,Romance,Drama,Mystery,,,Fountainbridge Films,Regency Enterprises,,,,,
66000000,846,English,18.59991,19-06-1998,189198313,02:01,Released,The X Files,6.6,488,Mystery,Science Fiction,Thriller,,,Twentieth Century Fox Film Corporation,Ten Thirteen Productions,,,,,
67000000,9703,English,12.282911,19-04-2007,25303038,01:42,Released,The Last Legion,5,207,Action,Adventure,Fantasy,War,,Ingenious Film Partners,Quinta Communications,Dino De Laurentiis Company,Zephyr Films,,,
70000000,857,English,76.041867,24-07-1998,481840909,02:49,Released,Saving Private Ryan,7.9,5048,Drama,History,War,,,Paramount Pictures,DreamWorks SKG,Amblin Entertainment,Mutual Film Company,,,
66000000,136797,English,54.81489,13-03-2014,203277636,02:10,Released,Need for Speed,6.1,1520,Action,Crime,Drama,Thriller,,DreamWorks SKG,Reliance Entertainment,Bandito Brothers,Touchstone Pictures,,,
70000000,3981,English,31.39165,15-12-2000,374111707,02:07,Released,What Women Want,6.1,992,Comedy,Romance,,,,Paramount Pictures,Centropolis Entertainment,Icon Entertainment International,Wind Dancer Productions,,,
59000000,425,English,99.561972,10-03-2002,383257136,01:21,Released,Ice Age,7.1,3857,Animation,Comedy,Family,Adventure,,Twentieth Century Fox Film Corporation,Blue Sky Studios,Twentieth Century Fox Animation,,,,
68000000,6171,English,26.792794,21-03-2003,75715436,02:16,Released,Dreamcatcher,5.3,567,Drama,Horror,Science Fiction,Thriller,,Village Roadshow Pictures,Castle Rock Entertainment,NPV Entertainment,Kasdan Pictures,,,
65000000,72976,English,36.307296,09-11-2012,275293450,02:29,Released,Lincoln,6.7,1429,History,Drama,,,,DreamWorks,Amblin Entertainment,Twentieth Century Fox Film Corporation,Dune Entertainment,,,
63000000,603,English,104.309993,30-03-1999,463517383,02:16,Released,The Matrix,7.9,8907,Action,Science Fiction,,,,Village Roadshow Pictures,Groucho II Film Partnership,Silver Pictures,Warner Bros.,,,
52000000,568,English,68.140214,30-06-1995,355237933,02:20,Released,Apollo 13,7.3,1599,Drama,,,,,Imagine Entertainment,Universal Pictures,,,,,
65000000,9021,English,14.646884,31-10-2002,172855065,01:44,Released,The Santa Clause 2,5.5,297,Fantasy,Comedy,Family,,,Walt Disney Pictures,Outlaw Productions,Boxing Cat Films,,,,
61000000,82695,English,48.356214,18-12-2012,441809770,02:37,Released,Les Misérables,7.1,1884,Drama,Music,Romance,,,Universal Pictures,Relativity Media,CAMERON MACKINTOSH,Working Title Films,,,
65000000,9489,English,28.540267,17-12-1998,250821495,01:59,Released,You've Got Mail,6.3,838,Comedy,Romance,,,,Warner Bros.,,,,,,
65000000,12133,English,22.977983,25-07-2008,128107642,01:38,Released,Step Brothers,6.5,1062,Comedy,,,,,Columbia Pictures,Mosaic Media Group,Gary Sanchez Productions,Relativity Media,,,
95000000,9342,English,31.086791,16-07-1998,250288523,02:16,Released,The Mask of Zorro,6.3,1183,Action,Adventure,,,,Amblin Entertainment,TriStar Pictures,,,,,
65000000,41733,English,43.865294,04-11-2010,211780824,01:35,Released,Due Date,6.2,1685,Comedy,Drama,,,,Legendary Pictures,Green Hat Films,Warner Bros.,,,,
65000000,227306,English,43.055253,25-12-2014,163442937,02:17,Released,Unbroken,7.3,1400,Drama,War,,,,Legendary Pictures,3 Arts Entertainment,Jolie Pas,,,,
65000000,5551,English,15.772081,31-07-2000,128884132,02:10,Released,Space Cowboys,6.3,403,Action,Adventure,Thriller,,,Village Roadshow Pictures,Malpaso Productions,Mad Chance,Warner Bros.,,,
70000000,9350,English,26.19909,28-05-1993,255000211,01:52,Released,Cliffhanger,6.1,588,Action,Adventure,Thriller,,,TriStar Pictures,Canal+,Carolco Pictures,RCS Video,,,
50000000,9208,English,22.769108,09-02-1996,150270147,01:48,Released,Broken Arrow,5.7,453,Action,Adventure,Drama,Thriller,,Twentieth Century Fox Film Corporation,WCG Entertainment Productions,Mark Gordon Productions,,,,
65000000,4244,English,18.281798,07-07-2000,69700000,01:44,Released,The Kid,6,238,Fantasy,Comedy,Family,,,Walt Disney Pictures,,,,,,
63000000,1852,English,24.697533,09-08-2006,162945894,02:08,Released,World Trade Center,5.9,447,Drama,History,Thriller,,,Paramount Pictures,Double Feature Films,Intermedia Films,Kernos Filmproduktionsgesellschaft & Company,,,
65000000,11820,English,19.718544,19-12-2003,0,01:57,Released,Mona Lisa Smile,6.5,393,Drama,Romance,,,,Columbia Pictures,Revolution Studios,,,,,
65000000,76493,English,31.349143,15-05-2012,179379533,01:23,Released,The Dictator,5.9,1743,Comedy,,,,,Paramount Pictures,,,,,,
65000000,345,English,27.870312,14-07-1999,162091208,02:39,Released,Eyes Wide Shut,7.1,1234,Mystery,Drama,,,,Hobby Films,Pole Star,Stanley Kubrick Productions,Warner Bros.,,,
65000000,196867,English,33.439187,19-12-2014,133821816,01:59,Released,Annie,6,466,Comedy,Drama,Family,,,Columbia Pictures,Olive Bridge Entertainment,Sony Pictures Entertainment (SPE),Overbrook Entertainment,,,
50100000,256591,English,59.634029,25-02-2015,153962963,01:45,Released,Focus,6.7,2542,Romance,Comedy,Crime,Drama,,Kramer & Sigman Films,RatPac-Dune Entertainment,Zaftig Films,,,,
65000000,59962,English,38.994297,14-02-2012,156974557,01:43,Released,This Means War,5.9,1389,Action,Comedy,Romance,,,Dune Entertainment,Overbrook Films,Robert Simonds Productions,,,,
65000000,36648,English,49.660055,08-12-2004,128905366,02:03,Released,Blade: Trinity,5.7,1252,Science Fiction,Action,Horror,Thriller,Adventure,New Line Cinema,Amen Ra Films,Shawn Danielle Productions Ltd.,Imaginary Forces,,,
4200000,1880,English,11.743085,10-08-1984,38376497,01:54,Released,Red Dawn,6.4,215,Action,Thriller,,,,United Artists,Valkyrie Films,,,,,
65000000,9440,English,9.110247,20-03-1998,0,02:23,Released,Primary Colors,6.1,94,Comedy,Drama,,,,Universal Pictures,Mutual Film Company,,,,,
65000000,71679,English,6.227675,12-09-2012,240159255,01:35,Released,Resident Evil: Retribution,5.6,1600,Action,Horror,Science Fiction,,,Davis-Films,,,,,,
45000000,10483,English,42.57877,22-08-2008,73762516,01:45,Released,Death Race,6,1175,Action,Thriller,Science Fiction,,,Universal Pictures,Cruise/Wagner Productions,Impact Pictures,Relativity Media,,,
65000000,11412,English,15.858629,11-10-1996,89456761,02:00,Released,The Long Kiss Goodnight,6.5,314,Crime,Action,Mystery,Thriller,,New Line Cinema,Forge,The Steve Tisch Company,,,,
65000000,11983,English,14.866901,08-12-2000,0,02:15,Released,Proof of Life,6,208,Action,Adventure,Drama,Romance,Thriller,Castle Rock Entertainment,Warner Bros.,,,,,
65000000,6795,English,15.194239,06-11-2005,64321501,01:41,Released,Zathura: A Space Adventure,6.1,779,Family,Fantasy,Science Fiction,Adventure,,Columbia Pictures Corporation,Teitler Film,Michael De Luca Productions,Radar Pictures,,,
63000000,550,English,146.757391,15-10-1999,100853753,02:19,Released,Fight Club,8.3,9413,Drama,,,,,Regency Enterprises,Fox 2000 Pictures,Taurus Film,Linson Films,,,
65000000,11170,English,8.629665,12-12-2006,43545364,02:04,Released,We Are Marshall,6.7,186,Drama,,,,,Legendary Pictures,Thunder Road Pictures,Wonderland Sound and Vision,Warner Bros.,,,
65000000,9292,English,16.803457,23-05-1991,17218080,01:40,Released,Hudson Hawk,5.4,269,Action,Adventure,Comedy,,,TriStar Pictures,Silver Pictures,,,,,
65000000,10783,English,2.952595,27-10-2000,0,01:45,Released,Lucky Numbers,4.9,52,Action,Adventure,Comedy,Crime,Romance,Paramount Pictures,StudioCanal,,,,,
65000000,100241,English,31.324734,22-01-2014,71154592,01:32,Released,"I, Frankenstein",5,687,Horror,Thriller,,,,Lakeshore Entertainment,Sidney Kimmel Entertainment,Lionsgate,Hopscotch Films,,,
50000000,257,English,20.415572,23-09-2005,42093706,02:10,Released,Oliver Twist,6.7,274,Crime,Drama,Family,,,R.P. Productions,ETIC Films,Runteam III Ltd.,,,,
43000000,9947,English,28.613892,13-01-2005,56681566,01:37,Released,Elektra,4.8,575,Action,Fantasy,,,,Twentieth Century Fox Film Corporation,Regency Enterprises,Epsilon Motion Pictures,New Regency Pictures,,,
65000000,189,English,85.428395,20-08-2014,39407616,01:42,Released,Sin City: A Dame to Kill For,6.3,1286,Crime,Thriller,,,,Miramax Films,Troublemaker Studios,AR Films,Aldamisa Entertainment,,,
64000000,12618,English,4.137237,08-10-1999,74608570,02:13,Released,Random Hearts,5.3,63,Drama,Romance,,,,Columbia Pictures,,,,,,
55000000,253412,English,60.246978,10-09-2015,203427584,02:01,Released,Everest,6.7,1772,Adventure,Drama,,,,Universal Pictures,Working Title Films,Walden Media,Cross Creek Pictures,,,
50000000,1427,English,42.551902,13-09-2006,132180323,02:27,Released,Perfume: The Story of a Murderer,7.1,1165,Crime,Fantasy,Drama,,,Davis-Films,Nouvelles \u00c9ditions de Films (NEF),Rising Star,VIP Medienfonds 4,,,
63000000,818,English,40.137264,26-07-2002,296655431,01:34,Released,Austin Powers in Goldmember,5.9,979,Comedy,Crime,Science Fiction,,,New Line Cinema,Eric's Boy,Team Todd,Moving Pictures,,,
65000000,16577,English,24.857079,15-10-2009,44091067,01:34,Released,Astro Boy,6.1,409,Animation,Action,Family,Science Fiction,,The Weinstein Company,Summit Entertainment,Tezuka Production Company Ltd.,Imagi Animation Studios,,,
63000000,329,English,40.413191,11-06-1993,920100000,02:07,Released,Jurassic Park,7.6,4856,Adventure,Science Fiction,,,,Universal Pictures,Amblin Entertainment,,,,,
63000000,12160,English,13.859307,24-06-1994,25052000,03:11,Released,Wyatt Earp,6.5,202,Drama,Action,Western,,,Tig Productions,Warner Bros.,Kasdan Pictures,Paragon Entertainment Corp.,,,
62000000,9331,English,18.832471,03-08-1994,215887717,02:21,Released,Clear and Present Danger,6.4,386,Action,Drama,Thriller,,,Paramount Pictures,Mace Neufeld Productions,,,,,
65000000,300168,Chinese,9.568884,19-02-2015,121545703,02:07,Released,Dragon Blade,5.9,145,Action,Drama,Adventure,,,Shanghai Film Group,Jackie & JJ Production,Sparkle Roll Media,Huayi Brothers Media,,,
64000000,9072,English,12.421504,31-08-2006,101595121,01:38,Released,Little Man,5.3,261,Comedy,Crime,,,,Revolution Studios,Wayans Bros. Entertainment,,,,,
62000000,3536,English,18.096884,20-04-2000,127666415,01:56,Released,U-571,6.1,340,Action,Drama,Thriller,War,,Universal Pictures,Canal Plus,Dino De Laurentiis Company,,,,
62000000,9087,English,11.056763,17-11-1995,107879496,01:46,Released,The American President,6.5,195,Comedy,Drama,Romance,,,Columbia Pictures,Castle Rock Entertainment,,,,,
62000000,12177,English,13.218008,20-06-2008,41819064,01:27,Released,The Love Guru,4.3,242,Comedy,Romance,,,,Paramount Pictures,Goldcrest Pictures,Internationale Filmproduktion,,,,
62000000,12138,English,11.262655,23-02-2001,18720175,02:05,Released,3000 Miles to Graceland,5.8,178,Action,Adventure,Comedy,Thriller,Crime,Franchise Pictures,Warner Bros.,Morgan Creek Productions,,,,
44000000,273248,English,68.717016,25-12-2015,155760117,02:47,Released,The Hateful Eight,7.6,4274,Crime,Drama,Mystery,Western,,Double Feature Films,The Weinstein Company,FilmColony,,,,
53000000,9955,English,19.412028,30-03-2007,0,01:33,Released,Blades of Glory,5.9,569,Action,Comedy,Drama,,,DreamWorks,,,,,,
63000000,50359,English,16.791058,30-03-2011,183953723,01:35,Released,Hop,5.5,331,Animation,Comedy,Family,,,Universal Pictures,Illumination Entertainment,,,,,
65000000,1271,English,65.197968,09-12-2006,422610419,01:57,Released,300,7,4997,Action,Adventure,War,,,Virtual Studios,Legendary Pictures,Hollywood Gang Productions,Atmosphere Entertainment MM,,,
80000000,693,English,32.829538,22-12-2004,516642939,01:55,Released,Meet the Fockers,6.1,1373,Comedy,Romance,,,,DreamWorks SKG,Universal Pictures,Everyman Pictures,Tribeca Productions,,,
60000000,14306,English,30.951203,25-12-2008,244082376,01:55,Released,Marley & Me,6.9,1343,Comedy,Family,,,,Sunswept Entertainment,Dune Entertainment III,,,,,
60000000,497,English,103.698022,10-12-1999,284600000,03:09,Released,The Green Mile,8.2,4048,Fantasy,Drama,Crime,,,Castle Rock Entertainment,Darkwoods Productions,Warner Bros.,,,,
0,11199,English,31.719463,02-03-2007,253625427,01:40,Released,Wild Hogs,5.6,648,Action,Adventure,Comedy,,,Wild Hogs Productions,Touchstone Pictures,,,,,
150000000,9982,English,47.973995,04-11-2005,314432665,01:21,Released,Chicken Little,5.6,944,Animation,Family,Comedy,,,Walt Disney Pictures,Walt Disney Feature Animation,,,,,
61000000,210577,English,143.041543,01-10-2014,369330363,02:25,Released,Gone Girl,7.9,5862,Mystery,Thriller,Drama,,,Twentieth Century Fox Film Corporation,Regency Enterprises,New Regency Pictures,Pacific Standard,,,
60000000,2501,English,86.476817,14-06-2002,214034224,01:59,Released,The Bourne Identity,7.3,3583,Action,Drama,Mystery,Thriller,,Universal Pictures,"Kennedy/Marshall Company, The",Hypnotic,Kalima Productions GmbH & Co. KG,,,
58000000,710,English,59.824565,16-11-1995,352194034,02:10,Released,GoldenEye,6.6,1174,Adventure,Action,Thriller,,,United Artists,Eon Productions,,,,,
60000000,2275,English,18.345613,18-06-1999,149705852,01:56,Released,The General's Daughter,6.1,205,Crime,Drama,Mystery,Thriller,,Paramount Pictures,MFP Munich Film Partners GmbH & Company I. Produktions KG,Krane Entertainment,Neufeld Rehme Productions,,,
60000000,37165,English,56.488027,04-06-1998,264118201,01:43,Released,The Truman Show,7.8,4537,Comedy,Drama,,,,Paramount Pictures,Scott Rudin Productions,,,,,
70000000,9837,English,29.464852,15-12-1998,218613188,01:39,Released,The Prince of Egypt,6.8,817,Adventure,Animation,Drama,Family,Music,DreamWorks SKG,DreamWorks Animation,,,,,
60000000,10708,English,18.106021,03-05-2003,164433867,01:32,Released,Daddy Day Care,5.6,506,Comedy,Family,,,,Columbia Pictures,Revolution Studios,Davis Entertainment,,,,
61000000,136400,English,42.881415,02-08-2013,131940411,01:49,Released,2 Guns,6.6,1589,Action,Comedy,Crime,,,Universal Studios,Marc Platt Productions,Emmett/Furla Films,Envision Entertainment Corporation,,,
60000000,10992,English,18.735024,04-07-2001,93375151,01:27,Released,Cats & Dogs,5,352,Comedy,Family,,,,Village Roadshow Pictures,NPV Entertainment,Mad Chance,Zide-Perry Productions,,,
60000000,9654,English,62.766854,30-05-2003,176070171,01:50,Released,The Italian Job,6.6,1919,Action,Crime,,,,De Line Pictures,Working Title Films,,,,,
60000000,2642,English,24.153567,19-12-2002,93354918,01:41,Released,Two Weeks Notice,5.9,487,Romance,Comedy,,,,Village Roadshow Pictures,Castle Rock Entertainment,NPV Entertainment,Fortis Films,,,
60000000,8916,English,41.515702,02-10-1998,171757863,01:23,Released,Antz,6,1272,Adventure,Animation,Comedy,Family,,DreamWorks SKG,Pacific Data Images (PDI),DreamWorks Animation,,,,
70000000,19899,English,26.676487,19-09-2009,171844840,01:53,Released,Couples Retreat,5.3,588,Comedy,Romance,,,,Universal Pictures,Wild West Picture Show Productions,Stuber Productions,Relativity Media,,,
60000000,2119,English,16.278022,27-06-1990,157920733,01:47,Released,Days of Thunder,5.9,353,Adventure,,,,,Paramount Pictures,Don Simpson/Jerry Bruckheimer Films,,,,,
60000000,9641,English,18.831023,21-12-2005,129181830,01:34,Released,Cheaper by the Dozen 2,5.7,526,Comedy,,,,,Twentieth Century Fox Film Corporation,21 Laps Entertainment,Dozen Canada Productions,,,,
61000000,294254,English,113.161483,09-09-2015,311256926,02:12,Released,Maze Runner: The Scorch Trials,6.4,3040,Action,,,,,Gotham Group,Temple Hill Entertainment,TSG Entertainment,,,,
60000000,38167,English,28.800112,12-08-2010,204594016,02:13,Released,Eat Pray Love,5.8,636,Drama,,,,,Columbia Pictures,Red Om Films,Plan B Entertainment,,,,
60000000,5994,English,19.705489,12-12-2000,0,02:05,Released,The Family Man,6.5,521,Comedy,Drama,Romance,Fantasy,,Universal Pictures,,,,,,
58000000,39514,English,41.430245,13-10-2010,71664962,01:51,Released,RED,6.6,2808,Action,Adventure,Comedy,Crime,Thriller,DC Comics,Di Bonaventura Pictures,Summit Entertainment,DC Entertainment,,,
55000000,9563,English,23.127561,16-12-1999,100230832,02:43,Released,Any Given Sunday,6.8,422,Drama,,,,,Donners' Company,Ixtlan,Warner Bros.,,,,
60000000,547,English,12.867352,14-05-1998,186883563,02:50,Released,The Horse Whisperer,6.7,292,Drama,Romance,,,,Wildwood Enterprises,Touchstone Pictures,,,,,
65000000,1538,English,44.815022,04-08-2004,217764291,02:00,Released,Collateral,7,1451,Drama,Crime,Thriller,,,Paramount Pictures,DreamWorks SKG,Parkes/MacDonald Productions,Edge City,,,
60000000,9334,English,37.537093,16-04-2002,165333180,01:32,Released,The Scorpion King,5.3,779,Action,Fantasy,Adventure,,,Universal Pictures,Kalima Productions GmbH & Co. KG,World Wrestling Entertainment (WWE),Alphaville Films,,,
60000000,11128,English,10.99991,01-10-2004,74541707,01:55,Released,Ladder 49,6.2,207,Drama,Action,Thriller,,,Casey Silver Productions,Beacon Communications,Touchstone Pictures,Beacon Pictures,,,
60000000,75780,English,56.868399,20-12-2012,218340595,02:10,Released,Jack Reacher,6.3,2998,Crime,Drama,Thriller,,,Paramount Pictures,Mutual Film Company,Skydance Productions,TC Productions,,,
60000000,8914,English,22.991269,28-07-1999,73648228,01:45,Released,Deep Blue Sea,5.6,604,Action,Science Fiction,Thriller,,,Village Roadshow Pictures,Warner Bros.,Riche-Ludwig Productions,Groucho III Film Partnership,,,
60000000,13576,English,15.798622,28-10-2009,0,01:51,Released,This Is It,6.7,247,Music,Documentary,,,,Columbia Pictures,,,,,,
60000000,39538,English,38.820858,08-09-2011,137551594,01:46,Released,Contagion,6.2,1325,Drama,Thriller,Science Fiction,,,Double Feature Films,Regency Enterprises,Warner Bros.,Participant Media,,,
0,10628,English,10.292864,17-01-2003,0,01:29,Released,Kangaroo Jack,4.3,203,Comedy,Adventure,Crime,,,Castle Rock Entertainment,Jerry Bruckheimer Films,Warner Bros.,,,,
60000000,14836,English,51.146047,05-02-2009,124596398,01:40,Released,Coraline,7.3,1386,Animation,Family,,,,Focus Features,Laika Entertainment,,,,,
60000000,8645,English,20.501582,11-06-2008,163403799,01:31,Released,The Happening,4.9,950,Thriller,Science Fiction,,,,Spyglass Entertainment,Twentieth Century Fox Film Corporation,Dune Entertainment,UTV Motion Pictures,,,
70000000,9509,English,45.299089,23-04-2004,130293714,02:26,Released,Man on Fire,7.3,1553,Action,Drama,Thriller,Crime,,Regency Enterprises,Fox 2000 Pictures,Epsilon Motion Pictures,Scott Free Productions,,,
50000000,10067,English,4.280619,09-03-2006,61112916,01:38,Released,The Shaggy Dog,4.5,137,Comedy,Family,,,,Walt Disney Pictures,Mandeville Films,Boxing Cat Films,,,,
60000000,9384,English,28.848842,05-03-2004,170268750,01:41,Released,Starsky & Hutch,5.6,644,Comedy,Crime,,,,Weed Road Pictures,Warner Bros.,Dimension Films,Red Hour Films,,,
60000000,9279,English,22.501041,15-11-1996,129832389,01:29,Released,Jingle All the Way,5.5,575,Family,Comedy,,,,Twentieth Century Fox Film Corporation,1492 Pictures,,,,,
66000000,1487,English,47.479755,02-04-2004,99318987,02:02,Released,Hellboy,6.5,2225,Fantasy,Action,Science Fiction,,,Revolution Studios,Dark Horse Entertainment,Lawrence Gordon Productions,Starlite Films,,,
70000000,9422,English,10.147321,05-03-1998,56702901,01:55,Released,A Civil Action,6.1,109,Drama,,,,,Paramount Pictures,Wildwood Enterprises,Touchstone Pictures,,,,
60000000,77174,English,39.539045,03-08-2012,107139399,01:30,Released,ParaNorman,6.7,789,Family,Animation,Adventure,Comedy,,Focus Features,Laika Entertainment,,,,,
60000000,4824,English,19.747459,14-11-1997,159330280,02:04,Released,The Jackal,6.1,527,Action,Thriller,Adventure,Crime,,Universal Pictures,Toho-Towa,Mutual Film Company,Marubeni,,,
60000000,9620,English,29.018826,25-12-2003,96269812,01:59,Released,Paycheck,5.9,581,Action,Adventure,Mystery,Science Fiction,Thriller,Paramount Pictures,DreamWorks SKG,Davis Entertainment,Lion Rock Productions,,,
60000000,9302,English,4.801849,01-03-1996,0,01:59,Released,Up Close & Personal,5.9,50,Drama,Romance,,,,Cinergi Pictures Entertainment,Touchstone Pictures,,,,,
60000000,10199,English,16.493576,19-12-2008,50877145,01:33,Released,The Tale of Despereaux,5.8,258,Adventure,Animation,Family,,,Larger Than Life Productions,,,,,,
0,10771,English,21.549232,27-09-2002,0,01:38,Released,The Tuxedo,5.3,483,Thriller,Action,Comedy,Science Fiction,,DreamWorks SKG,Parkes+MacDonald Image Nation,Blue Train Productions,,,,
60000000,3512,English,13.080725,13-07-1995,104324083,01:40,Released,Under Siege 2: Dark Territory,5.6,210,Action,Thriller,,,,Regency Enterprises,Warner Bros.,Seagal/Nasso Productions,Victor Company of Japan (JVC),,,
60000000,137094,English,42.538258,15-01-2014,50549107,01:45,Released,Jack Ryan: Shadow Recruit,5.9,1173,Action,Drama,Thriller,,,Paramount Pictures,Di Bonaventura Pictures,Mace Neufeld Productions,Skydance Productions,,,
60000000,274479,English,29.876507,24-12-2015,101134059,02:04,Released,Joy,6.4,1581,Drama,Comedy,,,,Fox 2000 Pictures,Davis Entertainment,Annapurna Pictures,TSG Entertainment,,,
60000000,267860,English,61.849521,02-03-2016,205754447,01:39,Released,London Has Fallen,5.8,1621,Action,Crime,Thriller,,,Millennium Films,LHF Film,Gerard Butler Alan Siegel Entertainment,Nu Boyana Film Studios,,,
70000000,8078,English,37.44963,12-11-1997,162000000,01:49,Released,Alien: Resurrection,5.9,1365,Science Fiction,Horror,Action,,,Twentieth Century Fox Film Corporation,Brandywine Productions,,,,,
61000000,7485,English,37.378081,22-03-2007,95696996,02:04,Released,Shooter,6.9,1462,Action,Drama,Mystery,Thriller,Crime,Paramount Pictures,Di Bonaventura Pictures,Grosvenor Park Impact Productions,,,,
60000000,170687,English,30.656345,10-09-2014,108255770,01:37,Released,The Boxtrolls,6.6,668,Animation,Comedy,Family,Fantasy,,Laika Entertainment,,,,,,
75000000,6435,English,15.142701,16-10-1998,46683377,01:44,Released,Practical Magic,6.3,338,Drama,Fantasy,Comedy,,,Village Roadshow Pictures,DiNovi Pictures,Fortis Films,Warner Bros.,,,
60000000,137106,English,59.547928,06-02-2014,469160692,01:40,Released,The Lego Movie,7.5,3070,Adventure,Animation,Comedy,Family,Fantasy,Village Roadshow Pictures,DC Comics,Vertigo Entertainment,Lin Pictures,,,
0,10040,English,19.998581,11-03-2005,0,01:55,Released,Miss Congeniality 2: Armed and Fabulous,5.3,425,Action,Comedy,,,,Village Roadshow Pictures,Castle Rock Entertainment,Fortis Films,,,,
60000000,6278,English,27.615108,12-07-2002,43061982,01:41,Released,Reign of Fire,6,669,Adventure,Action,Fantasy,,,The Zanuck Company,Spyglass Entertainment,World 2000 Entertainment,Touchstone Pictures,,,
60000000,82682,English,29.041198,10-01-2013,105200903,01:53,Released,Gangster Squad,6.2,1778,Crime,Drama,Action,Thriller,,Village Roadshow Pictures,Lin Pictures,Warner Bros.,Langley Park Production,,,
60000000,17610,English,25.293538,18-06-2009,62357900,01:37,Released,Year One,4.6,524,Comedy,Adventure,,,,Columbia Pictures,Ocean Pictures,Apatow Productions,,,,
60000000,22954,English,23.85119,10-12-2009,122233971,02:14,Released,Invictus,7,1125,Drama,History,,,,Spyglass Entertainment,Malpaso Productions,Revelations Entertainment,Mace Neufeld Productions,,,
60000000,16995,English,21.685719,17-04-2009,87784194,02:07,Released,State of Play,6.7,484,Action,,,,,Universal Pictures,StudioCanal,Andell Entertainment,Relativity Media,,,
78146652,16558,English,13.630049,19-03-2009,60000000,02:05,Released,Duplicity,5.7,201,Romance,Comedy,Crime,,,Universal Pictures,Laura Bickford Productions,Relativity Media,Medienproduktion Poseidon Filmgesellschaft,,,
65000000,9849,English,6.80692,11-02-1999,36850101,01:34,Released,My Favorite Martian,5.1,80,Comedy,Drama,Family,Science Fiction,,Walt Disney Pictures,,,,,,
60000000,5820,English,15.352807,19-04-2006,77920346,01:48,Released,The Sentinel,5.8,225,Action,Thriller,Crime,,,Twentieth Century Fox Film Corporation,Dune Entertainment,Major Studio Partners,Regency Enterprises,,,
70000000,16866,English,23.661071,19-11-2009,104945765,01:31,Released,Planet 51,5.6,556,Science Fiction,Animation,Family,Comedy,Adventure,TriStar Pictures,Ilion Animation Studios,Hand Made Films,,,,
60000000,201,English,21.605533,13-12-2002,67312826,01:57,Released,Star Trek: Nemesis,6.1,479,Science Fiction,Action,Adventure,Thriller,,Paramount Pictures,,,,,,
60000000,11775,English,22.620125,02-09-2003,119940815,01:40,Released,Intolerable Cruelty,5.8,391,Crime,Comedy,Romance,,,Imagine Entertainment,Universal Pictures,Mike Zoss Productions,Alphaville Productions,,,
0,87825,English,18.587114,21-09-2012,0,01:51,Released,Trouble with the Curve,6.6,366,Drama,Romance,,,,Malpaso Productions,Warner Bros.,,,,,
80000000,12201,English,24.657931,29-01-2010,74901339,01:57,Released,Edge of Darkness,6.2,487,Crime,Drama,Mystery,Thriller,,Icon Productions,BBC Films,GK Films,Warner Bros.,,,
60000000,11015,English,12.621769,10-01-1997,33956608,01:50,Released,The Relic,5.8,130,Horror,Mystery,Thriller,,,Paramount Pictures,Universal Pictures,Toho-Towa,Mutual Film Company,,,
60000000,9932,English,21.08952,06-12-2002,55003135,01:36,Released,Analyze That,5.7,380,Comedy,Crime,,,,Village Roadshow Pictures,NPV Entertainment,Warner Bros.,Tribeca Productions,,,
60000000,13389,English,18.380176,11-09-2008,73174566,01:41,Released,Righteous Kill,5.9,375,Action,Crime,Drama,Thriller,,Grosvenor Park Media Ltd.,InVenture Entertainment,Millennium Films,Emmett/Furla Films,,,
60000000,8838,English,18.877795,03-04-1998,0,01:51,Released,Mercury Rising,6,368,Action,Crime,Drama,Thriller,,Imagine Entertainment,Universal Pictures,,,,,
60000000,17332,English,17.299333,24-04-2009,31720158,01:49,Released,The Soloist,6.6,234,Drama,,,,,DreamWorks,Universal Pictures,StudioCanal,Participant Media,,,
80000000,4958,English,16.848899,02-11-2000,39459427,02:06,Released,The Legend of Bagger Vance,6.3,251,Fantasy,Drama,,,,DreamWorks SKG,Twentieth Century Fox Film Corporation,Wildwood Enterprises,Epsilon Motion Pictures,,,
60000000,786,English,21.547446,15-09-2000,47383689,02:02,Released,Almost Famous,7.4,797,Drama,Music,,,,Columbia Pictures,Vinyl Films,DreamWorks Pictures,,,,
0,9513,English,16.930969,15-06-2006,141702264,01:18,Released,Garfield: A Tail of Two Kitties,5.1,464,Animation,Comedy,Family,,,Twentieth Century Fox Film Corporation,Dune Entertainment,Davis Entertainment,,,,
60000000,11679,English,36.689223,27-04-2005,71073932,01:41,Released,xXx: State of the Union,4.7,549,Action,Adventure,Crime,Drama,Mystery,Original Film,Columbia Pictures Corporation,Revolution Studios,,,,
60000000,38321,English,28.350927,05-05-2011,78309131,01:27,Released,Priest,5.4,692,Action,Science Fiction,Fantasy,Thriller,Horror,Screen Gems,Stars Road Entertainment,Buckaroo Entertainment,Michael De Luca Productions,,,
60000000,14411,English,18.815442,02-07-2003,26288320,01:26,Released,Sinbad: Legend of the Seven Seas,6.6,372,Family,Animation,Adventure,,,DreamWorks Animation,,,,,,
60000000,8413,English,29.787135,15-08-1997,26673242,01:36,Released,Event Horizon,6.5,742,Horror,Science Fiction,Mystery,,,Paramount Pictures,Impact Pictures,Golar Productions,,,,
60000000,10052,English,8.927137,22-02-2002,52322400,01:44,Released,Dragonfly,6.1,204,Drama,,,,,Universal Pictures,Spyglass Entertainment,Shady Acres Entertainment,Gran Via Productions,,,
50000000,9676,English,15.213484,15-09-2006,49111202,02:01,Released,The Black Dahlia,5.7,287,Drama,,,,,Universal Pictures,Davis-Films,Signature Pictures,Linson Entertainment,,,
60000000,9664,English,13.155999,22-09-2006,17800000,02:20,Released,Flyboys,6.3,271,Action,Adventure,Drama,History,Romance,Ingenious Film Partners,Electric Entertainment,Skydance Productions,Flyboys Films,,,
72000000,2100,English,15.433244,19-10-2001,27642707,02:11,Released,The Last Castle,7,285,Action,Drama,Thriller,,,DreamWorks SKG,,,,,,
90000000,10384,English,5.762037,14-01-2000,14828081,01:31,Released,Supernova,4.9,109,Horror,Science Fiction,Thriller,,,United Artists,Metro-Goldwyn-Mayer (MGM),Hammerhead Productions,Screenland Pictures,,,
60000000,137321,English,22.736038,13-02-2014,30800231,01:58,Released,Winter's Tale,6,487,Drama,Fantasy,Mystery,Romance,,Village Roadshow Pictures,Weed Road Pictures,Warner Bros.,,,,
60000000,123553,English,45.514031,21-08-2013,90565421,02:10,Released,The Mortal Instruments: City of Bones,6.2,1602,Action,Adventure,Drama,Mystery,Romance,Constantin Film Produktion,Don Carmody Productions,Unique Features,Mr. Smith Productions,,,
60000000,11260,English,18.676291,08-07-2008,50650079,01:30,Released,Meet Dave,5,371,Comedy,Science Fiction,Adventure,Family,,Twentieth Century Fox Film Corporation,Dune Entertainment,Regency Enterprises,Guy Walks into a Bar Productions,,,
30000000,9009,English,14.376463,27-06-2005,25473093,01:45,Released,Dark Water,5.3,274,Drama,Horror,Thriller,,,Vertigo Entertainment,Touchstone Pictures,Post No Bills Films,Pandemonium Productions,,,
80000000,11374,English,14.298297,26-03-1999,0,02:02,Released,Edtv,5.7,166,Comedy,,,,,Imagine Entertainment,Universal Pictures,,,,,
60000000,2309,English,27.018886,11-12-2008,57490374,01:46,Released,Inkheart,6,592,Adventure,Family,Fantasy,,,New Line Cinema,Internationale Filmproduktion Blackbird Erste,,,,,
60000000,8285,English,14.84856,25-12-2008,39031337,01:43,Released,The Spirit,4.7,320,Action,Comedy,Thriller,Crime,Science Fiction,DC Comics,Lionsgate,Odd Lot Entertainment,Media Magik Entertainment,,,
60000000,210860,English,52.417529,21-01-2015,30418560,01:46,Released,Mortdecai,5.4,1055,Comedy,Adventure,,,,Lionsgate,Mad Chance,OddLot Entertainment,Huayi Brothers Media,,,
60000000,2312,English,15.406173,29-11-2007,0,02:07,Released,In the Name of the King: A Dungeon Siege Tale,4.1,224,Adventure,Fantasy,Action,Drama,,Boll Kino Beteiligungs GmbH & Co. KG,Brightlight Pictures,Herold Productions,,,,
35000000,9839,English,6.523472,23-10-2003,0,02:07,Released,Beyond Borders,6.7,110,Drama,Romance,Adventure,War,,Mandalay Pictures,CP Medien AG,Camelot Pictures,Networxx - Film Management,,,
68490000,381902,Chinese,4.72629,22-01-2016,193677158,02:00,Released,The Monkey King 2,6,24,Action,Adventure,Fantasy,,,Filmko Pictures,,,,,,
80000000,13922,English,8.923215,12-08-2005,10166502,02:12,Released,The Great Raid,6.8,91,Action,History,War,,,Lawrence Bender Productions,Marty Katz Productions,,,,,
58000000,293660,English,514.569956,09-02-2016,783112979,01:48,Released,Deadpool,7.4,10995,Action,Adventure,Comedy,,,Twentieth Century Fox Film Corporation,Marvel Entertainment,The Donners' Company,TSG Entertainment,,,
60000000,9713,English,9.265672,08-10-1998,0,01:54,Released,Holy Man,4.9,111,Drama,Comedy,,,,Caravan Pictures,Touchstone Pictures,,,,,
58800000,190859,English,87.53437,11-12-2014,542307423,02:13,Released,American Sniper,7.4,4469,War,Action,,,,Village Roadshow Pictures,Malpaso Productions,Warner Bros.,RatPac-Dune Entertainment,,,
58000000,257445,English,45.351617,05-08-2015,158162788,01:43,Released,Goosebumps,6.2,995,Adventure,Horror,Comedy,,,Columbia Pictures,Village Roadshow Pictures,Original Film,Sony Pictures Animation,,,
58000000,9007,English,13.43573,16-09-2005,102854431,01:35,Released,Just Like Heaven,6.5,579,Comedy,Fantasy,Romance,,,DreamWorks SKG,UIP,MacDonald/Parkes Productions,,,,
83000000,889,English,6.248309,28-04-2000,59468275,01:30,Released,The Flintstones in Viva Rock Vegas,4.4,134,Science Fiction,Comedy,Family,Romance,,Universal Pictures,Amblin Entertainment,,,,,
63000000,1370,English,31.294717,24-05-1988,189015611,01:42,Released,Rambo III,5.7,690,Action,Adventure,Thriller,War,,TriStar Pictures,Carolco Pictures,,,,,
58000000,4942,English,7.739276,24-03-2008,41299492,01:54,Released,Leatherheads,5.7,130,Comedy,Romance,Drama,,,Universal Pictures,Casey Silver Productions,Outlaw Productions (I),Smokehouse Pictures,,,
60000000,347969,English,19.694695,11-12-2015,0,01:59,Released,The Ridiculous 6,4.9,388,Comedy,Western,,,,Happy Madison Productions,,,,,,
58000000,24438,English,14.403696,17-12-2009,85280250,01:43,Released,Did You Hear About the Morgans?,5.1,276,Comedy,,,,,Columbia Pictures,Castle Rock Entertainment,Relativity Media,Banter,,,
58000000,116741,English,1.551497,07-06-2013,44000000,01:59,Released,The Internship,6.1,1658,Comedy,,,,,Twentieth Century Fox Film Corporation,Regency Enterprises,21 Laps Entertainment,Wild West Picture Show Productions,,,
60000000,35791,English,2.143764,09-09-2010,300228084,01:37,Released,Resident Evil: Afterlife,5.8,1363,Action,Adventure,Horror,Science Fiction,,Impact Pictures,Davis-Films,Constantin Film Produktion,,,,
58000000,72431,English,12.29603,19-01-2012,50365377,02:05,Released,Red Tails,5.9,178,Drama,Action,Adventure,History,War,Lucasfilm,Twentieth Century Fox Film Corporation,Partnership Pictures,,,,
57000000,1813,English,33.8473,17-10-1997,152944660,02:24,Released,The Devil's Advocate,7.2,1374,Drama,Horror,Mystery,Thriller,,Regency Enterprises,Monarchy Enterprises B.V.,Kopelson Entertainment,Warner Bros.,,,
70000000,87428,English,21.723897,14-06-2012,58058367,01:56,Released,That's My Boy,5.5,453,Comedy,,,,,Columbia Pictures,Happy Madison Productions,Relativity Media,,,,
57000000,8840,English,31.791979,31-05-1996,115267375,01:43,Released,DragonHeart,6.4,535,Fantasy,,,,,Universal Pictures,,,,,,
60000000,10589,English,14.113066,12-11-2004,61347797,01:37,Released,After the Sunset,6,226,Action,Comedy,Crime,Drama,,New Line Cinema,Contrafilm,Firm Films,,,,
57000000,71676,English,48.622278,10-12-2011,149217355,01:35,Released,Ghost Rider: Spirit of Vengeance,4.7,1135,Action,Fantasy,Thriller,,,Columbia Pictures,Imagenation Abu Dhabi FZ,Marvel Entertainment,Marvel Knights,,,
57000000,1722,English,9.061866,17-08-2001,62112895,02:11,Released,Captain Corelli's Mandolin,5.5,145,Drama,History,Romance,,,Miramax Films,Universal Pictures,,,,,
56000000,10022,English,35.4763,04-03-2005,113006880,01:35,Released,The Pacifier,5.8,842,Action,Comedy,Drama,Family,Thriller,Walt Disney Pictures,Spyglass Entertainment,,,,,
56000000,11358,English,23.438398,02-04-2004,57223890,01:26,Released,Walking Tall,6,381,Adventure,Drama,Action,Thriller,,Metro-Goldwyn-Mayer (MGM),Mandeville Films,WWE Studios,Hyde Park Entertainment,,,
55000000,13,English,138.133331,06-07-1994,677945399,02:22,Released,Forrest Gump,8.2,7927,Comedy,Drama,Romance,,,Paramount Pictures,,,,,,
60000000,6477,English,47.336034,13-12-2007,361366633,01:32,Released,Alvin and the Chipmunks,5.5,1177,Comedy,Music,Family,Fantasy,Animation,Dune Entertainment,Regency Enterprises,Fox 2000 Pictures,Bagdasarian Productions,,,
55000000,1597,English,29.97224,06-10-2000,330444045,01:48,Released,Meet the Parents,6.6,1698,Comedy,Romance,,,,DreamWorks SKG,Universal Pictures,Tribeca Productions,Nancy Tenenbaum Films,,,
55000000,10530,English,47.845589,14-06-1995,346079773,01:21,Released,Pocahontas,6.7,1457,Adventure,Animation,Drama,Family,,Walt Disney Pictures,Walt Disney Feature Animation,,,,,
55000000,1924,English,48.507081,13-12-1978,300218018,02:23,Released,Superman,6.9,1022,Action,Adventure,Fantasy,Science Fiction,,Warner Bros.,Dovemead Films,Film Export A.G.,,,,
54000000,9327,English,20.28119,26-06-1996,128769345,01:35,Released,The Nutty Professor,5.4,702,Fantasy,Comedy,Romance,Science Fiction,,Imagine Entertainment,Universal Pictures,,,,,
70000000,8488,English,34.576913,10-02-2005,368100420,01:58,Released,Hitch,6.4,1665,Comedy,Drama,Romance,,,Columbia Pictures Corporation,Overbrook Entertainment,,,,,
55000000,10603,English,22.573237,15-07-1997,0,01:32,Released,George of the Jungle,5.4,496,Adventure,Comedy,Family,Romance,,Walt Disney Pictures,Mandeville Films,,,,,
55000000,8273,English,36.194802,01-08-2003,231449203,01:43,Released,American Wedding,6,1129,Comedy,Romance,,,,Universal Pictures,Zide-Perry Productions,LivePlanet,Loumolo & Co.,,,
55000000,109424,English,52.786917,10-10-2013,95000000,02:14,Released,Captain Phillips,7.6,2454,Action,Drama,Thriller,,,Columbia Pictures,,,,,,
55000000,35056,English,38.06168,08-04-2010,152263880,01:37,Released,Date Night,5.9,1122,Comedy,,,,,Twentieth Century Fox Film Corporation,Dune Entertainment,21 Laps Entertainment,,,,
50000000,8839,English,19.830132,26-05-1995,287928194,01:40,Released,Casper,6,1019,Fantasy,Comedy,Family,,,Universal Pictures,Amblin Entertainment,The Harvey Entertainment Company,,,,
55000000,156022,English,79.922059,24-09-2014,192330738,02:12,Released,The Equalizer,7.1,2954,Thriller,Action,Crime,,,Columbia Pictures,Village Roadshow Pictures,Escape Artists,Mace Neufeld Productions,,,
55000000,7303,English,19.738215,13-12-2002,154906693,01:45,Released,Maid in Manhattan,5.6,485,Comedy,Drama,Romance,,,Red Om Films,,,,,,
53000000,8963,English,20.334629,12-05-1995,157387195,01:56,Released,Crimson Tide,7,498,Action,Thriller,Drama,,,Hollywood Pictures,Don Simpson/Jerry Bruckheimer Films,,,,,
55000000,1402,English,80.581367,14-12-2006,307077295,01:57,Released,The Pursuit of Happyness,7.7,2525,Drama,,,,,Columbia Pictures Corporation,Escape Artists,Relativity Media,Overbrook Entertainment,,,
55000000,9315,English,32.05145,22-09-2005,223387299,01:38,Released,Flightplan,6.1,772,Thriller,Drama,Mystery,,,Imagine Entertainment,Touchstone Pictures,,,,,
55000000,8984,English,15.064058,09-12-1994,214015089,02:03,Released,Disclosure,5.9,210,Drama,Thriller,Crime,Mystery,Romance,Warner Bros.,Baltimore Pictures,,,,,
55000000,795,English,21.272734,10-04-1998,198685114,01:54,Released,City of Angels,6.4,529,Drama,Fantasy,Romance,,,Atlas Entertainment,Regency Enterprises,Monarchy Enterprises B.V.,Warner Bros.,,,
30000000,24,English,79.754966,10-10-2003,180949000,01:51,Released,Kill Bill: Vol. 1,7.7,4949,Action,Crime,,,,Miramax Films,A Band Apart,Super Cool ManChu,,,,
55000000,11353,English,13.191829,12-08-1999,0,01:37,Released,Bowfinger,6,254,Comedy,,,,,Universal Pictures,,,,,,
30000000,393,English,50.622607,16-04-2004,152159461,02:16,Released,Kill Bill: Vol. 2,7.6,3948,Action,Crime,Thriller,,,Miramax Films,A Band Apart,Super Cool ManChu,,,,
55000000,9618,English,22.787667,22-12-1989,63408614,01:44,Released,Tango & Cash,6.1,458,Action,Adventure,Comedy,,,Warner Bros.,,,,,,
55000000,9374,English,29.498304,30-07-1992,149022650,01:44,Released,Death Becomes Her,6.3,636,Fantasy,Comedy,,,,Universal Pictures,,,,,,
55000000,8584,English,25.400935,26-05-2000,56932305,01:50,Released,Shanghai Noon,6.2,735,Adventure,Action,Comedy,Western,,Spyglass Entertainment,Roger Birnbaum Productions,Touchstone Pictures,,,,
55000000,2320,English,17.231675,15-03-1996,121969216,02:13,Released,Executive Decision,5.8,256,Action,Adventure,Drama,Thriller,,Silver Pictures,Warner Bros.,,,,,
55000000,58224,English,32.835777,17-06-2011,187361754,01:34,Released,Mr. Popper's Penguins,5.7,751,Comedy,Family,,,,Twentieth Century Fox Film Corporation,Dune Entertainment,Davis Entertainment,Dune Entertainment III,,,
55000000,1729,English,17.097041,18-04-2008,127906624,01:44,Released,The Forbidden Kingdom,6.3,461,Action,Adventure,Fantasy,,,Casey Silver Productions,China Film Co-Production Corporation,Huayi Brothers,Relativity Media,,,
55000000,175574,English,14.414937,30-10-2013,110000000,01:31,Released,Free Birds,5.7,254,Animation,Comedy,Family,,,Reel FX Creative Studios,Relativity Media,,,,,
50000000,8077,English,45.856409,22-05-1992,159773545,01:54,Released,Alien³,6.2,1633,Science Fiction,Action,Horror,,,Twentieth Century Fox Film Corporation,Brandywine Productions,,,,,
55000000,8818,English,7.027139,14-12-1996,141047179,02:14,Released,Evita,5.9,120,History,Drama,Music,,,Hollywood Pictures,Cinergi Pictures Entertainment,,,,,
55000000,8195,English,32.657488,25-09-1998,41610884,02:02,Released,Ronin,6.7,658,Action,Thriller,Crime,Adventure,,United Artists,FGM Entertainment,,,,,
50000000,10586,English,12.46525,11-10-1996,75000000,01:49,Released,The Ghost and the Darkness,6.4,236,Adventure,,,,,Constellation Films,Paramount,,,,,
55000000,116149,English,39.882276,27-11-2014,259207227,01:35,Released,Paddington,7,883,Family,Comedy,,,,The Weinstein Company,StudioCanal,TF1 Films Production,Canal+,,,
68000000,80035,English,39.395881,26-07-2012,68267862,01:38,Released,The Watch,5.3,881,Comedy,,,,,Ingenious Film Partners,Ingenious Media,Twentieth Century Fox Film Corporation,Dune Entertainment,,,
55000000,10632,English,8.634954,11-03-2003,34234008,01:34,Released,The Hunted,6,189,Drama,Action,Thriller,Crime,,Lakeshore Entertainment,Alphaville Films,,,,,
80000000,12117,English,7.386394,04-06-1999,0,02:06,Released,Instinct,6.2,146,Drama,Mystery,Thriller,,,Spyglass Entertainment,Touchstone Pictures,,,,,
55000000,1792,English,8.802525,10-12-2003,33828318,01:58,Released,Stuck on You,5.1,188,Comedy,,,,,Twentieth Century Fox Film Corporation,Conundrum Entertainment,,,,,
0,13260,English,10.449975,28-02-2008,33472850,01:31,Released,Semi-Pro,5.4,251,Comedy,,,,,New Line Cinema,Donners' Company,Mosaic Media Group,Road Rebel,,,
60000000,72197,English,23.700759,12-03-2012,118338361,01:28,Released,The Pirates! In an Adventure with Scientists!,6.4,374,Animation,Adventure,Family,Comedy,,Columbia Pictures,Aardman Animations,Sony Pictures Animation,,,,
55000000,3580,English,27.50916,30-01-2008,113020255,02:21,Released,Changeling,7.3,1131,Crime,Drama,Mystery,,,Imagine Entertainment,Malpaso Productions,Relativity Media,,,,
50000000,12123,English,20.58862,02-08-1996,60209334,01:47,Released,Chain Reaction,5.3,284,Action,Drama,Science Fiction,Thriller,,Twentieth Century Fox Film Corporation,Chicago Pacific Entertainment,"Zanuck Company, The",,,,
55000000,9566,English,4.366488,15-08-1996,18626419,01:56,Released,The Fan,5.7,194,Drama,Mystery,Thriller,,,TriStar Pictures,Mandalay Entertainment,,,,,
70000000,9833,English,18.927463,08-12-2004,154648887,02:23,Released,The Phantom of the Opera,7,438,Thriller,Drama,Romance,,,Odyssey Entertainment,Warner Bros.,Scion Films,Really Useful Films,,,
55000000,4517,English,15.274137,09-09-2007,74237563,01:54,Released,Elizabeth: The Golden Age,6.6,303,Drama,History,Romance,,,Universal Pictures,StudioCanal,Working Title Films,,,,
62000000,8202,English,29.954302,30-11-2005,52304001,01:33,Released,Æon Flux,5.4,703,Action,Science Fiction,,,,Paramount Pictures,Lakeshore Entertainment,MTV Films,Colossal Pictures,,,
56000000,16072,English,4.362535,21-02-2003,12923936,03:34,Released,Gods and Generals,6.1,48,Drama,History,War,,,Warner Bros. Pictures,Turner Pictures,Antietam Filmworks,,,,
55000000,34314,English,4.700024,09-01-1997,11466088,01:40,Released,Turbulence,5.2,62,Action,Thriller,Crime,,,Metro-Goldwyn-Mayer (MGM),Rysher Entertainment,,,,,
55000000,19724,English,12.340384,19-06-2009,0,01:47,Released,Imagine That,5.7,134,Comedy,,,,,Paramount Pictures,Di Bonaventura Pictures,Nickelodeon Movies,Goldcrest Pictures,,,
50000000,145220,English,14.808304,20-03-2014,80383290,01:52,Released,Muppets Most Wanted,6.2,316,Comedy,Adventure,Crime,Family,,Buena Vista,Disney,,,,,
57000000,14623,English,9.27875,23-07-2004,28283637,01:35,Released,Thunderbirds,4.2,91,Action,Adventure,Comedy,Family,Fantasy,Studio Canal,Working Title Films,Tracy Films,,,,
55000000,42297,English,22.863516,23-11-2010,89519773,01:59,Released,Burlesque,6.9,573,Drama,Romance,,,,Bedford Falls Productions,,,,,,
47000000,2841,French,23.05451,26-10-2004,0,02:13,Released,A Very Long Engagement,7.1,346,Drama,,,,,Gerber Pictures,2003 Productions,TF1 Films Production,Canal+,,,
2000000,802,English,23.962109,13-06-1962,9250000,02:33,Released,Lolita,7.3,395,Drama,Romance,,,,Seven Arts Productions,Allied Artists,Transworld Pictures,,,,
55000000,10375,English,12.669778,04-01-2002,6416302,01:36,Released,D-Tox,5.3,123,Action,Thriller,,,,Universal Pictures,,,,,,
54000000,36586,English,67.169587,22-03-2002,155010032,01:57,Released,Blade II,6.2,1528,Fantasy,Horror,Action,Thriller,,New Line Cinema,Amen Ra Films,Milk & Honey,Imaginary Forces,,,
55000000,11321,English,41.472404,18-12-2008,168167691,02:03,Released,Seven Pounds,7.5,2039,Drama,,,,,Columbia Pictures,Escape Artists,Relativity Media,Overbrook Entertainment,,,
55000000,70074,English,22.503935,31-01-2013,9489829,01:32,Released,Bullet to the Head,5.2,481,Action,Crime,Thriller,,,Dark Castle Entertainment,After Dark Films,IM Global,Automatik Entertainment,,,
54000000,242,English,59.194915,24-12-1990,136766062,02:42,Released,The Godfather: Part III,7.1,1546,Crime,Drama,Thriller,,,Paramount Pictures,,,,,,
57000000,9621,English,22.894898,06-10-2005,52034889,02:03,Released,Elizabethtown,6.1,327,Comedy,Drama,Romance,,,Paramount Pictures,Cruise/Wagner Productions,Vinyl Films,KMP Film Invest,,,
54000000,1819,English,18.600367,14-07-2006,130431368,01:48,Released,"You, Me and Dupree",5.4,407,Comedy,Romance,,,,Universal Pictures,Kaplan/Perrone Entertainment,MMCB Film Produktion 2004,,,,
54000000,8536,English,30.515175,04-12-1980,190458706,02:07,Released,Superman II,6.5,629,Action,Adventure,Fantasy,Science Fiction,,Warner Bros.,Dovemead Films,Film Export A.G.,,,,
54000000,8046,English,9.053456,01-08-2003,7266209,02:01,Released,Gigli,3.5,104,Drama,,,,,City Light Films,Revolution Studios,Casey Silver Productions,,,,
55000000,1717,English,7.768223,10-09-2006,9450897,02:05,Released,All the King's Men,5.7,95,Drama,Thriller,,,,Columbia Pictures Corporation,Rising Star,Relativity Media,Phoenix Pictures,,,
46000000,479,English,19.643365,15-06-2000,107196498,01:39,Released,Shaft,5.5,308,Action,Adventure,Crime,Thriller,,Paramount Pictures,Scott Rudin Productions,,,,,
53000000,9444,English,45.565918,20-11-1997,139804348,01:34,Released,Anastasia,7.4,1432,Animation,Family,,,,Twentieth Century Fox Film Corporation,Fox Animation Studios,Fox Family Films,The Big Gun Project,,,
52500000,824,English,57.374341,09-03-2001,179213434,02:07,Released,Moulin Rouge!,7.4,1300,Drama,Music,Romance,,,Bazmark Films,Twentieth Century Fox Film Corporation,,,,,
75000000,11456,English,8.41856,30-10-2001,54249294,01:29,Released,Domestic Disturbance,5.4,113,Mystery,Thriller,Crime,,,Paramount Pictures,,,,,,
53000000,261023,English,46.049902,04-09-2015,98837872,02:02,Released,Black Mass,6.3,1242,Crime,Drama,,,,Infinitum Nihil,Head Gear Films,Cross Creek Pictures,Free State Pictures,,,
90000000,3683,English,23.9366,18-10-2006,65900249,02:12,Released,Flags of Our Fathers,6.7,526,War,Drama,History,,,DreamWorks SKG,Amblin Entertainment,Malpaso Productions,Warner Bros.,,,
53000000,22803,English,49.593978,15-10-2009,126690726,01:49,Released,Law Abiding Citizen,7.2,1486,Drama,Crime,Thriller,,,"Film Department, The",Evil Twins,Warp Films,,,,
67000000,285923,English,16.637642,06-04-2007,25037897,03:11,Released,Grindhouse,6.8,459,Thriller,Action,Horror,,,Big Talk Productions,Yer Dead Productions,"Weinstein Company, The",Dimension Films,,,
0,39437,English,1.453765,16-10-1998,0,02:52,Released,Beloved,5.9,26,Drama,Thriller,,,,Harpo Films,Touchstone Pictures,,,,,
0,1950,English,6.162872,01-05-2007,5761917,02:04,Released,Lucky You,5.4,81,Drama,Romance,,,,Village Roadshow Pictures,Lonely Film Productions GmbH & Co. KG.,Deuce Three Productions,DiNovi Pictures,,,
52000000,640,English,73.944049,25-12-2002,352114312,02:21,Released,Catch Me If You Can,7.7,3795,Drama,Crime,,,,Kemp Company,Splendid Pictures,Parkes/MacDonald Productions,,,,
40000000,97630,English,38.306954,19-12-2012,132820716,02:37,Released,Zero Dark Thirty,6.7,1702,Thriller,Drama,History,,,Columbia Pictures,Annapurna Pictures,First Light Production,,,,
52000000,9767,English,26.251217,01-06-2006,204999686,01:46,Released,The Break-Up,5.6,832,Romance,Comedy,,,,Universal Pictures,Mosaic Media Group,Wild West Picture Show Productions,,,,
52000000,11631,English,30.780599,03-07-2008,609841637,01:48,Released,Mamma Mia!,6.4,1386,Comedy,Romance,,,,Universal Pictures,Internationale Filmproduktion Richter,Playtone,Relativity Media,,,
52000000,32856,English,25.41929,10-02-2010,216485654,02:05,Released,Valentine's Day,5.7,1013,Comedy,Romance,,,,New Line Cinema,Karz Entertainment,Rice Films,,,,
50000000,6519,English,15.98212,05-08-2005,110803676,01:44,Released,The Dukes of Hazzard,5.1,316,Action,Adventure,Comedy,,,Village Roadshow Pictures,Gerber Pictures,Warner Bros.,WV Films III,,,
52000000,8741,English,40.072583,25-12-1998,98126565,02:50,Released,The Thin Red Line,7.2,771,Drama,History,War,,,Fox 2000 Pictures,Phoenix Pictures,Geisler-Roberdeau,,,,
52000000,49520,English,32.015477,05-08-2011,75450437,01:52,Released,The Change-Up,5.9,736,Comedy,,,,,Universal Pictures,Original Film,Relativity Media,Big Kid Pictures,,,
82000000,1850,English,24.444186,22-12-1999,47434430,01:58,Released,Man on the Moon,6.9,435,Comedy,Drama,Romance,,,Mutual Film Company,,,,,,
52000000,524,English,40.06688,22-11-1995,116112375,02:58,Released,Casino,7.8,1307,Drama,Crime,,,,Universal Pictures,L\u00e9gende Entreprises,Syalis DA,De Fina-Cappa,,,
52000000,26389,English,27.916284,05-02-2010,52826594,01:32,Released,From Paris with Love,6.1,675,Action,Crime,Thriller,,,Apipoula\u00ef,M6 Films,Canal+,TPS Star,,,
52000000,11817,English,15.20707,28-03-2003,0,01:44,Released,Bulletproof Monk,5.1,278,Action,Comedy,Fantasy,,,Metro-Goldwyn-Mayer (MGM),,,,,,
51000000,2123,English,39.001682,22-06-2000,149270999,01:56,Released,"Me, Myself & Irene",6.1,927,Comedy,,,,,Twentieth Century Fox Film Corporation,Conundrum Entertainment,,,,,
51000000,9907,English,10.430832,04-08-2006,72779000,01:30,Released,Barnyard,5.3,225,Animation,Comedy,Family,,,Paramount Pictures,Nickelodeon Movies,Paramount Animation,,,,
0,9969,English,5.952527,22-11-2006,47231070,01:33,Released,Deck the Halls,5.1,109,Comedy,Family,,,,Regency Enterprises,New Regency Pictures,Corduroy Films,All Lit Up Productions,,,
50000000,18239,English,94.815867,15-03-2009,709827462,02:10,Released,The Twilight Saga: New Moon,5.6,2436,Adventure,Fantasy,Drama,Romance,,Summit Entertainment,Maverick Films,Imprint Entertainment,Sunswept Entertainment,,,
60000000,808,English,67.298732,16-05-2001,484409218,01:30,Released,Shrek,7.3,4056,Adventure,Animation,Comedy,Family,Fantasy,DreamWorks SKG,Pacific Data Images (PDI),DreamWorks Animation,,,,
50200000,38050,English,26.60772,03-03-2011,127869379,01:46,Released,The Adjustment Bureau,6.5,1652,Science Fiction,Thriller,Romance,,,Universal Pictures,Media Rights Capital,Gambit Pictures,Electric Shepherd Productions,,,
48000000,8367,English,28.803729,14-06-1991,390493908,02:23,Released,Robin Hood: Prince of Thieves,6.6,909,Adventure,,,,,Warner Bros.,Morgan Creek Productions,,,,,
50000000,9390,English,27.039636,06-12-1996,273552592,02:19,Released,Jerry Maguire,6.7,913,Comedy,Drama,Romance,,,Gracie Films,TriStar Pictures,,,,,
50000000,72105,English,68.87691,29-06-2012,549368315,01:46,Released,Ted,6.3,4697,Comedy,Fantasy,,,,Universal Pictures,Media Rights Capital,Fuzzy Door Productions,,,,
50000000,2898,English,37.885022,19-12-1997,314178011,02:19,Released,As Good as It Gets,7.2,915,Comedy,Romance,,,,Gracie Films,TriStar Pictures,,,,,
50000000,10312,English,35.537397,25-12-1998,202292902,01:55,Released,Patch Adams,7,832,Comedy,Drama,,,,Universal Pictures,Bungalow 78 Productions,Blue Wolf,Farrell/Minoff,,,
50000000,109443,English,38.125008,18-12-2013,173649015,01:59,Released,Anchorman 2: The Legend Continues,6,923,Comedy,,,,,Paramount Pictures,Gary Sanchez Productions,Apatow Productions,,,,
50000000,2022,English,18.121404,28-06-2002,171269535,01:36,Released,Mr. Deeds,5.6,644,Comedy,Romance,,,,New Line Cinema,Columbia Pictures Corporation,Out of the Blue... Entertainment,Happy Madison Productions,,,
50000000,37686,English,37.069253,08-06-2011,260095987,01:52,Released,Super 8,6.6,2435,Thriller,Science Fiction,Mystery,,,Paramount Pictures,Amblin Entertainment,Bad Robot,K/O Camera Toys,,,
52000000,462,English,30.347332,17-03-2000,256271286,02:11,Released,Erin Brockovich,7.1,716,Drama,,,,,Jersey Films,,,,,,
50000000,9919,English,23.854701,07-02-2003,177371441,01:56,Released,How to Lose a Guy in 10 Days,6.3,850,Comedy,Romance,,,,Paramount Pictures,,,,,,
50000000,187017,English,52.380982,05-06-2014,188441614,01:52,Released,22 Jump Street,7,3319,Crime,Comedy,Action,,,Columbia Pictures,Original Film,Media Rights Capital,Metro-Goldwyn-Mayer (MGM),,,
60000000,628,English,50.163785,11-11-1994,223664608,02:03,Released,Interview with the Vampire,7.2,1516,Horror,Romance,,,,Geffen Pictures,,,,,,
70000000,10201,English,43.849351,09-12-2008,225990978,01:44,Released,Yes Man,6.4,1813,Comedy,,,,,Village Roadshow Pictures,The Zanuck Company,Heyday films,Warner Bros.,,,
50000000,302699,English,45.318703,15-06-2016,216972543,01:47,Released,Central Intelligence,6.2,1650,Action,Comedy,,,,New Line Cinema,Universal Pictures,Bluegrass Films,Principato-Young Entertainment,,,
0,9441,English,16.368283,25-12-1998,0,02:04,Released,Stepmom,6.9,277,Drama,Romance,,,,Columbia Pictures,1492 Pictures,,,,,
50000000,274167,English,38.616744,25-12-2015,242786137,01:36,Released,Daddy's Home,5.8,854,Comedy,,,,,Paramount Pictures,Gary Sanchez Productions,Red Granite Pictures,,,,
50000000,224141,English,65.90161,25-12-2014,212902372,02:05,Released,Into the Woods,5.6,1652,Fantasy,Comedy,Music,,,Walt Disney Pictures,Marc Platt Productions,Lucamar Productions,,,,
45000000,388,English,45.220386,23-03-2006,184376254,02:09,Released,Inside Man,7.3,1630,Crime,Drama,Thriller,,,Imagine Entertainment,Universal Pictures,40 Acres & A Mule Filmworks,,,,
90000000,2112,English,17.457947,05-02-1999,161626121,01:40,Released,Payback,6.7,548,Drama,Action,Thriller,Crime,,Paramount Pictures,Icon Entertainment International,,,,,
50000000,10329,English,10.755847,09-06-1995,152022101,01:49,Released,Congo,5,213,Action,Adventure,Drama,Mystery,Science Fiction,Paramount Pictures,"Kennedy/Marshall Company, The",,,,,
50000000,74465,English,38.629763,22-12-2011,120081841,02:04,Released,We Bought a Zoo,6.5,909,Drama,Comedy,Family,,,Twentieth Century Fox Film Corporation,Dune Entertainment,Vinyl Films,LBI Entertainment,,,
50000000,13811,English,32.693093,19-03-2009,155446362,02:01,Released,Knowing,5.9,1486,Action,Adventure,Drama,Mystery,Science Fiction,Summit Entertainment,Mystery Clock Cinema,Escape Artists,Goldcrest Pictures,,,
50000000,6877,English,18.806031,10-03-2006,88715192,01:37,Released,Failure to Launch,5.5,399,Comedy,,,,,Paramount Pictures,Scott Rudin Productions,Failure to Launch Productions,,,,
50000000,10320,English,32.233713,17-03-2005,161451538,01:50,Released,The Ring Two,5.4,632,Drama,Horror,Thriller,,,DreamWorks,BenderSpink,Parkes+MacDonald Image Nation,,,,
50000000,50646,English,37.990705,29-07-2011,142851197,01:58,Released,"Crazy, Stupid, Love.",7,2443,Comedy,Drama,Romance,,,Warner Bros.,,,,,,
50000000,8920,English,17.667826,10-06-2004,200804534,01:20,Released,Garfield,5.2,820,Animation,Comedy,Family,,,Twentieth Century Fox Film Corporation,Davis Entertainment,Twentieth Century Fox Animation,,,,
60000000,13673,English,9.225166,24-11-2004,0,01:39,Released,Christmas with the Kranks,5.2,193,Comedy,Family,,,,Columbia Pictures,1492 Pictures,Revolution Studios,,,,
50000000,60308,English,46.180421,22-09-2011,110206216,02:13,Released,Moneyball,7,1381,Drama,,,,,Columbia Pictures,Scott Rudin Productions,,,,,
50000000,6950,English,30.397496,10-03-1995,189859560,02:07,Released,Outbreak,6.3,513,Action,Drama,Science Fiction,Thriller,,Kopelson Entertainment,Punch Productions,Warner Bros.,Arnold Kopelson Productions,,,
50000000,225574,English,83.295796,26-01-2014,222809600,01:46,Released,Non-Stop,6.8,2268,Action,Thriller,Mystery,,,StudioCanal,Silver Pictures,TF1 Films Production,Canal+,,,
50000000,13836,English,23.935053,12-03-2009,106303988,01:38,Released,Race to Witch Mountain,5.5,509,Adventure,Family,Fantasy,Science Fiction,Thriller,Walt Disney Pictures,Gunn Films,,,,,
54000000,752,English,84.630969,15-03-2006,132511035,02:12,Released,V for Vendetta,7.7,4442,Action,Thriller,Fantasy,,,Studio Babelsberg,DC Comics,Virtual Studios,Anarchos Productions,,,
50000000,6038,English,16.251204,06-02-2003,88323487,01:55,Released,Shanghai Knights,6,692,Action,Adventure,Comedy,Western,,Spyglass Entertainment,Touchstone Pictures,Birnbaum / Barber Productions,Jackie Chan Films Limited,,,
50000000,9975,English,9.894346,10-02-2006,69834815,01:26,Released,Curious George,6.2,106,Adventure,Animation,Comedy,Family,,Imagine Entertainment,Universal Pictures,Universal Animation Studios,,,,
50000000,11451,English,12.050755,22-06-2005,66002004,01:41,Released,Herbie Fully Loaded,5.1,542,Comedy,Family,Adventure,Fantasy,Romance,Walt Disney Pictures,Robert Simonds Productions,,,,,
50000000,12103,English,11.596207,28-09-2001,100020092,01:53,Released,Don't Say a Word,6,220,Thriller,,,,,Village Roadshow Pictures,NPV Entertainment,Regency Enterprises,Kopelson Entertainment,,,
50000000,60304,English,53.02787,17-01-2013,224803475,01:28,Released,Hansel & Gretel: Witch Hunters,5.7,3239,Fantasy,Horror,Action,,,Paramount Pictures,Studio Babelsberg,MTV Films,Gary Sanchez Productions,,,
50000000,2251,English,14.382253,10-05-2002,119137784,02:04,Released,Unfaithful,6.3,276,Thriller,Drama,,,,Regency Enterprises,Fox 2000 Pictures,Epsilon Motion Pictures,Unfaithful Filmproduktion GmbH & Co. KG,,,
50000000,46529,English,43.450266,18-02-2011,144492830,01:49,Released,I Am Number Four,5.9,1567,Action,Thriller,Science Fiction,Adventure,,DreamWorks SKG,Reliance BIG Entertainment,Bay Films,Touchstone Pictures,,,
50000000,231,English,16.871194,23-11-2005,94000000,02:08,Released,Syriana,6.3,451,Drama,Thriller,,,,Section Eight,Warner Bros.,Participant Media,FilmWorks,,,
50000000,300671,English,42.526529,13-01-2016,69411370,02:24,Released,13 Hours: The Secret Soldiers of Benghazi,7,938,Action,Drama,History,Thriller,War,Paramount Pictures,3 Arts Entertainment,Bay Films,Latina Pictures,,,
50000000,228326,English,34.890999,01-10-2014,97437106,01:35,Released,The Book of Life,7.3,755,Romance,Animation,Adventure,Comedy,Family,Twentieth Century Fox Film Corporation,Reel FX Creative Studios,Twentieth Century Fox Animation,Chatrone,,,
45000000,9754,English,18.186026,10-02-2006,82800000,01:45,Released,Firewall,5.6,267,Thriller,,,,,Village Roadshow Pictures,Thunder Road Pictures,Warner Bros.,Beacon Pictures,,,
50000000,66,English,13.576765,14-02-1997,50068310,02:01,Released,Absolute Power,6.4,223,Crime,Drama,Thriller,,,Columbia Pictures,Castle Rock Entertainment,Malpaso Productions,,,,
50000000,4421,English,19.434672,22-08-1997,48169156,02:05,Released,G.I. Jane,6,395,Action,Drama,,,,Caravan Pictures,Hollywood Pictures,First Independent Films,Largo Entertainment,,,
50000000,2649,English,62.925175,12-09-1997,109423648,02:09,Released,The Game,7.5,1506,Drama,Thriller,Mystery,,,PolyGram Filmed Entertainment,A&B Producoes,Popaganda Films,,,,
50000000,588,English,32.927994,21-04-2006,97607453,02:05,Released,Silent Hill,6.3,1067,Horror,Mystery,,,,Silent Hill DCP Inc.,Davis-Films,TriStar Pictures,Konami,,,
0,10393,English,14.837288,07-08-2000,0,01:58,Released,The Replacements,6.1,203,Comedy,,,,,Warner Bros.,,,,,,
50000000,71552,English,39.920035,04-04-2012,234989584,01:53,Released,American Reunion,6.1,1611,Comedy,,,,,Universal Pictures,,,,,,
50000000,9631,English,28.725621,29-07-1998,44547681,02:20,Released,The Negotiator,6.8,582,Action,Adventure,Crime,Drama,Mystery,Regency Enterprises,Warner Bros.,,,,,
50000000,216282,English,20.566554,06-08-2014,160602194,01:29,Released,Into the Storm,5.8,817,Action,Thriller,,,,New Line Cinema,Village Roadshow Pictures,Broken Road Productions,RatPac-Dune Entertainment,,,
50000000,306,English,20.333953,24-05-1994,119208989,01:44,Released,Beverly Hills Cop III,5.5,434,Action,Comedy,Crime,,,Paramount Pictures,Eddie Murphy Productions,,,,,
50000000,928,English,33.98637,15-06-1990,41482207,01:46,Released,Gremlins 2: The New Batch,6.2,652,Comedy,Horror,Fantasy,,,Amblin Entertainment,Warner Bros.,,,,,
50000000,205587,English,42.472324,08-10-2014,83719388,02:21,Released,The Judge,7.2,1417,Drama,,,,,Village Roadshow Pictures,Warner Bros.,Big Kid Pictures,Team Downey,,,
50000000,6623,English,15.931084,26-09-1997,0,02:04,Released,The Peacemaker,5.8,255,Action,Thriller,,,,DreamWorks SKG,,,,,,
45000000,1577,English,29.880122,10-09-2004,129394835,01:34,Released,Resident Evil: Apocalypse,6.1,1267,Horror,Action,Science Fiction,,,Impact Pictures,Constantin Film Ltd.,,,,,
50000000,9801,English,28.803802,10-11-2004,40203020,01:48,Released,Bridget Jones: The Edge of Reason,6.1,750,Comedy,Romance,,,,Miramax Films,Universal Pictures,Studio Canal,Working Title Films,,,
50000000,2116,English,14.993459,03-10-2003,55495563,01:45,Released,Out of Time,6.1,298,Thriller,Crime,Drama,,,Original Film,Monarch Pictures,Metro-Goldwyn-Mayer (MGM),,,,
50000000,9624,English,9.114168,18-02-1994,49000000,01:42,Released,On Deadly Ground,4.5,104,Action,Thriller,,,,Warner Bros.,,,,,,
50000000,14199,English,12.31101,10-06-2005,69425966,01:32,Released,The Adventures of Sharkboy and Lavagirl,4.4,269,Adventure,Family,Science Fiction,,,Troublemaker Studios,,,,,,
40000000,1907,English,41.362082,11-02-2000,144056873,01:59,Released,The Beach,6.3,1233,Drama,Adventure,Romance,Thriller,,Figment Films,,,,,,
50000000,4599,English,13.298205,27-05-2004,49718611,01:59,Released,Raising Helen,5.9,189,Drama,Comedy,Romance,,,Touchstone Pictures,Beacon Pictures,Mandeville Films,,,,
40000000,22832,English,19.085403,29-09-2009,60462347,01:39,Released,Ninja Assassin,6.2,371,Action,Crime,Thriller,,,Studio Babelsberg,Anarchos Productions,Legendary Pictures,Dark Castle Entertainment,,,
50000000,10390,English,9.622345,17-09-1999,0,02:17,Released,For Love of the Game,6.3,88,Drama,Romance,,,,Universal Pictures,Beacon Pictures,,,,,
50000000,9879,English,11.106006,28-06-1996,113309743,01:55,Released,Striptease,4.4,205,Drama,Thriller,Crime,,,Columbia Pictures,Castle Rock Entertainment,,,,,
50000000,38579,English,12.25622,04-06-2010,83761844,01:27,Released,Marmaduke,5,149,Family,Comedy,,,,Twentieth Century Fox Film Corporation,,,,,,
50000000,44603,English,13.365715,15-10-2010,105197635,02:09,Released,Hereafter,5.8,510,Drama,Fantasy,,,,Amblin Entertainment,Malpaso Productions,Warner Bros.,"Kennedy/Marshall Company, The",,,
50000000,11892,English,16.167093,19-04-2002,56714147,02:00,Released,Murder by Numbers,6,268,Crime,Drama,Thriller,,,Castle Rock Entertainment,Warner Bros.,Schroeder Hoffman Productions,,,,
50000000,9691,English,23.073933,06-10-1995,30303072,02:12,Released,Assassins,6,387,Action,Adventure,Crime,Thriller,,Silver Pictures,Canal+,Warner Bros.,Dino De Laurentiis Company,,,
50000000,1248,English,6.567065,06-02-2007,82169884,02:01,Released,Hannibal Rising,6,654,Crime,Drama,Thriller,,,Ingenious Film Partners,ETIC Films,Quinta Communications,Dino De Laurentiis Company,,,
50000000,12220,English,6.22577,13-10-1999,58900031,01:35,Released,The Story of Us,5.9,75,Comedy,Drama,Romance,,,Universal Pictures,Castle Rock Entertainment,,,,,
44000000,72710,English,42.933027,22-03-2013,63327201,02:05,Released,The Host,6,1817,Action,Adventure,Romance,Science Fiction,Thriller,Nick Wechsler Productions,Open Road Films,Silver Reel,Chockstone Pictures,,,
50000000,10782,English,19.226763,18-04-2003,42792561,01:38,Released,Basic,6.2,286,Action,Drama,Mystery,Thriller,Crime,Intermedia Films,Krane Entertainment,,,,,
50000000,9573,English,10.089065,04-08-2002,26199517,01:50,Released,Blood Work,6.1,206,Crime,Drama,Mystery,Thriller,,Malpaso Productions,Warner Bros.,,,,,
50000000,4959,English,13.391833,03-02-2009,60161391,01:58,Released,The International,6,368,Drama,Thriller,Crime,,,Studio Babelsberg,Atlas Entertainment,Mosaic Media Group,X-Filme Creative Pool,,,
50000000,10061,English,21.637234,09-08-1996,42277365,01:37,Released,Escape from L.A.,5.6,373,Action,Adventure,Science Fiction,Thriller,,Paramount Pictures,Rysher Entertainment,,,,,
70000000,10386,English,61.245957,06-08-1999,23159305,01:26,Released,The Iron Giant,7.6,1436,Adventure,Animation,Family,Fantasy,Science Fiction,Warner Bros. Animation,,,,,,
50000000,421,English,25.237969,10-12-2004,34808403,01:59,Released,The Life Aquatic with Steve Zissou,7.1,775,Adventure,Comedy,Drama,,,Touchstone Pictures,American Empirical Pictures,,,,,
50000000,316152,English,21.589393,24-06-2016,25035950,02:19,Released,Free State of Jones,6.6,428,War,Action,Drama,History,Thriller,Larger Than Life Productions,Vendian Entertainment,Route One Films,,,,
50000000,11615,English,22.442241,21-02-2003,38955598,02:10,Released,The Life of David Gale,7.3,480,Drama,Thriller,Crime,,,Mikona Productions GmbH & Co. KG,Universal Pictures,Intermedia Films,Saturn Films,,,
40000000,13498,English,6.004422,25-02-2005,0,01:40,Released,Man of the House,5.4,120,Comedy,Action,,,,Revolution Studios,Bel Air Entertainment,,,,,
50000000,241554,English,74.64653,11-03-2015,71561644,01:54,Released,Run All Night,6.3,1148,Action,Crime,Drama,Mystery,Thriller,Vertigo Entertainment,Energy Entertainment,RatPac-Dune Entertainment,,,,
51500000,2252,English,35.481169,14-09-2007,55112356,01:40,Released,Eastern Promises,7.2,848,Thriller,Crime,Mystery,,,BBC Films,Serendipity Point Films,T\u00e9l\u00e9film Canada,Astral Media,,,
50000000,11968,English,14.723467,30-09-2005,44434439,01:50,Released,Into the Blue,5.8,458,Action,Thriller,Adventure,Crime,,Columbia Pictures Corporation,Mandalay Pictures,Metro-Goldwyn-Mayer (MGM),,,,
60000000,10047,French,21.084542,18-10-1999,66976317,02:28,Released,The Messenger: The Story of Joan of Arc,6.2,367,Adventure,Drama,Action,History,War,Columbia Pictures,Gaumont,,,,,
49900000,38319,English,21.408222,08-04-2011,26121638,01:42,Released,Your Highness,5.2,501,Comedy,,,,,Universal Pictures,Stuber Productions,,,,,
50000000,69668,English,19.267479,30-09-2011,38502340,01:24,Released,Dream House,5.8,391,Drama,Thriller,Mystery,,,Cliffjack Motion Pictures,Morgan Creek Productions,,,,,
50000000,9770,English,3.314004,07-11-1997,10541523,01:54,Released,Mad City,5.9,81,Action,Drama,Thriller,,,Warner Bros.,Arnold Kopelson Productions,,,,,
50000000,11212,English,21.312186,01-07-1994,16671505,01:39,Released,Baby's Day Out,5.8,274,Action,Adventure,Comedy,Family,,Twentieth Century Fox Film Corporation,,,,,,
50000000,10533,English,7.44268,13-10-1995,10382407,02:15,Released,The Scarlet Letter,5.5,108,Drama,History,Romance,,,Hollywood Pictures,Cinergi Pictures Entertainment,,,,,
22000000,38363,English,12.54949,20-05-2010,24188922,01:48,Released,Fair Game,6.5,235,Drama,Thriller,,,,River Road Entertainment,Participant Media,,,,,
50000000,9923,English,18.394571,22-09-2005,22944502,02:07,Released,Domino,6,444,Action,Crime,,,,New Line Cinema,Davis-Films,Metropolitan Filmexport,Scott Free Productions,,,
50000000,11863,English,8.189406,13-10-1995,9851610,01:35,Released,Jade,5.2,44,Action,Thriller,Mystery,Romance,,Paramount Pictures,,,,,,
50000000,18501,English,27.631262,03-09-2009,40828540,01:35,Released,Gamer,5.6,760,Action,Thriller,Science Fiction,,,Lakeshore Entertainment,Lionsgate,,,,,
60000000,109491,English,40.721373,13-02-2013,60052138,02:04,Released,Beautiful Creatures,5.6,984,Fantasy,Drama,Romance,,,Alcon Entertainment,Warner Bros.,Belle Pictures,3 Arts Entertainment,,,
55000000,9275,English,11.329727,28-03-2002,0,01:49,Released,Death to Smoochy,5.9,132,Comedy,Crime,Drama,Thriller,,Senator Film Produktion,Mad Chance,Warner Bros.,Filmfour,,,
50000000,329833,English,37.253774,06-02-2016,55969000,01:40,Released,Zoolander 2,4.7,797,Comedy,,,,,Scott Rudin Productions,Red Hour Films,,,,,
50000000,12634,English,6.397388,30-01-2004,6808550,01:28,Released,The Big Bounce,5,76,Comedy,Crime,,,,Shangri-La Entertainment,Material,Taormina Productions,,,,
60000000,10416,English,2.275331,03-03-2000,0,01:45,Released,What Planet Are You From?,5.4,37,Comedy,Drama,Romance,Science Fiction,,Columbia Pictures,,,,,,
50000000,47327,English,30.387148,24-02-2011,28931401,01:45,Released,Drive Angry,5.3,600,Fantasy,Thriller,Action,Crime,,Summit Entertainment,Saturn Films,Nu Image Films,Millennium Films,,,
50000000,15268,English,8.139676,27-02-2009,12764201,01:37,Released,Street Fighter: The Legend of Chun-Li,3.9,112,Action,Adventure,Science Fiction,Thriller,,Twentieth Century Fox Film Corporation,Hyde Park Films,,,,,
49000000,10796,English,21.746245,02-11-2001,72700000,01:27,Released,The One,5.7,437,Action,Science Fiction,Thriller,,,Columbia Pictures,Revolution Studios,Hard Eight Pictures,Wonder works studios entertainment group,,,
49000000,9548,English,2.808428,11-07-1990,20423389,01:44,Released,The Adventures of Ford Fairlane,6.2,71,Action,Comedy,Thriller,Crime,Mystery,Twentieth Century Fox Film Corporation,Silver Pictures,,,,,
50000000,18947,English,31.02233,01-04-2009,36348784,01:56,Released,The Boat That Rocked,7.2,666,Drama,Comedy,,,,Universal Pictures,Studio Canal,Working Title Films,Medienproduktion Prometheus Filmgesellschaft,,,
48000000,1900,English,25.170217,27-12-2000,207515725,02:27,Released,Traffic,6.9,562,Thriller,Drama,Crime,,,USA Films,Initial Entertainment Group (IEG),"Bedford Falls Company, The",Compulsion Inc.,,,
48000000,89,English,80.972475,24-05-1989,474171806,02:07,Released,Indiana Jones and the Last Crusade,7.6,3152,Adventure,Action,,,,Lucasfilm,Paramount Pictures,,,,,
0,96724,English,26.38704,06-09-2012,68929150,02:10,Released,Anna Karenina,6.5,639,Drama,Romance,,,,Universal Pictures,Focus Features,Working Title Films,,,,
49000000,198184,English,116.700319,04-03-2015,104399548,02:00,Released,Chappie,6.6,3062,Crime,Action,Science Fiction,,,Columbia Pictures,Media Rights Capital,Sony Pictures Entertainment (SPE),Alpha Core,,,
73000000,9481,English,33.884459,04-11-1999,151493655,01:58,Released,The Bone Collector,6.5,826,Drama,Mystery,Thriller,Crime,,Universal Pictures,Columbia Pictures Corporation,,,,,
48000000,4547,English,53.043124,29-03-2002,196397415,01:51,Released,Panic Room,6.5,1267,Crime,Drama,Thriller,,,Hofflund/Polone,Indelible Productions,,,,,
0,53953,German,0.716764,08-08-2006,0,00:00,Released,The Tooth Fairy,4.3,13,Horror,,,,,[],,,,,,
75000000,6415,English,34.973086,27-09-1999,108000000,01:54,Released,Three Kings,6.6,692,Action,Adventure,Comedy,,,Village Roadshow Pictures,Atlas Entertainment,Warner Bros.,Village-A.M. Partnership,,,
50000000,181283,English,40.371098,15-03-2015,3324330,02:17,Released,Child 44,6.1,547,Crime,Thriller,,,,Summit Entertainment,Scott Free Productions,Worldview Entertainment,,,,
48000000,9896,English,18.60049,30-07-2001,85498534,01:52,Released,Rat Race,6,518,Adventure,Comedy,,,,Paramount Pictures,Fireworks Pictures,Alphaville Films,,,,
48000000,167,English,30.920075,22-10-2001,50315140,02:00,Released,K-PAX,7.1,695,Drama,Science Fiction,,,,Intermedia Films,Lawrence Gordon Productions,Path\u00e9 Pictures International,IMF Internationale Medien und Film GmbH & Co. 3. Produktions KG,,,
0,11232,English,11.940711,25-12-2001,0,01:58,Released,Kate & Leopold,6,418,Comedy,Fantasy,Romance,Science Fiction,,Miramax Films,Konrad Pictures,,,,,
48000000,1636,English,19.348007,19-10-2000,90383208,01:33,Released,Bedazzled,5.6,512,Fantasy,Comedy,Romance,,,Twentieth Century Fox Film Corporation,Regency Enterprises,KirchMedia,,,,
58000000,2148,English,8.59075,14-12-1984,25928721,02:07,Released,The Cotton Club,6.6,68,Music,Drama,Crime,Romance,,Orion Pictures,PSO International,Totally Independent,,,,
55000000,5176,English,48.801089,06-09-2007,70016220,02:02,Released,3:10 to Yuma,6.9,1188,Western,,,,,Tree Line Films,Lionsgate,Relativity Media,Yuma,,,
48000000,260346,English,88.844777,16-12-2014,325771424,01:49,Released,Taken 3,6.1,2200,Thriller,Action,,,,Twentieth Century Fox Film Corporation,M6 Films,Canal+,Grive Productions,,,
48000000,1389,English,16.000178,26-06-1998,77745568,02:03,Released,Out of Sight,6.5,333,Romance,Comedy,Crime,,,Universal Pictures,Jersey Films,,,,,
47000000,9894,English,19.525659,10-06-1996,102825796,01:36,Released,The Cable Guy,5.7,594,Comedy,Drama,Thriller,,,Columbia Pictures Corporation,,,,,,
0,7504,Hindi,1.246883,16-09-1998,528972,01:41,Released,Earth,6.6,9,Drama,,,,,Cracking the Earth Films,,,,,,
47000000,8592,English,7.859226,15-06-1990,103738726,01:43,Released,Dick Tracy,5.9,251,Adventure,Action,Comedy,Thriller,Crime,Touchstone Pictures,,,,,,
48000000,913,English,18.102572,06-08-1999,124305181,01:53,Released,The Thomas Crown Affair,6.6,339,Drama,Crime,Romance,,,Irish Dreamtime,Metro-Goldwyn-Mayer (MGM),,,,,
48000000,11091,English,7.226115,19-10-2001,35743308,02:12,Released,Riding in Cars with Boys,6.5,103,Comedy,Drama,Romance,,,Columbia Pictures,,,,,,
15000000,1368,English,63.071046,22-10-1982,125212904,01:33,Released,First Blood,7.2,1488,Action,Adventure,Thriller,War,,Orion Pictures,,,,,,
0,593,Russian,24.132271,20-03-1972,0,02:47,Released,Solaris,7.7,357,Drama,Science Fiction,Adventure,Mystery,,Mosfilm,Creative Unit of Writers & Cinema Workers,Unit Four,,,,
47000000,5393,English,10.410933,14-09-2006,38085778,01:15,Released,Happily N'Ever After,4.6,104,Animation,Comedy,Family,Fantasy,Science Fiction,Vanguard Films,Lionsgate,Odyssey,Nitrogen Studios Canada,,,
47000000,9095,English,6.067212,23-02-1996,12379402,01:44,Released,Mary Reilly,5.7,74,Drama,Horror,Thriller,Romance,,TriStar Pictures,NFH Productions,,,,,
38000000,8874,English,15.401855,19-06-1997,299288605,01:45,Released,My Best Friend's Wedding,6.3,584,Comedy,Romance,,,,TriStar Pictures,,,,,,
0,11467,English,10.698929,17-07-2001,0,01:42,Released,America's Sweethearts,5.5,252,Comedy,Romance,,,,Columbia Pictures,Revolution Studios,Roth-Arnold Productions,,,,
46000000,320,English,41.322708,24-05-2002,113714830,01:58,Released,Insomnia,6.8,1148,Crime,Mystery,Thriller,,,Section Eight,Alcon Entertainment,Witt/Thomas Productions,,,,
46000000,199,English,25.6713,21-11-1996,150000000,01:51,Released,Star Trek: First Contact,7,661,Science Fiction,Action,Adventure,Thriller,,Paramount Pictures,Digital Image Associates,,,,,
47000000,20533,English,22.581313,18-06-2010,10539000,01:20,Released,Jonah Hex,4.4,420,Action,Western,Drama,Fantasy,Thriller,Warner Bros.,,,,,,
46000000,10684,English,12.971122,04-07-1996,100860818,01:57,Released,Courage Under Fire,6.2,232,Drama,Thriller,Mystery,War,,Fox 2000 Pictures,,,,,,
45000000,1624,English,26.721386,21-03-1997,181000000,01:26,Released,Liar Liar,6.4,1424,Comedy,,,,,Imagine Entertainment,Universal Pictures,,,,,
25000000,325789,English,24.672234,13-07-2016,15436808,02:07,Released,The Infiltrator,6.6,573,Crime,Drama,Thriller,,,Good Films,,,,,,
46000000,113464,English,0.146783,04-05-1981,5200000,02:20,Released,Inchon,6.5,2,Drama,History,War,,,Metro-Goldwyn-Mayer (MGM),Unification Church,One Way Productions,,,,
46000000,888,English,28.964162,26-05-1994,341631208,01:31,Released,The Flintstones,5,543,Fantasy,Comedy,Family,,,Universal Pictures,Amblin Entertainment,Hanna-Barbera Productions,,,,
45000000,82675,English,49.353524,27-09-2012,376141306,01:31,Released,Taken 2,6.1,2757,Action,Crime,Thriller,,,Twentieth Century Fox Film Corporation,M6 Films,Canal+,Grive Productions,,,
48000000,4256,English,36.585509,24-10-2003,220673217,01:24,Released,Scary Movie 3,5.8,912,Comedy,,,,,Dimension Films,Brad Grey Pictures,,,,,
45000000,1493,English,32.624355,14-12-2000,212000000,01:51,Released,Miss Congeniality,6.1,961,Comedy,Crime,Action,,,Village Roadshow Pictures,Castle Rock Entertainment,NPV Entertainment,Fortis Films,,,
45000000,88751,English,53.090422,10-07-2008,101702060,01:33,Released,Journey to the Center of the Earth,5.8,1309,Action,Science Fiction,Adventure,Comedy,Family,New Line Cinema,Walden Media,,,,,
40000000,11130,English,30.002907,06-08-2004,95149435,01:53,Released,The Princess Diaries 2: Royal Engagement,6,697,Comedy,Drama,Family,Romance,,Walt Disney Pictures,,,,,,
45000000,9944,English,17.923254,16-12-1993,195268056,02:21,Released,The Pelican Brief,6.3,371,Drama,Mystery,Thriller,Crime,,Warner Bros.,,,,,,
45000000,10731,English,17.746719,20-07-1994,117615211,01:59,Released,The Client,6.4,278,Drama,Thriller,Crime,Mystery,,Regency Enterprises,Alcor Films,Warner Bros.,,,,
45000000,7350,English,31.305336,25-12-2007,175372502,01:37,Released,The Bucket List,7,1111,Drama,Comedy,,,,Two Ton Films,Zadan / Meron Productions,Reiner / Greisman Productions,,,,
45000000,9869,English,19.637704,04-06-1992,178051587,01:57,Released,Patriot Games,6.3,433,Drama,Action,Thriller,Crime,,Paramount Pictures,Mace Neufeld Productions,,,,,
43000000,4379,English,10.411996,13-05-2005,154749918,01:41,Released,Monster-in-Law,5.6,406,Romance,Comedy,,,,New Line Cinema,Spring Creek Productions,BenderSpink,Kumar Mobiliengesellschaft mbH & Co. Projekt Nr. 1 KG,,,
46000000,146233,English,88.496873,18-09-2013,122126687,02:33,Released,Prisoners,7.9,3085,Drama,Thriller,Crime,,,Alcon Entertainment,Madhouse Entertainment,8:38 Productions,,,,
45000000,2034,English,52.081131,05-10-2001,104876233,02:02,Released,Training Day,7.3,1634,Action,Crime,Drama,Thriller,,Village Roadshow Pictures,NPV Entertainment,Warner Bros.,Outlaw Productions (I),,,
45000000,926,English,30.816341,23-12-1999,90683916,01:42,Released,Galaxy Quest,6.9,710,Comedy,Family,Science Fiction,,,DreamWorks SKG,Gran Via Productions,,,,,
45000000,4248,English,35.376971,04-07-2001,141220678,01:23,Released,Scary Movie 2,5.4,982,Comedy,,,,,Gold/Miller Productions,Wayans Bros. Entertainment,Dimension Films,Brad Grey Pictures,,,
45000000,64328,English,17.047276,22-11-2011,165184237,01:43,Released,The Muppets,6.5,501,Comedy,Family,Music,,,Walt Disney Pictures,,,,,,
45000000,36647,English,43.815492,21-08-1998,131183530,02:00,Released,Blade,6.5,1905,Horror,Action,,,,New Line Cinema,Amen Ra Films,Imaginary Forces,Marvel Enterprises,,,
30000000,7214,English,23.234651,14-01-2005,76669806,02:16,Released,Coach Carter,7.3,496,Drama,,,,,Paramount Pictures,MTV Films,Tollin/Robbins Productions,,,,
45000000,1537,English,17.270539,07-04-2002,94935764,01:29,Released,Changing Lanes,5.9,299,Action,Adventure,Crime,Thriller,,Paramount Pictures,,,,,,
45000000,9360,English,27.684779,11-04-1997,136885767,01:29,Released,Anaconda,4.7,610,Adventure,Horror,Thriller,,,Columbia Pictures Corporation,Middle Fork Productions,Iguana Producciones,Skylight Cinema Foto Art,,,
45000000,6282,English,26.79781,30-07-2000,113916474,01:40,Released,Coyote Ugly,5.8,575,Comedy,,,,,Jerry Bruckheimer Films,Touchstone Pictures,,,,,
40000000,508,English,37.073127,07-09-2003,244931766,02:15,Released,Love Actually,7,1869,Comedy,Romance,Drama,,,Universal Pictures,DNA Films,StudioCanal,Working Title Films,,,
120000000,9487,English,87.350802,25-11-1998,363258859,01:35,Released,A Bug's Life,6.8,2303,Adventure,Animation,Comedy,Family,,Walt Disney Pictures,Pixar Animation Studios,,,,,
35000000,768,English,26.134678,19-10-2001,74558115,02:02,Released,From Hell,6.6,741,Horror,Mystery,Thriller,,,Twentieth Century Fox Film Corporation,Underworld Entertainment,,,,,
45000000,2636,English,16.582709,07-10-1994,170362582,01:50,Released,The Specialist,5.5,313,Action,Thriller,,,,Jerry Weintraub Productions,Warner Bros.,Iguana Producciones,,,,
45000000,10478,English,10.731574,16-08-1996,53854588,02:15,Released,Tin Cup,5.9,150,Comedy,Drama,Romance,,,Regency Enterprises,Warner Bros.,,,,,
0,27983,English,2.094151,24-04-1968,0,01:51,Released,"Yours, Mine and Ours",6.2,26,Comedy,Drama,Family,,,Desilu Productions,Walden Productions,,,,,
45000000,9981,English,8.99269,13-05-2005,56070433,01:35,Released,Kicking & Screaming,5.6,176,Romance,Comedy,Family,,,Universal Pictures,,,,,,
50000000,7453,English,51.742065,15-01-2005,104478416,01:49,Released,The Hitchhiker's Guide to the Galaxy,6.6,1315,Adventure,Comedy,Family,Science Fiction,,Spyglass Entertainment,Everyman Pictures,Hammer & Tongs,Touchstone Pictures,,,
0,15045,English,7.157635,12-12-2004,0,01:33,Released,Fat Albert,4.3,69,Comedy,Drama,Family,,,Twentieth Century Fox Film Corporation,Davis Entertainment,Culver Studios,,,,
45000000,7737,English,12.06538,20-09-2007,148412065,01:34,Released,Resident Evil: Extinction,6.1,1292,Horror,Action,Science Fiction,,,Impact Pictures,Davis-Films,Constantin Film Produktion,Resident Evil Productions,,,
40000000,232672,English,44.120328,21-05-2014,123494610,01:57,Released,Blended,6.6,1006,Comedy,,,,,Happy Madison Productions,Karz Entertainment,Warner Bros.,Gulfstream Pictures,,,
45000000,17379,English,6.156015,13-01-2006,38399961,01:52,Released,Last Holiday,6.4,119,Adventure,Comedy,Drama,,,Paramount Pictures,,,,,,
45000000,8987,English,12.362876,30-09-1994,0,01:51,Released,The River Wild,6.1,210,Action,Adventure,Crime,Thriller,,Universal Pictures,David Foster Productions,Turman-Foster Company,,,,
45000000,11359,English,11.095914,14-07-1995,0,01:36,Released,The Indian in the Cupboard,5.9,134,Adventure,Family,Fantasy,,,Paramount Pictures,Columbia Pictures Corporation,The Kennedy/Marshall Company,,,,
45000000,82525,English,31.856589,06-07-2012,82966152,02:11,Released,Savages,6.2,766,Crime,Drama,Thriller,,,Ixtlan,Relativity Media,Onda Entertainment,,,,
25000000,9759,English,24.459948,06-09-2004,56422687,01:34,Released,Cellular,6.1,537,Action,Adventure,Crime,Thriller,,New Line Cinema,,,,,,
40000000,9486,English,28.029015,06-04-2003,160583018,01:28,Released,Johnny English,6,852,Adventure,Action,Comedy,,,Universal Pictures,StudioCanal,,,,,
50000000,9906,English,20.239061,27-07-2006,55181129,01:28,Released,The Ant Bully,5.5,366,Fantasy,Adventure,Animation,Comedy,Family,Playtone,Warner Bros.,Legendary Entertainment,DNA Productions,,,
40000000,841,English,25.876582,14-12-1984,30925690,02:17,Released,Dune,6.5,562,Action,Science Fiction,Adventure,,,Dino De Laurentiis Company,,,,,,
0,4688,English,11.872841,14-09-2007,0,02:13,Released,Across the Universe,7.1,410,Adventure,Drama,Music,Romance,,Revolution Studios,Team Todd,,,,,
35000000,4148,English,20.360549,19-12-2008,75225693,01:59,Released,Revolutionary Road,6.7,796,Drama,Romance,,,,DreamWorks SKG,Scott Rudin Productions,BBC Films,Neal Street Productions,,,
55000000,2207,English,32.31022,01-03-2006,65664721,01:45,Released,16 Blocks,6.2,661,Action,Adventure,Crime,Thriller,,Donners' Company,Cheyenne Enterprises,Alcon Entertainment,Nu Image Entertainment GmbH,,,
70000000,9381,English,27.568194,20-08-2008,72108608,01:41,Released,Babylon A.D.,5.4,676,Action,Adventure,Science Fiction,Thriller,,StudioCanal,M6 Films,Canal+,Cin\u00e9Cin\u00e9ma,,,
45000000,9625,English,6.250282,04-10-1996,0,01:32,Released,The Glimmer Man,4.7,100,Action,Adventure,Crime,Drama,Thriller,Warner Bros.,Seagal/Nasso Productions,,,,,
45000000,9304,English,11.120344,19-07-1996,0,01:57,Released,Multiplicity,5.5,154,Comedy,Fantasy,Science Fiction,,,Columbia Pictures Corporation,,,,,,
45000000,20856,English,13.707183,31-07-2009,57881056,01:26,Released,Aliens in the Attic,5.3,244,Adventure,Comedy,Family,Fantasy,Science Fiction,Twentieth Century Fox Film Corporation,Regency Enterprises,Josephson Entertainment,New Upstairs Productions,,,
35000000,5955,English,12.495436,09-01-2001,29400000,02:03,Released,The Pledge,6.5,215,Crime,Drama,Mystery,Thriller,,Epsilon Motion Pictures,Franchise Pictures,Morgan Creek Productions,Clyde Is Hungry Films,,,
45000000,9899,English,6.803965,25-12-2005,38058335,02:14,Released,The Producers,6.1,151,Comedy,Music,,,,Sony Pictures,Gaumont Columbia Tristar Films,,,,,
45000000,9826,English,9.025236,06-06-1996,17300889,01:40,Released,The Phantom,4.7,136,Adventure,Action,,,,Paramount Pictures,Village Roadshow Pictures,The Ladd Company,,,,
57000000,21355,English,7.524671,11-12-2000,0,01:57,Released,All the Pretty Horses,5.8,60,Drama,Romance,Western,,,Columbia Pictures,Miramax Films,,,,,
44000000,10858,English,3.770161,22-12-1995,13681765,03:12,Released,Nixon,7.1,71,History,Drama,,,,Hollywood Pictures,Cinergi Pictures Entertainment,,,,,
45000000,11439,English,21.118196,12-02-2010,60222298,02:08,Released,The Ghost Writer,6.7,670,Thriller,Mystery,,,,Studio Babelsberg,Runteam Ltd.,R.P. Productions,France 2 Cin\u00e9ma,,,
45000000,9457,English,6.513856,30-01-1998,11203026,01:46,Released,Deep Rising,6,154,Adventure,Action,Horror,Science Fiction,,Hollywood Pictures,Cinergi Pictures Entertainment,Calimari Productions,,,,
45000000,12412,English,11.387408,15-09-2008,9323833,02:40,Released,Miracle at St. Anna,6.3,90,Drama,War,,,,Rai Cinema,40 Acres & A Mule Filmworks,Touchstone Pictures,On My Own,,,
110,1494,Chinese,9.950505,21-12-2006,0,01:54,Released,Curse of the Golden Flower,6.6,203,Action,Drama,Fantasy,,,Beijing New Picture Film Co. Ltd.,,,,,,
45000000,13184,English,14.813057,21-08-2008,42487390,01:39,Released,Bangkok Dangerous,5,332,Action,Crime,Thriller,,,Virtual Studios,Initial Entertainment Group,Saturn Films,International Production Company,,,
40000000,2185,English,5.201688,05-04-2002,8493890,01:25,Released,Big Trouble,6.3,80,Action,Comedy,Thriller,,,Touchstone Pictures,,,,,,
45000000,6639,English,5.361699,04-10-2007,4607608,02:19,Released,Love in the Time of Cholera,6.4,81,Drama,Romance,,,,New Line Cinema,Grosvenor Park Media Ltd.,,,,,
45000000,38153,English,3.848893,31-01-1997,2154540,01:43,Released,Shadow Conspiracy,4,11,Action,Thriller,,,,Hollywood Pictures,Cinergi Pictures Entertainment,,,,,
45000000,58233,English,35.6585,15-09-2011,160078586,01:41,Released,Johnny English Reborn,6,1007,Crime,Adventure,Action,Comedy,Thriller,Universal Pictures,,,,,,
65000000,116977,English,5.258726,15-06-2012,73706,01:27,Released,Foodfight!,2.3,28,Animation,Action,Comedy,Family,,Threshold Entertainment,Lions Gate Family Entertainment,,,,,
44500000,68734,English,62.01056,11-10-2012,232324128,02:00,Released,Argo,7.1,3423,Drama,Thriller,,,,GK Films,Warner Bros.,Smokehouse Pictures,,,,
44000000,5503,English,54.884297,06-08-1993,368875760,02:10,Released,The Fugitive,7.2,1220,Adventure,Action,Thriller,Crime,Mystery,Warner Bros.,,,,,,
40000000,27573,English,33.747825,16-03-2010,136000000,01:50,Released,The Bounty Hunter,5.5,858,Action,,,,,Columbia Pictures,Original Film,Relativity Media,Madhouse Entertainment,,,
44000000,819,English,16.245068,18-10-1996,165615285,02:27,Released,Sleepers,7.3,715,Crime,Drama,Thriller,,,Propaganda Films,Warner Bros.,Baltimore Pictures,,,,
44000000,1369,English,38.653969,21-05-1985,300400432,01:36,Released,Rambo: First Blood Part II,6.3,864,Action,Adventure,Thriller,War,,TriStar Pictures,Carolco Pictures,,,,,
44000000,9623,English,3.937352,02-02-1996,0,01:58,Released,The Juror,5.5,89,Drama,Thriller,,,,Columbia Pictures Corporation,,,,,,
2600000,10895,English,46.007991,23-02-1940,84300000,01:28,Released,Pinocchio,6.9,1355,Animation,Family,,,,RKO Radio Pictures,Walt Disney Productions,,,,,
44000000,10935,English,5.380124,19-11-1980,3484331,03:39,Released,Heaven's Gate,6.4,55,Action,Drama,History,Western,,United Artists,The Criterion Collection,,,,,
50000000,834,English,49.020045,12-01-2006,111340801,01:46,Released,Underworld: Evolution,6.4,1528,Fantasy,Action,Science Fiction,Thriller,,Lakeshore Entertainment,Screen Gems,,,,,
40000000,228066,English,24.821138,10-11-2015,34227298,01:49,Released,Victor Frankenstein,5.6,685,Drama,Science Fiction,Thriller,,,Twentieth Century Fox Film Corporation,Davis Entertainment,Moving Picture Company (MPC),TSG Entertainment,,,
43000000,711,English,19.043286,21-12-2000,80049764,02:16,Released,Finding Forrester,7,302,Drama,,,,,Fountainbridge Films,Laurence Mark Productions,Columbia Pictures Corporation,Finding Forrester Productions,,,
43000000,10468,English,5.418921,06-04-2000,0,01:43,Released,28 Days,6,208,Comedy,Drama,,,,Columbia Pictures,,,,,,
45000000,10027,English,25.999888,02-02-2005,50871113,01:43,Released,Unleashed,6.6,518,Action,Crime,,,,Canal Plus,Current Entertainment,Clubdeal,TF1 Films Production,,,
43000000,11812,English,18.65632,12-04-2002,68696770,01:24,Released,The Sweetest Thing,5.3,280,Romance,Comedy,,,,Konrad Pictures,,,,,,
42000000,37233,English,23.736535,30-06-1993,270248367,02:34,Released,The Firm,6.6,501,Drama,Mystery,Thriller,,,Paramount Pictures,Mirage Enterprises,Davis Entertainment,,,,
44000000,37950,English,21.75433,01-05-2010,48190704,01:39,Released,Charlie St. Cloud,6.8,566,Drama,,,,,Universal Pictures,Marc Platt Productions,Relativity Media,,,,
40000000,27582,English,44.094856,13-01-2011,51070807,01:33,Released,The Mechanic,6.3,1045,Action,Thriller,Crime,,,CBS Films,Millennium Films,Chartoff-Winkler Productions,Scared Productions,,,
42000000,64688,English,62.714026,12-03-2012,201585328,01:49,Released,21 Jump Street,6.7,4074,Action,Comedy,Crime,,,Columbia Pictures,Original Film,Stephen J. Cannell Productions,Relativity Media,,,
42000000,509,English,28.969151,13-05-1999,363889678,02:04,Released,Notting Hill,7,1262,Romance,Comedy,Drama,,,Bookshop Productions,Notting Hill Pictures,Working Title Films,Polygram Filmed Entertainment,,,
45000000,7443,English,31.789029,21-06-2000,224834564,01:24,Released,Chicken Run,6.5,1150,Animation,Comedy,Family,,,DreamWorks SKG,Aardman Animations,DreamWorks Animation,Path\u00e9,,,
42000000,5966,English,33.238296,16-01-2004,171963386,01:30,Released,Along Came Polly,5.8,773,Comedy,Romance,,,,Jersey Films,Loofah Productions,,,,,
40000000,11066,English,6.420434,30-06-1992,70100000,01:57,Released,Boomerang,5.4,134,Comedy,Romance,,,,Paramount Pictures,,,,,,
43000000,136795,English,37.654688,27-06-2013,158674180,01:57,Released,The Heat,6.5,1575,Action,Comedy,Crime,,,Ingenious Film Partners,Ingenious Media,Twentieth Century Fox Film Corporation,Chernin Entertainment,,,
31115000,8095,English,13.244365,12-06-1963,71000000,04:08,Released,Cleopatra,6.7,146,Drama,History,Romance,,,Twentieth Century Fox Film Corporation,MCL Films S.A.,Walwa Films S.A.,,,,
0,87826,English,26.799913,11-10-2012,73100172,01:45,Released,Here Comes the Boom,6,593,Comedy,,,,,Columbia Pictures,Happy Madison Productions,Broken Road Productions,,,,
42000000,11560,English,14.046705,03-04-2002,63781810,01:55,Released,High Crimes,6.1,184,Drama,Mystery,Thriller,Crime,,Twentieth Century Fox Film Corporation,Regency Enterprises,Monarch Pictures,Epsilon Motion Pictures,,,
42000000,25189,English,3.844926,15-11-1996,0,02:06,Released,The Mirror Has Two Faces,6.5,47,Comedy,Drama,Romance,,,TriStar Pictures,Phoenix Pictures,,,,,
32000000,2637,English,14.733513,25-01-2002,55157539,01:59,Released,The Mothman Prophecies,6.1,305,Drama,Horror,Mystery,,,Lakeshore Entertainment,,,,,,
42000000,18480,English,16.122168,08-07-2009,0,01:23,Released,Brüno,5.4,518,Comedy,,,,,Universal Pictures,,,,,,
32000000,709,English,28.22119,07-07-1989,156167015,02:13,Released,Licence to Kill,5.9,541,Adventure,Action,Thriller,,,Eon Productions,,,,,,
42000000,49730,English,45.151657,11-03-2011,89162162,01:40,Released,Red Riding Hood,5.6,922,Fantasy,Thriller,Horror,,,Appian Way,Warner Bros.,Random Films,,,,
60000000,2749,English,15.205371,01-03-2001,56359980,02:00,Released,15 Minutes,5.7,191,Action,Crime,Thriller,,,New Line Cinema,Industry Entertainment,Tribeca Productions,New Redemption Pictures,,,
48000000,9607,English,14.587367,28-05-1993,20915465,01:44,Released,Super Mario Bros.,4,232,Adventure,Comedy,Family,Fantasy,,Hollywood Pictures,Cinergi Pictures Entertainment,Allied Filmmakers,Walt Disney,,,
42000000,1830,English,34.828241,16-09-2005,24127895,02:02,Released,Lord of War,7,1335,Crime,Drama,Thriller,,,Saturn Films,Ascendant Pictures,Endgame Entertainment,Entertainment Manufacturing Company,,,
31000000,79,Chinese,23.607392,19-12-2002,177394432,01:39,Released,Hero,7.2,635,Drama,Adventure,Action,History,,Beijing New Picture Film Co. Ltd.,China Film Co-Production Corporation,,,,,
40000000,54054,English,19.438503,26-01-2012,36893721,01:31,Released,One for the Money,5.3,388,Action,Comedy,Crime,,,Lakeshore Entertainment,Sidney Kimmel Entertainment,,,,,
44000000,228967,English,74.168016,25-12-2014,12342632,01:52,Released,The Interview,6.1,2304,Action,Comedy,,,,Columbia Pictures,Point Grey Pictures,,,,,
42000000,46528,English,7.349497,02-12-2010,11087569,01:40,Released,The Warrior's Way,6.3,136,Adventure,Fantasy,Action,Western,Thriller,Boram Entertainment Inc.,,,,,,
33000000,27936,French,7.663515,28-10-2009,14000000,01:40,Released,Micmacs,6.8,148,Action,Comedy,Crime,,,France 2 Cin\u00e9ma,France 3 Cin\u00e9ma,Epith\u00e8te Films,France 3 (FR 3),,,
41000000,65,English,32.798571,08-11-2002,215000000,01:50,Released,8 Mile,6.8,1626,Drama,,,,,Imagine Entertainment,Mikona Productions GmbH & Co. KG,,,,,
0,280391,French,5.794466,08-04-2015,0,01:40,Released,Why I Did (Not) Eat My Father,5.3,125,Adventure,Comedy,Animation,,,Path\u00e9 Films,Bor\u00e9ales,,,,,
65000000,9476,English,36.670399,11-05-2001,117487473,02:12,Released,A Knight's Tale,6.6,907,Adventure,Drama,Romance,Action,,Columbia Pictures Corporation,Escape Artists,Black and Blu Entertainment,Finestkind,,,
41000000,10610,English,14.653718,15-08-2003,0,01:28,Released,The Medallion,5.3,281,Thriller,Fantasy,Action,Comedy,,Living Films,Emperor Multimedia Group (EMG),Golden Port Productions Ltd.,,,,
40000000,745,English,73.085576,06-08-1999,672806292,01:47,Released,The Sixth Sense,7.7,3147,Mystery,Thriller,Drama,,,Spyglass Entertainment,The Kennedy/Marshall Company,Hollywood Pictures,Barry Mendel Productions,,,
42000000,49527,English,34.041407,13-01-2012,46221189,01:42,Released,Man on a Ledge,6.2,925,Action,Thriller,Crime,,,Summit Entertainment,Di Bonaventura Picture,,,,,
41000000,73937,English,9.419726,13-10-2011,7448385,01:40,Released,The Big Year,5.6,248,Comedy,,,,,Ingenious Media,Dune Entertainment,Fox 2000 Pictures,Deuce Three Productions,,,
8000000,1885,English,28.456572,22-06-1984,90815558,02:06,Released,The Karate Kid,6.9,891,Drama,,,,,Columbia Pictures Corporation,Jerry Weintraub Productions,Delphi Films,,,,
40000000,168672,English,49.664128,12-12-2013,251171807,02:18,Released,American Hustle,6.8,2807,Drama,Crime,,,,Columbia Pictures,Atlas Entertainment,Annapurna Pictures,,,,
40000000,18240,English,36.238968,01-06-2009,317375031,01:48,Released,The Proposal,6.7,1804,Comedy,Romance,Drama,,,Touchstone Pictures,Mandeville Films,Kurtzman/Orci,,,,
70000000,10398,English,19.439386,24-09-1999,177841558,01:45,Released,Double Jeopardy,6.2,278,Crime,Drama,Mystery,Thriller,,Paramount Pictures,,,,,,
40000000,165,English,43.345252,20-11-1989,332000000,01:48,Released,Back to the Future Part II,7.4,3829,Adventure,Comedy,Family,Science Fiction,,Universal Pictures,Amblin Entertainment,U-Drive Productions,,,,
40000000,240832,English,115.241998,14-07-2014,126546825,01:29,Released,Lucy,6.3,5878,Action,Science Fiction,,,,Universal Pictures,TF1 Films Production,Canal+,EuropaCorp,,,
40000000,216015,English,98.755657,11-02-2015,571006128,02:05,Released,Fifty Shades of Grey,5.2,3254,Drama,Romance,Thriller,,,Focus Features,Trigger Street Productions,Michael De Luca Productions,,,,
38000000,12279,English,21.998734,25-07-2003,197011982,01:24,Released,Spy Kids 3-D: Game Over,4.7,511,Action,Adventure,Comedy,Family,Science Fiction,Dimension Films,,,,,,
40000000,1645,English,25.219805,24-07-1996,152266007,02:29,Released,A Time to Kill,7,509,Crime,Drama,Thriller,,,Regency Enterprises,Warner Bros.,,,,,
40000000,11007,English,26.516624,24-12-2003,190212113,01:38,Released,Cheaper by the Dozen,6,699,Comedy,,,,,Twentieth Century Fox Film Corporation,Robert Simonds Productions,,,,,
40000000,193756,English,37.084384,24-12-2013,149295601,02:01,Released,Lone Survivor,7.4,1526,Action,Drama,Thriller,War,,Universal Pictures,Weed Road Pictures,Herrick Entertainment,Leverage Management,,,
40000000,11287,English,21.661028,01-07-1992,107458785,02:08,Released,A League of Their Own,6.7,354,Comedy,,,,,Columbia Pictures Corporation,Parkway Productions,,,,,
40000000,259693,English,68.794673,13-05-2016,320170008,02:14,Released,The Conjuring 2,7,1949,Horror,,,,,New Line Cinema,Dune Entertainment,The Safran Company,Evergreen Media Group,,,
40000000,37799,English,69.27822,30-09-2010,224920315,02:00,Released,The Social Network,7.1,3391,Drama,,,,,Columbia Pictures,Scott Rudin Productions,Relativity Media,,,,
40000000,10184,English,26.253357,06-02-2009,177259441,02:09,Released,He's Just Not That Into You,6.2,959,Comedy,Romance,Drama,,,New Line Cinema,Flower Films (II),Internationale Filmproduktion Blackswan,,,,
45000000,4257,English,32.549282,13-04-2006,178262620,01:23,Released,Scary Movie 4,5.3,750,Comedy,,,,,Dimension Films,,,,,,
40000000,4234,English,24.992057,03-02-2000,161834276,01:56,Released,Scream 3,5.7,736,Horror,Mystery,,,,Konrad Pictures,Craven-Maddalena Films,Dimension Films,,,,
40000000,196,English,45.769562,25-05-1990,244527583,01:58,Released,Back to the Future Part III,7.1,2900,Adventure,Comedy,Family,Science Fiction,,Universal Pictures,Amblin Entertainment,U-Drive Productions,,,,
40000000,257091,English,36.301202,26-03-2015,111811453,01:40,Released,Get Hard,5.9,944,Comedy,,,,,Gary Sanchez Productions,Warner Bros.,,,,,
40000000,6114,English,45.022964,13-11-1992,215862692,02:08,Released,Dracula,7.1,1056,Romance,Horror,,,,American Zoetrope,Columbia Pictures Corporation,Osiris Films,,,,
40000000,24803,English,22.853006,06-08-2009,129540499,02:03,Released,Julie & Julia,6.6,560,Romance,Drama,,,,Columbia Pictures,Scott Rudin Productions,Easy There Tiger Productions,,,,
40000000,109410,English,31.884559,12-04-2013,95020213,02:08,Released,42,6.8,787,Drama,,,,,Warner Bros.,,,,,,
40000000,1213,English,31.385257,25-12-1999,128798265,02:19,Released,The Talented Mr. Ripley,7,767,Thriller,Crime,Drama,,,Paramount Pictures,Miramax Films,Timnick Films,Mirage Enterprises,,,
40000000,100042,English,67.767785,12-11-2014,169837010,01:50,Released,Dumb and Dumber To,5.4,1127,Comedy,,,,,New Line Cinema,Universal Pictures,Conundrum Entertainment,Red Granite Pictures,,,
40000000,9036,English,24.287306,17-02-2006,120455994,02:00,Released,Eight Below,6.7,542,Adventure,Drama,Family,,,Walt Disney Pictures,Spyglass Entertainment,Vertigo Entertainment,"Kennedy/Marshall Company, The",,,
35000000,257211,English,53.114573,24-09-2015,194564672,02:01,Released,The Intern,7.1,1881,Comedy,,,,,Waverly Films,Warner Bros.,,,,,
40000000,323675,English,25.136082,14-01-2016,124827316,01:42,Released,Ride Along 2,6.1,555,Action,Comedy,,,,Universal Pictures,Cube Vision,Will Packer Productions,Reel Chefs Catering,,,
40000000,9361,English,37.776566,25-09-1992,75505856,01:52,Released,The Last of the Mohicans,7.1,732,Action,Adventure,Drama,History,Romance,Morgan Creek Productions,,,,,,
40000000,1677,English,21.743321,29-10-2004,124731534,02:32,Released,Ray,7.2,467,Drama,Music,,,,Universal Pictures,Bristol Bay Productions,Baldwin Entertainment Group,Anvil Films,,,
40000000,187,English,66.003433,01-04-2005,158733820,02:04,Released,Sin City,7.2,2691,Action,Thriller,Crime,,,Dimension Films,Troublemaker Studios,Miramax,,,,
40000000,7461,English,24.862767,01-02-2008,151161491,01:30,Released,Vantage Point,6.2,716,Drama,Action,Thriller,Crime,,Columbia Pictures,Original Film,Kanzaman,Relativity Media,,,
41000000,16538,English,25.391899,20-03-2009,91636986,01:45,Released,"I Love You, Man",6.5,515,Comedy,,,,,The Montecito Picture Company,De Line Pictures,Bernard Gayle Productions,,,,
40000000,9889,English,29.854773,01-11-2001,141069860,01:54,Released,Shallow Hal,5.7,731,Comedy,Romance,,,,Twentieth Century Fox Film Corporation,,,,,,
40000000,820,English,26.82041,20-12-1991,205405498,03:09,Released,JFK,7.5,502,Drama,Thriller,History,,,Camelot Productions,Canal Plus Group,Ixtlan Productions,Warner Bros.,,,
40000000,11565,English,17.61292,26-01-2006,138259062,01:39,Released,Big Momma's House 2,5.4,371,Comedy,Crime,,,,Twentieth Century Fox Film Corporation,Regency Enterprises,Epsilon Motion Pictures,Firm Films,,,
57000000,6073,English,21.021809,01-03-2001,147845033,02:03,Released,The Mexican,5.8,441,Action,Comedy,Crime,Romance,,DreamWorks SKG,Newmarket Capital Group,Lawrence Bender Productions,Pistolero Productions LLC,,,
20000000,16996,English,52.571674,11-03-2009,136267476,01:42,Released,17 Again,6.1,1350,Comedy,,,,,New Line Cinema,Offspring Entertainment,,,,,
40000000,193610,English,34.519636,16-04-2014,196781193,01:49,Released,The Other Woman,6.2,1437,Comedy,Romance,,,,Twentieth Century Fox Film Corporation,LBI Productions,,,,,
40000000,19912,English,32.478077,26-08-2009,186167139,01:22,Released,The Final Destination,5.4,831,Horror,Mystery,,,,New Line Cinema,Practical Pictures,Parallel Zide,,,,
40000000,296098,English,48.445978,15-10-2015,165478348,02:21,Released,Bridge of Spies,7.2,2583,Thriller,Drama,,,,DreamWorks SKG,Amblin Entertainment,Studio Babelsberg,Fox 2000 Pictures,,,
40000000,8007,English,24.012986,17-11-2001,91753202,01:46,Released,Behind Enemy Lines,6,457,Action,Drama,Thriller,War,,Twentieth Century Fox Film Corporation,Davis Entertainment,,,,,
40000000,32823,English,17.869443,04-06-2010,90029656,01:49,Released,Get Him to the Greek,5.9,612,Comedy,,,,,Universal Pictures,Spyglass Entertainment,Relativity Media,Apatow Productions,,,
50000000,4380,English,14.231899,15-10-2004,170128460,01:47,Released,Shall We Dance?,5.9,297,Drama,Romance,Comedy,,,Miramax Films,,,,,,
40000000,11551,English,23.088571,10-07-1998,54682547,01:50,Released,Small Soldiers,6.2,511,Comedy,Adventure,Fantasy,Science Fiction,Action,Universal Pictures,Amblin Entertainment,DreamWorks Pictures,,,,
40000000,10336,English,19.833664,31-07-1997,87840042,01:36,Released,Spawn,5,336,Action,Adventure,Fantasy,Horror,Science Fiction,New Line Cinema,Pull Down Your Pants Pictures,Todd McFarlane Entertainment,,,,
35000000,11362,English,26.595983,23-01-2002,75395048,02:11,Released,The Count of Monte Cristo,7.3,453,Action,Adventure,Drama,Thriller,,Spyglass Entertainment,World 2000 Entertainment,Count of Monte Cristo Ltd.,Touchstone Pictures,,,
40000000,50348,English,26.072228,17-03-2011,85412898,01:59,Released,The Lincoln Lawyer,7,902,Crime,Drama,Thriller,,,Lakeshore Entertainment,Sidney Kimmel Entertainment,Lionsgate,,,,
30000000,48138,English,38.643914,16-02-2011,130786397,01:53,Released,Unknown,6.5,1265,Action,Mystery,Thriller,,,Studio Babelsberg,StudioCanal,Dark Castle Entertainment,TF1 Films Production,,,
40000000,1124,English,74.440708,19-10-2006,109676311,02:10,Released,The Prestige,8,4391,Drama,Mystery,Thriller,,,Warner Bros.,Touchstone Pictures,Syncopy,,,,
42000000,227159,English,82.185281,26-11-2014,107670357,01:48,Released,Horrible Bosses 2,6.1,1536,Comedy,,,,,New Line Cinema,BenderSpink,RatPac Entertainment,,,,
40000000,68179,English,18.14218,14-02-2013,74597643,01:29,Released,Escape from Planet Earth,5.7,332,Animation,Comedy,Adventure,Family,Science Fiction,Rainmaker Entertainment,Mainframe Entertainment,"Weinstein Company, The",,,,
40000000,1579,English,41.570047,07-12-2006,120175290,02:19,Released,Apocalypto,7.3,1221,Action,Adventure,Drama,Thriller,,Icon Productions,Icon Entertainment International,Touchstone Pictures,,,,
40000000,708,English,23.331459,29-06-1987,191185897,02:10,Released,The Living Daylights,6.2,440,Action,Adventure,Thriller,,,United Artists,Eon Productions,,,,,
40000000,34851,English,47.649554,03-07-2010,126248813,01:47,Released,Predators,6,1206,Action,Science Fiction,Adventure,Thriller,,Twentieth Century Fox Film Corporation,Davis Entertainment,Dune Entertainment III,Troublemaker Studios,,,
0,9930,English,7.519433,18-06-1986,0,01:56,Released,Legal Eagles,5.8,51,Comedy,Crime,Drama,Romance,Thriller,Universal Pictures,Mirage Enterprises,Northern Lights Entertainment,,,,
40000000,1586,English,32.908414,12-03-2004,92913171,01:36,Released,Secret Window,6.4,972,Thriller,Mystery,,,,Columbia Pictures Corporation,Pariah Entertainment Group,Grand Slam Productions,Mel's Cite du Cinema,,,
40000000,2044,English,29.88736,16-06-2006,114830111,01:39,Released,The Lake House,6.5,670,Romance,Drama,Mystery,,,Village Roadshow Pictures,Vertigo Entertainment,Sound for Film,Warner Bros.,,,
43000000,9913,English,29.105407,29-07-2005,91974818,01:44,Released,The Skeleton Key,6.4,573,Drama,Horror,Mystery,Thriller,,Universal Pictures,MFPV Film,Double Feature Films,ShadowCatcher Entertainment,,,
0,71864,English,16.394452,15-08-2012,51854875,01:45,Released,The Odd Life of Timothy Green,6.5,386,Fantasy,Drama,Comedy,Family,,Walt Disney Pictures,,,,,,
40000000,10761,English,19.574774,02-05-2008,84601681,01:41,Released,Made of Honor,6,394,Comedy,Romance,,,,Columbia Pictures,Original Film,,,,,
40000000,209451,English,14.199933,05-06-2014,67347013,02:14,Released,Jersey Boys,6.8,255,Music,Drama,,,,Warner Bros.,,,,,,
40000000,11975,English,12.229516,18-11-1997,45916769,02:15,Released,The Rainmaker,6.7,235,Drama,Crime,Thriller,,,Paramount Pictures,Constellation Entertainment,,,,,
40000000,4970,English,27.303608,21-11-2003,141591324,01:38,Released,Gothika,5.8,629,Horror,Thriller,,,,Columbia Pictures Corporation,Dark Castle Entertainment,Warner Bros.,,,,
36000000,11831,English,3.698276,03-12-1997,74000000,02:35,Released,Amistad,6.8,316,Drama,History,Mystery,,,DreamWorks SKG,,,,,,
40000000,9096,English,7.021871,07-02-1992,0,01:46,Released,Medicine Man,5.8,114,Adventure,,,,,Hollywood Pictures,Cinergi Pictures Entertainment,,,,,
40000000,440,English,39.381913,25-12-2007,41797066,01:34,Released,Aliens vs Predator: Requiem,4.9,740,Fantasy,Action,Science Fiction,Thriller,Horror,Twentieth Century Fox Film Corporation,Dune Entertainment,Davis Entertainment,Brandywine Productions,,,
40000000,11011,English,14.398356,19-12-1994,0,01:35,Released,Ri¢hie Ri¢h,5.4,415,Comedy,Family,,,,Davis Entertainment,Silver Pictures,Warner Bros.,,,,
65000000,10641,English,8.680334,11-08-2000,0,01:43,Released,Autumn in New York,5.7,135,Drama,Romance,,,,Lakeshore Entertainment,Metro-Goldwyn-Mayer (MGM),,,,,
40000000,11172,English,17.659032,09-02-2007,145896422,01:36,Released,Music and Lyrics,6.2,554,Comedy,Music,Romance,,,Village Roadshow Pictures,Castle Rock Entertainment,Reserve Room,Flower Films (II),,,
40000000,39513,English,43.151268,14-02-2011,97552050,01:44,Released,Paul,6.5,1789,Adventure,Comedy,Science Fiction,,,Universal Pictures,Big Talk Productions,Relativity Media,Working Title Films,,,
40000000,82687,English,15.283444,19-12-2012,41863726,01:35,Released,The Guilt Trip,5.4,284,Comedy,,,,,Paramount Pictures,Skydance Productions,,,,,
40000000,41446,English,35.21926,11-04-2011,97138686,01:51,Released,Scream 4,6.1,902,Horror,Mystery,,,,Dimension Films,,,,,,
40000000,8224,English,25.580272,26-02-1999,96618699,02:03,Released,8MM,6.1,474,Thriller,Crime,Mystery,,,Columbia Pictures Corporation,Hofflund/Polone,Global Entertainment Productions GmbH & Company Medien KG,,,,
38000000,10537,English,10.794175,01-03-1991,34416893,02:20,Released,The Doors,6.7,275,Drama,Music,,,,Imagine Entertainment,Ixtlan Productions,Carolco Pictures,Bill Graham Films,,,
40000000,225886,English,72.641296,17-07-2014,126069509,01:37,Released,Sex Tape,5.3,1695,Comedy,,,,,Escape Artists,Media Rights Capital,Sony Pictures Entertainment (SPE),LStar Capital,,,
40000000,10385,English,3.415534,16-02-2000,36037909,01:34,Released,Hanging Up,5,40,Comedy,Drama,,,,Laurence Mark Productions,Columbia Pictures Corporation,Global Entertainment Productions GmbH & Company Medien KG,Nora Ephron Productions,,,
47000000,55779,English,38.555482,12-08-2011,157887643,01:32,Released,Final Destination 5,5.9,866,Horror,Mystery,,,,New Line Cinema,Practical Pictures,Parallel Zide,,,,
0,10154,English,6.786117,16-08-1999,0,01:42,Released,Mickey Blue Eyes,5.3,140,Comedy,Crime,Romance,,,Castle Rock Entertainment,Warner Bros.,,,,,
40000000,10647,English,24.313684,12-10-2000,55707411,02:02,Released,Pay It Forward,7,432,Drama,Romance,,,,Bel Air Entertainment,Warner Bros.,,,,,
30000000,11431,English,9.965073,06-04-2005,50451307,01:43,Released,Fever Pitch,5.9,182,Comedy,Drama,Romance,,,Fox 2000 Pictures,Wildgaze Films,Alan Greenspan Productions,Mars Media Beteiligungs,,,
40000000,8457,English,15.055732,20-03-2008,0,01:42,Released,Drillbit Taylor,5.5,275,Comedy,,,,,Paramount Pictures,Apatow Productions,,,,,
0,188161,English,32.808675,22-05-2014,0,01:56,Released,A Million Ways to Die in the West,5.8,1468,Comedy,Western,,,,Media Rights Capital,Fuzzy Door Productions,Bluegrass Films,RGB Media,,,
25000000,8850,English,8.178203,01-07-1994,48063435,01:48,Released,The Shadow,5.4,138,Adventure,Fantasy,Action,Thriller,Science Fiction,Universal Pictures,,,,,,
40000000,64685,English,31.066874,24-12-2011,55247881,02:09,Released,Extremely Loud & Incredibly Close,6.9,708,Drama,,,,,Paramount Pictures,Scott Rudin Productions,Warner Bros.,,,,
40000000,38357,English,22.491388,12-01-2010,58785180,01:42,Released,Morning Glory,6.1,412,Comedy,Drama,Romance,,,Bad Robot,Goldcrest Pictures,,,,,
40000000,10060,English,12.885985,09-11-2005,46442528,01:57,Released,Get Rich or Die Tryin',6.3,186,Drama,,,,,Paramount Pictures,MTV Films,Cent Productions Inc.,,,,
40000000,11398,English,7.832337,23-08-2000,30199105,01:57,Released,The Art of War,5.6,135,Crime,Action,Adventure,,,Amen Ra Films,Franchise Pictures,Warner Bros.,Morgan Creek Productions,,,
40000000,1833,English,10.433667,23-11-2005,31670620,02:15,Released,Rent,6.7,155,Drama,Romance,,,,Columbia Pictures,1492 Pictures,Revolution Studios,,,,
40000000,10391,English,3.321949,11-08-2000,0,01:47,Released,Bless the Child,4.9,71,Drama,Horror,Thriller,Crime,,Paramount Pictures,Icon Entertainment International,Munich Film Partners & Company (MFP) BTC Productions,,,,
75000000,8970,English,4.842626,02-04-1999,29000000,01:30,Released,The Out-of-Towners,5,45,Comedy,,,,,Paramount Pictures,Cherry Alley Productions,,,,,
40000000,9306,English,13.210898,23-08-1996,49627779,01:36,Released,The Island of Dr. Moreau,4.6,147,Fantasy,Horror,Science Fiction,,,New Line Cinema,,,,,,
40000000,11370,English,3.296933,07-09-2001,27053815,01:44,Released,The Musketeer,5.2,56,Action,Adventure,Drama,,,Crystal Sky Worldwide,MDP Worldwide,ApolloMedia Distribution,"Carousel Picture Company, The",,,
35000000,12184,English,22.939557,28-02-2008,0,01:55,Released,The Other Boleyn Girl,6.4,477,Drama,,,,,Columbia Pictures,Scott Rudin Productions,BBC Films,Ruby Films,,,
40000000,1921,English,19.372805,16-02-2001,65754228,01:59,Released,Sweet November,6.4,278,Drama,Romance,,,,Bel Air Entertainment,Warner Bros.,,,,,
40000000,1683,English,13.445697,05-04-2007,62771059,01:39,Released,The Reaping,5.4,205,Horror,,,,,Village Roadshow Pictures,Dark Castle Entertainment,Warner Bros.,Eyetronics,,,
500000,203,English,17.002096,02-10-1973,3000000,01:50,Released,Mean Streets,7.2,345,Drama,Crime,,,,Scorsese Productions,,,,,,
40000000,11858,English,4.516953,03-06-1994,24332324,02:08,Released,Renaissance Man,5.9,81,Comedy,War,,,,Cinergi Pictures Entertainment,Touchstone Pictures,,,,,
40000000,62835,English,33.785969,27-07-2011,60965854,01:48,Released,Colombiana,6.5,824,Action,Thriller,Crime,Drama,,TF1 Films Production,Canal+,Cin\u00e9Cin\u00e9ma,Grive Productions,,,
40000000,18937,English,16.059443,15-05-1998,38172500,01:26,Released,Quest for Camelot,6.9,190,Fantasy,Animation,Drama,Romance,Family,Warner Bros.,,,,,,
40000000,13536,English,3.476966,06-09-2002,22433915,01:48,Released,City By The Sea,5.7,92,Crime,Drama,Mystery,,,Warner Bros. Pictures,Epsilon Motion Pictures,Franchise Pictures,Brad Grey Pictures,,,
0,15556,English,5.778724,15-01-1999,0,02:08,Released,At First Sight,5.9,48,Drama,Romance,,,,Metro-Goldwyn-Mayer (MGM),,,,,,
40000000,10718,English,7.360793,16-01-2004,46546197,01:24,Released,Torque,4.7,119,Action,,,,,Village Roadshow Pictures,Original Film,Warner Bros.,,,,
0,11062,English,3.621837,16-02-1996,0,01:51,Released,City Hall,6,67,Drama,Thriller,,,,Columbia Pictures,Castle Rock Entertainment,,,,,
45000000,10802,English,14.513305,22-09-1995,20350754,02:08,Released,Showgirls,4.9,256,Drama,,,,,United Artists,Le Studio Canal+,Carolco Pictures,,,,
40000000,1887,English,22.364549,24-05-2006,60474340,02:03,Released,Marie Antoinette,6.5,642,Drama,History,,,,American Zoetrope,Columbia Pictures Corporation,Pricel,Tohokushinsha Film,,,
40000000,6071,English,6.90894,21-04-1995,0,01:41,Released,Kiss of Death,5.7,81,Action,Crime,Drama,Thriller,,Twentieth Century Fox Film Corporation,,,,,,
63600000,10461,English,4.494788,06-10-2000,19412993,01:42,Released,Get Carter,4.8,145,Action,Drama,Thriller,Crime,,Franchise Pictures,Warner Bros.,Morgan Creek Productions,The Canton Company,,,
42000000,80278,English,47.559928,09-09-2012,180274123,01:53,Released,The Impossible,7,2025,Thriller,Drama,,,,Summit Entertainment,Telecinco Cinema,Apaches Entertainment,Canal+ Espa\u00f1a,,,
55000000,12704,English,2.410546,15-05-1987,14375181,01:47,Released,Ishtar,4.2,28,Action,Adventure,Comedy,,,Columbia Pictures,,,,,,
40000000,10315,English,41.258956,23-10-2009,46471023,01:27,Released,Fantastic Mr. Fox,7.5,1176,Adventure,Animation,Comedy,Family,,Twentieth Century Fox Film Corporation,Regency Enterprises,Indian Paintbrush,American Empirical Pictures,,,
40000000,16643,English,8.980846,26-04-2002,16872671,01:43,Released,Life or Something Like It,5.7,124,Comedy,Drama,Romance,,,Regency Enterprises,Epsilon Motion Pictures,Davis Entertainment,New Regency Pictures,,,
40000000,2687,English,7.222985,28-02-1992,14358033,01:39,Released,Memoirs of an Invisible Man,5.7,125,Comedy,Fantasy,Science Fiction,,,Regency Enterprises,Alcor Films,Canal+,Warner Bros.,,,
10000000,194,French,73.720244,25-04-2001,173921954,02:02,Released,Amélie,7.8,3310,Comedy,Romance,,,,France 3 Cin\u00e9ma,Claudie Ossard Productions,MMC Independent,Canal+,,,
0,11025,English,10.0403,01-05-2004,0,01:31,Released,New York Minute,5.5,185,Comedy,,,,,DiNovi Pictures,Dualstar Productions,Warner Bros.,,,,
60000000,8849,English,15.219263,22-10-2004,13395939,01:43,Released,Alfie,5.6,248,Comedy,,,,,Paramount Pictures,Patalex Productions,,,,,
40000000,78698,English,8.303696,02-02-2012,24719215,01:47,Released,Big Miracle,6.6,152,Adventure,Drama,Romance,,,Universal Pictures,Anonymous Content,Working Title Films,,,,
38000000,30943,English,4.746085,12-03-1999,28121100,01:46,Released,The Deep End of the Ocean,5.9,54,Drama,Mystery,,,,Columbia Pictures Corporation,Mandalay Entertainment,,,,,
40000000,9544,English,6.756886,09-08-2002,18902015,01:41,Released,FearDotCom,3.2,105,Horror,Thriller,,,,Milagro Films,Franchise Pictures,DoRo Fiction Film,Signature Pictures,,,
40000000,24418,English,16.424807,23-10-2009,28169671,01:49,Released,Cirque du Freak: The Vampire's Assistant,5.5,348,Adventure,Fantasy,Action,Thriller,,Universal Pictures,,,,,,
40000000,7288,English,15.590001,26-09-2003,19322135,01:29,Released,Duplex,5.9,482,Action,Comedy,Thriller,,,Miramax Films,Flower Films,,,,,
0,14655,English,5.483671,07-11-2008,0,01:43,Released,Soul Men,6.3,47,Comedy,Music,,,,Dimension Films,,,,,,
0,24575,English,1.630541,01-01-1980,0,01:55,Released,Raise the Titanic,5.2,21,Action,Drama,Thriller,,,ITC Entertainment,,,,,,
45000000,10366,English,14.566664,05-08-1999,10667893,01:22,Released,Universal Soldier: The Return,4.2,135,Action,Science Fiction,,,,TriStar Pictures,Baumgarten-Prophet Entertainment,,,,,
33000000,19898,English,28.353517,08-09-2009,20645327,01:48,Released,Pandorum,6.5,774,Action,Horror,Mystery,Science Fiction,Thriller,Impact Pictures,Constantin Film Produktion,,,,,
40000000,4965,English,9.579975,03-12-2001,0,01:42,Released,Impostor,6.1,135,Action,Science Fiction,Thriller,,,Dimension Films,Marty Katz Productions,Mojo Films,PK Pictures,,,
40000000,15074,English,2.911819,27-11-2002,10959475,01:33,Released,Extreme Ops,5,28,Action,Adventure,Drama,Thriller,,Paramount Pictures,Extreme Productions,ApolloMedia Distribution,,,,
0,56715,English,10.844882,06-04-2001,0,01:28,Released,Just Visiting,4.8,171,Comedy,Fantasy,Science Fiction,,,Gaumont,Hollywood Pictures,Bruin Grip Services,,,,
50000000,1272,English,51.502884,05-04-2007,32017803,01:47,Released,Sunshine,7,1182,Science Fiction,Thriller,,,,DNA Films,Ingenious Film Partners,UK Film Council,Moving Picture Company (MPC),,,
40000000,72358,English,13.119133,07-03-2012,22044277,01:31,Released,A Thousand Words,6,373,Drama,Comedy,,,,Paramount Pictures,DreamWorks SKG,Saturn Films,Varsity Pictures,,,
40000000,20542,English,4.238482,12-12-2008,0,01:34,Released,Delgo,5.4,15,Adventure,Fantasy,Animation,Comedy,Science Fiction,Fathom Studios,Electric Eye Entertainment Corporation,,,,,
40000000,266396,English,26.935458,16-02-2015,13644292,01:55,Released,The Gunman,5.5,392,Action,Drama,Crime,,,StudioCanal,Silver Pictures,TF1 Films Production,Canal+,,,
40000000,9978,English,16.282962,21-07-2006,23937870,01:33,Released,Stormbreaker,5.1,213,Adventure,Action,Family,,,Isle of Man Film,"Weinstein Company, The",Samuelson Productions,,,,
20000000,8271,English,31.690456,12-04-2007,117760134,01:45,Released,Disturbia,6.6,1006,Thriller,Drama,Mystery,,,Paramount Pictures,DreamWorks SKG,Cold Spring Pictures,"Montecito Picture Company, The",,,
20000000,10428,English,17.842246,14-09-1995,7563728,01:47,Released,Hackers,6.2,398,Action,Crime,Thriller,Drama,,United Artists,Suftley,,,,,
0,5353,English,8.048305,03-09-2007,0,01:41,Released,The Hunting Party,6.6,96,Action,Adventure,Thriller,Drama,,Intermedia Films,,,,,,
30000000,11934,English,14.188982,11-03-1994,0,01:51,Released,The Hudsucker Proxy,7.1,275,Comedy,Drama,,,,PolyGram Filmed Entertainment,Silver Pictures,Warner Bros.,Working Title Films,,,
40000000,14392,Chinese,6.884467,12-12-2007,0,02:06,Released,The Warlords,6.3,83,Action,Drama,History,,,Applause Pictures,Media Asia Films,Beijing Jinyinma Movie & TV Culture Co.,Stellar Mega Films,,,
25000000,19495,English,8.212018,17-07-2005,0,01:52,Released,Nomad: The Warrior,4.3,17,Action,History,War,,,Wild Bunch,Ibrus,Kazakhfilm Studios,True Story Production,,,
39200000,110415,Korean,64.238688,01-08-2013,86758912,02:06,Released,Snowpiercer,6.7,2854,Action,Science Fiction,Drama,,,CJ Entertainment,Opus Pictures,Stillking Films,SnowPiercer,,,
25000000,77459,French,17.375562,12-10-2011,0,01:30,Released,A Monster in Paris,6.5,313,Adventure,Animation,Comedy,Family,Fantasy,Europa Corp,Scanbox,,,,,
0,26486,English,6.7698,24-09-2004,0,01:30,Released,The Last Shot,5.9,15,Action,Comedy,,,,Touchstone Pictures,Mandeville Films,"Morra, Brezner, Steinberg and Tenenbaum Entertainment (MBST)",Burro Productions,,,
15000000,9495,English,44.690107,11-05-1994,94000000,01:42,Released,The Crow,7.3,953,Fantasy,Action,Thriller,,,Miramax Films,Crowvision Inc.,Entertainment Media Investment Corporation,Jeff Most Productions,,,
40000000,256040,Telugu,16.254032,10-07-2015,100000000,02:39,Released,Baahubali: The Beginning,7.5,135,Action,Adventure,War,History,,Arka Media Works,,,,,,
39000000,24420,English,37.492928,14-08-2009,101229792,01:47,Released,The Time Traveler's Wife,6.7,798,Drama,Romance,Fantasy,,,New Line Cinema,Plan B Entertainment,Nick Wechsler Productions,Internationale Scarena Filmproduktionsgesellschaft 2,,,
0,1257,English,18.678415,02-02-2007,69485490,01:42,Released,Because I Said So,5.8,191,Comedy,,,,,Universal Pictures,Gold Circle Films,,,,,
39000000,62214,English,27.908783,04-10-2012,35287788,01:27,Released,Frankenweenie,6.6,932,Animation,Comedy,Family,,,Tim Burton Productions,,,,,,
39000000,16320,English,45.388937,25-08-2005,38869464,01:59,Released,Serenity,7.4,1264,Science Fiction,Action,Adventure,Thriller,,Universal Pictures,Barry Mendel Productions,,,,,
39000000,8842,English,2.817364,20-02-2004,6614280,01:46,Released,Against the Ropes,4.5,32,Romance,Drama,,,,Paramount Pictures,Cort/Madden Productions,ATR Films,MMP Erste Filmproduktions,,,
39000000,9531,English,22.164202,17-06-1983,75850624,02:05,Released,Superman III,5.3,490,Comedy,Action,Adventure,Fantasy,Science Fiction,Warner Bros.,Dovemead Films,Cantharus Productions,,,,
40000000,64807,English,21.362949,25-12-2013,44907260,01:53,Released,Grudge Match,6,433,Comedy,,,,,Gerber Pictures,Warner Bros.,,,,,
80341000,12289,Chinese,14.8375,10-07-2008,127814609,02:30,Released,Red Cliff,7.1,205,Adventure,Drama,Action,,,Metropolitan Filmexport,Lion Rock Productions,Showbox,,,,
30000000,11529,English,18.256028,26-09-2002,180622424,01:48,Released,Sweet Home Alabama,6,394,Comedy,Romance,,,,Touchstone Pictures,,,,,,
38000000,20943,English,22.332927,24-07-2009,205298907,01:36,Released,The Ugly Truth,6.4,972,Comedy,Romance,,,,Lakeshore Entertainment,Relativity Media,,,,,
0,9099,English,5.417787,29-03-1996,0,01:30,Released,Sgt. Bilko,5.5,94,Comedy,Family,,,,Imagine Entertainment,Universal Pictures,,,,,
38000000,9488,English,24.085144,07-08-2002,119723358,01:40,Released,Spy Kids 2: The Island of Lost Dreams,5.3,521,Action,Adventure,Family,,,Dimension Films,,,,,,
38000000,193,English,14.779041,17-11-1994,120000000,01:58,Released,Star Trek: Generations,6.4,452,Science Fiction,Action,Adventure,Thriller,,Paramount Pictures,,,,,,
3860000,44865,Chinese,19.947265,08-01-2013,64076736,02:10,Released,The Grandmaster,6.3,273,Action,Drama,History,,,The Weinstein Company,Block 2 Pictures,Wild Bunch,Annapurna Pictures,,,
38000000,55787,English,16.801218,15-03-2011,114156230,02:00,Released,Water for Elephants,6.7,850,Drama,Romance,,,,Ingenious Media,Dune Entertainment,Fox 2000 Pictures,Flashpoint Entertainment,,,
40000000,257932,Chinese,5.057695,20-05-2014,0,01:28,Released,Dragon Nest: Warriors' Dawn,6.8,19,Adventure,Family,Fantasy,Animation,,Mili Pictures,,,,,,
50000000,10400,English,20.825781,17-09-1999,73956241,02:26,Released,The Hurricane,7.2,396,Drama,,,,,Universal Pictures,Beacon Communications,Azoff Entertainment,,,,
38000000,1957,English,11.500783,24-05-2002,51801187,01:54,Released,Enough,6.2,264,Drama,Thriller,,,,Winkler Films,,,,,,
35000000,10833,English,13.932203,23-03-2001,0,02:03,Released,Heartbreakers,5.7,254,Crime,Comedy,Romance,,,Davis Entertainment,Metro-Goldwyn-Mayer (MGM),,,,,
38000000,256961,English,41.258487,16-04-2015,107597242,01:34,Released,Paul Blart: Mall Cop 2,5,567,Action,Comedy,Family,,,Columbia Pictures,Happy Madison Productions,Sony Pictures Releasing,Sony Pictures Entertainment (SPE),,,
53000000,5852,English,6.454634,15-05-2001,29700000,01:42,Released,Angel Eyes,5.6,88,Drama,Romance,Thriller,,,Epsilon Motion Pictures,Morgan Creek Productions,The Canton Company,AE Two Film Productions,,,
38000000,12312,English,5.257009,21-12-2001,0,01:39,Released,Joe Somebody,5.5,40,Comedy,,,,,Regency Enterprises,Fox 2000 Pictures,Kopelson Entertainment,Epsilon Motion Pictures,,,
38000000,622,English,30.359164,24-08-1999,58401898,02:13,Released,The Ninth Gate,6.3,756,Horror,Mystery,Thriller,,,Bac Films,Kino Vision,Orly Films,R.P. Productions,,,
38000000,11306,English,3.426555,27-09-1996,17380126,01:58,Released,Extreme Measures,5.7,80,Drama,Thriller,,,,Columbia Pictures,Castle Rock Entertainment,Simian Films,,,,
57000000,12508,English,11.60815,04-09-2001,16991902,01:45,Released,Rock Star,6,190,Music,Drama,Comedy,,,Bel Air Entertainment,Warner Bros.,Robert Lawrence Productions,Metal Productions Inc.,,,
10000000,25793,English,18.664624,06-11-2009,47536959,01:50,Released,Precious,6.9,417,Drama,,,,,Smokewood Entertainment Group,,,,,,
38000000,10534,English,10.047579,02-02-1996,10300000,02:09,Released,White Squall,6.3,86,Action,Drama,,,,Hollywood Pictures,Largo Entertainment,Scott Free Productions,,,,
15000000,1091,English,52.731379,25-06-1982,19629760,01:49,Released,The Thing,7.8,1588,Horror,Mystery,Science Fiction,,,Universal Pictures,Turman-Foster Company,,,,,
38000000,87421,English,46.630062,02-09-2013,98337295,01:59,Released,Riddick,6.2,2035,Science Fiction,Action,Thriller,,,One Race Productions,Radar Pictures,Riddick Canada Productions,,,,
37000000,10871,English,4.131546,31-10-1997,6482195,01:58,Released,Switchback,5.8,52,Action,Adventure,Mystery,Thriller,,Paramount Pictures,Pacific Western,Rysher Entertainment,,,,
0,13503,English,5.641978,30-11-2001,0,01:50,Released,Texas Rangers,5.4,19,Action,Western,,,,Dimension Films,,,,,,
55000000,13600,English,23.465539,07-10-2008,17869048,01:30,Released,City of Ember,6.2,605,Adventure,Family,Fantasy,,,Playtone,Walden Media,,,,,
32000000,68722,English,25.682509,07-09-2012,28258060,02:17,Released,The Master,7,701,Drama,,,,,Ghoulardi Film Company,The Weinstein Company,Annapurna Pictures,,,,
38000000,14324,English,6.760922,17-12-2007,5410749,01:33,Released,Virgin Territory,4.3,75,Adventure,Action,Comedy,Romance,,Ingenious Film Partners,Dino de Laurentiis Cinematografica,Dino De Laurentiis Company,Zephyr Films,,,
40000000,14325,English,3.87823,10-10-2008,9793496,02:10,Released,The Express,7.1,71,Drama,,,,,Davis Entertainment,Relativity Media,IDEA Filmproduktions,,,,
38000000,299687,English,57.889964,14-01-2016,109906372,01:52,Released,The 5th Wave,5.6,1945,Adventure,Science Fiction,,,,Columbia Pictures,GK Films,Material Pictures,LStar Capital,,,
37000000,312221,English,57.773583,25-11-2015,173567581,02:13,Released,Creed,7.3,1915,Drama,,,,,New Line Cinema,Warner Bros.,Metro-Goldwyn-Mayer (MGM),Chartoff Winkler Productions,,,
37000000,23168,English,24.218358,15-09-2010,154026136,02:05,Released,The Town,7,1468,Crime,Drama,Thriller,,,Legendary Pictures,GK Films,Thunder Road Pictures,Warner Bros.,,,
40000000,76494,English,27.009723,17-05-2012,79700000,01:50,Released,What to Expect When You're Expecting,5.8,594,Romance,Comedy,Drama,,,Alcon Entertainment,Lionsgate,Phoenix Pictures,What to Expect Productions,,,
37000000,4944,English,31.941347,05-09-2008,163720069,01:36,Released,Burn After Reading,6.5,1222,Comedy,Drama,,,,Mike Zoss Productions,Studio Canal,Relativity Media,Focus Features,,,
37000000,10488,English,14.353279,03-04-2008,100076342,01:36,Released,Nim's Island,5.6,330,Adventure,Comedy,Family,Fantasy,,Walden Media,,,,,,
38000000,96721,English,33.003828,02-09-2013,90247624,02:03,Released,Rush,7.7,2277,Drama,Action,,,,Revolution Films,Working Title Films,Cross Creek Pictures,Exclusive Media Group,,,
37000000,334,English,30.993736,08-12-1999,48451803,03:08,Released,Magnolia,7.5,825,Drama,,,,,New Line Cinema,Ghoulardi Film Company,The Magnolia Project,,,,
30000000,23742,English,25.825771,26-02-2010,55583804,01:47,Released,Cop Out,5.3,511,Action,Comedy,Crime,,,Warner Bros.,,,,,,
38000000,259694,English,46.078371,21-01-2016,112343513,01:50,Released,How to Be Single,5.9,1201,Comedy,Romance,,,,New Line Cinema,Flower Films,Metro-Goldwyn-Mayer Pictures,,,,
37000000,62837,English,6.63839,23-09-2011,95404397,01:53,Released,Dolphin Tale,6.7,163,Drama,Family,,,,Alcon Entertainment,Arc Productions,,,,,
37000000,8966,English,127.084938,20-11-2008,392616625,02:02,Released,Twilight,5.8,3561,Adventure,Fantasy,Drama,Romance,,Summit Entertainment,Maverick Films,Imprint Entertainment,Goldcrest Pictures,,,
36000000,8470,English,27.465433,15-02-2002,102244770,01:56,Released,John Q,7,594,Drama,Thriller,Crime,,,New Line Cinema,Burg/Koules Productions,Evolution Entertainment,,,,
65000000,11001,English,16.865782,17-09-1999,117758500,01:33,Released,Blue Streak,6.1,352,Action,Comedy,Crime,,,Columbia Pictures,,,,,,
37000000,138832,English,100.348805,07-08-2013,269994119,01:50,Released,We're the Millers,6.8,2972,Comedy,Crime,,,,New Line Cinema,BenderSpink,Heyday Films,Newman/Tooley Films,,,
36500000,16911,Russian,2.785832,18-12-2008,21834845,01:55,Released,The Inhabited Island,5.3,23,Action,Fantasy,Science Fiction,Thriller,,Art Pictures Studio,Non-Stop Productions,Telekanal STS,Premiere Stealth Rights,,,
36000000,2163,English,9.176339,02-05-1997,50159144,01:35,Released,Breakdown,6.6,198,Drama,Action,Thriller,,,Paramount Pictures,Dino De Laurentiis Company,Spelling Films,,,,
36000000,36670,English,23.380757,07-10-1983,160000000,02:14,Released,Never Say Never Again,5.8,338,Adventure,Action,Thriller,,,PSO International,TaliaFilm II Productions,Woodcote,,,,
36000000,23048,English,33.926473,26-03-2010,64572262,01:41,Released,Hot Tub Time Machine,6,894,Science Fiction,Comedy,Adventure,,,United Artists,Metro-Goldwyn-Mayer (MGM),New Crime Productions,,,,
36000000,227735,English,6.967857,12-09-2014,52424533,01:47,Released,Dolphin Tale 2,6.7,96,Family,Drama,,,,Alcon Entertainment,Color Force,Boxing Cat Films,St. Petersburg Clearwater Film Commission,,,
42000000,2155,English,11.470135,25-02-2000,32168970,02:04,Released,Reindeer Games,5.4,173,Thriller,,,,,Dimension Films,Marty Katz Productions,,,,,
36000000,8409,English,19.854932,04-04-2003,44350926,01:49,Released,A Man Apart,5.8,258,Action,Drama,,,,New Line Cinema,Newman/Tooley Films,Joseph Nittolo Entertainment,\DIA\ Productions GmbH & Co. KG,,,
37000000,222936,English,29.652536,27-05-2015,26250020,01:45,Released,Aloha,5.2,692,Drama,Comedy,Romance,,,Scott Rudin Productions,Vinyl Films,,,,,
0,31908,English,8.102925,20-12-1996,0,02:10,Released,Ghosts of Mississippi,6.2,40,History,Drama,,,,Columbia Pictures,Castle Rock Entertainment,,,,,
0,10219,English,2.79483,22-12-1999,0,02:07,Released,Snow Falling on Cedars,6.3,32,Drama,Romance,,,,Universal Pictures,The Kennedy/Marshall Company,,,,,
37000000,48171,English,11.492474,28-01-2011,96047633,01:54,Released,The Rite,5.8,556,Drama,Thriller,Horror,,,New Line Cinema,Contrafilm,Mid Atlantic Films,Hungarian National Film Office,,,
36000000,782,English,70.398356,07-09-1997,12532777,01:46,Released,Gattaca,7.5,1808,Thriller,Science Fiction,Mystery,Romance,,Columbia Pictures,Jersey Films,,,,,
36000000,75531,German,1.068453,28-01-2000,3003296,01:35,Released,Isn't She Great,4.6,14,Drama,Comedy,,,,Universal Pictures,Mutual Film Company,Toho Company,British Broadcasting Corporation (BBC),,,
37000000,11802,English,6.293217,17-07-2008,63800345,01:21,Released,Space Chimps,5.2,99,Animation,Family,,,,Starz Media,Starz Animation,Odyssey Entertainment,Studiopolis,,,
0,9776,English,3.457194,01-01-2003,0,01:35,Released,Head of State,5.3,71,Comedy,,,,,DreamWorks SKG,3 Arts Entertainment,,,,,
35000000,18785,English,82.21166,05-06-2009,459270619,01:40,Released,The Hangover,7.2,6173,Comedy,,,,,Legendary Pictures,Green Hat Films,Warner Bros.,IFP Westcoast Erste,,,
36000000,365222,Chinese,19.167377,19-12-2015,156844753,01:45,Released,Ip Man 3,6.5,379,Action,Drama,History,,,Mandarin Films Distribution Co.,,,,,,
33000000,817,English,18.316151,08-06-1999,310940086,01:35,Released,Austin Powers: The Spy Who Shagged Me,6.2,1011,Adventure,Comedy,Crime,Science Fiction,,New Line Cinema,Eric's Boy,,,,,
35000000,268,English,44.104469,23-06-1989,411348924,02:06,Released,Batman,7,2096,Fantasy,Action,,,,PolyGram Filmed Entertainment,The Guber-Peters Company,Warner Bros.,,,,
0,45054,English,6.668679,25-03-2011,0,01:52,Released,There Be Dragons,5.9,27,Drama,,,,,[],,,,,,
35000000,943,English,36.172182,15-05-1992,321731527,01:58,Released,Lethal Weapon 3,6.4,811,Adventure,Action,Comedy,Thriller,Crime,Silver Pictures,Warner Bros.,,,,,
29000000,22881,English,25.767395,20-11-2009,309208309,02:09,Released,The Blind Side,7.2,1597,Drama,,,,,Alcon Entertainment,Left Tackle Pictures,Zucker/Netter Productions,,,,
35000000,10054,English,21.543389,18-03-2001,147934180,01:28,Released,Spy Kids,5.5,867,Action,Comedy,Family,Adventure,,Dimension Films,Troublemaker Studios,Miramax,,,,
35000000,51540,English,50.309843,08-07-2011,117000000,01:38,Released,Horrible Bosses,6.5,2277,Comedy,Crime,,,,New Line Cinema,Rat Entertainment,,,,,
38000000,44264,English,49.292384,22-12-2010,252276927,01:50,Released,True Grit,7.2,1668,Drama,Adventure,Western,,,Paramount Pictures,Scott Rudin Productions,Mike Zoss Productions,Skydance Productions,,,
35000000,350,English,83.893257,30-06-2006,326551094,01:49,Released,The Devil Wears Prada,7,3088,Comedy,Drama,Romance,,,Twentieth Century Fox Film Corporation,Dune Entertainment,Major Studio Partners,Peninsula Films,,,
35000000,152,English,24.616634,06-12-1979,139000000,02:12,Released,Star Trek: The Motion Picture,6.2,530,Science Fiction,Adventure,Mystery,,,Paramount Pictures,,,,,,
35000000,109431,English,34.005726,07-02-2013,173965010,01:51,Released,Identity Thief,5.6,1645,Comedy,Crime,,,,Stuber Productions,Aggregate Films,DumbDumb,,,,
35000000,1598,English,27.714043,15-11-1991,182300000,02:08,Released,Cape Fear,7,675,Crime,Thriller,,,,Universal Pictures,Amblin Entertainment,Cappa Productions,Tribeca Productions,,,
35000000,8065,English,45.149948,27-03-2008,69823199,02:03,Released,21,6.5,1375,Drama,Crime,,,,Columbia Pictures,Relativity Media,,,,,
35000000,271718,English,72.774941,17-07-2015,140795793,02:05,Released,Trainwreck,5.9,1181,Comedy,,,,,Universal Pictures,Fuji Television Network,Dentsu,Apatow Productions,,,
35000000,11638,English,3.74263,25-03-2005,68915888,01:45,Released,Guess Who,5.5,225,Comedy,Romance,,,,Columbia Pictures,Regency Enterprises,3 Arts Entertainment,Tall Trees Productions,,,
27000000,409,English,29.381878,14-11-1996,231976425,02:42,Released,The English Patient,7,542,Drama,Romance,War,,,Miramax Films,Tiger Moth Productions,,,,,
35000000,2118,English,24.860326,19-09-1997,126216940,02:18,Released,L.A. Confidential,7.7,1310,Crime,Drama,Mystery,Thriller,,Regency Enterprises,Wolper Organization,Warner Bros.,,,,
35000000,11459,English,11.041659,29-07-2005,86369815,01:40,Released,Sky High,5.8,550,Adventure,Comedy,Family,,,Walt Disney Pictures,Gunn Films,Max Stronghold Productions Inc.,,,,
35000000,10806,English,11.897925,10-09-1997,0,01:30,Released,In & Out,6.3,177,Comedy,Romance,,,,Paramount Pictures,Spelling Films,,,,,
35000000,9348,English,23.607071,07-07-1995,113374103,01:48,Released,Species,5.5,453,Science Fiction,Horror,Action,,,Metro-Goldwyn-Mayer (MGM),,,,,,
1800000,377,English,38.204158,14-11-1984,25504513,01:31,Released,A Nightmare on Elm Street,7.2,1180,Horror,,,,,New Line Cinema,Smart Egg Pictures,,,,,
33000000,8843,English,25.413955,17-08-2000,104155843,01:47,Released,The Cell,6,436,Horror,Science Fiction,Thriller,,,New Line Cinema,Avery Pix,Radical Media,Katira Productions GmbH & Co. KG,,,
0,9313,English,28.98027,12-03-1998,0,02:12,Released,The Man in the Iron Mask,6.3,1018,Action,Adventure,Drama,,,United Artists Corporation,,,,,,
35000000,39486,English,9.525037,20-08-2010,60251371,02:03,Released,Secretariat,6.8,103,Drama,,,,,Walt Disney Pictures,Fast Track Productions,Mayhem Pictures,,,,
34000000,1273,English,18.39217,23-03-2007,95608995,01:30,Released,TMNT,6,345,Adventure,Animation,Comedy,Family,,The Weinstein Company,Imagi Animation Studios,Warner Bros.,Mirage Studios,,,
32000000,13920,English,9.254647,24-10-2003,52277485,01:49,Released,Radio,6.8,141,Drama,,,,,Revolution Studios,Tollin/Robbins Productions,,,,,
35000000,50544,English,40.526587,21-07-2011,150483765,01:49,Released,Friends with Benefits,6.5,2237,Romance,Comedy,,,,Castle Rock Entertainment,Screen Gems,Olive Bridge Entertainment,,,,
35000000,325133,English,50.179171,04-05-2016,108758521,01:31,Released,Neighbors 2: Sorority Rising,5.6,1462,Comedy,,,,,Universal Pictures,Perfect World Pictures,Point Grey Pictures,Good Universe,,,
35000000,140823,English,31.957947,16-11-2013,112544580,02:05,Released,Saving Mr. Banks,7.3,1226,Comedy,Drama,History,,,Walt Disney Pictures,BBC Films,Ruby Films,Essential Media & Entertainment,,,
34000000,1883,English,19.822791,18-11-1992,48169908,03:22,Released,Malcolm X,7.2,370,Drama,History,,,,JVC Entertainment,40 Acres & A Mule Filmworks,Warner Bros.,,,,
35000000,89492,English,38.429648,20-12-2012,88058786,02:14,Released,This Is 40,5.6,896,Comedy,,,,,Apatow Productions,,,,,,
35000000,22949,English,13.707843,24-11-2009,92219310,01:28,Released,Old Dogs,5.2,210,Comedy,Family,,,,Walt Disney Pictures,Tapestry Films,,,,,
35000000,12437,English,51.927471,22-01-2009,91353501,01:32,Released,Underworld: Rise of the Lycans,6.2,1428,Fantasy,Action,Adventure,Science Fiction,Thriller,Lakeshore Entertainment,Screen Gems,Sketch Films,UW3 Film Productions,,,
35000000,2959,English,14.503568,04-07-2007,69307224,01:31,Released,License to Wed,5.2,253,Comedy,,,,,Village Roadshow Pictures,Robert Simonds Productions,Warner Bros.,Phoenix Pictures,,,
0,9957,English,6.74556,07-04-2006,0,01:20,Released,The Benchwarmers,5.2,242,Comedy,,,,,Columbia Pictures,Revolution Studios,Happy Madison Productions,,,,
30000000,11648,English,11.120167,21-07-2005,58405313,01:38,Released,Must Love Dogs,5.8,140,Comedy,Romance,,,,Team Todd,Warner Bros.,Ubu Productions,,,,
35000000,9366,English,40.370442,27-02-1997,41954997,02:07,Released,Donnie Brasco,7.4,1147,Crime,Drama,Thriller,,,TriStar Pictures,Mark Johnson Productions,Phoenix Pictures,Baltimore Pictures,,,
33000000,1576,English,40.715623,15-03-2002,102984862,01:40,Released,Resident Evil,6.4,2065,Horror,Action,Science Fiction,,,Impact Pictures,Davis-Films,New Legacy,Constantin Film Produktion,,,
10700000,609,English,36.230204,04-06-1982,122200000,01:54,Released,Poltergeist,7,794,Horror,,,,,SLM Production Group,Metro-Goldwyn-Mayer (MGM),,,,,
0,5516,English,23.666229,25-03-2004,0,01:44,Released,The Ladykillers,6,415,Comedy,Crime,Thriller,,,Mike Zoss Productions,The Jacobson Company,Touchstone Pictures,,,,
35000000,13051,English,25.903237,15-10-2008,85416905,01:40,Released,Max Payne,5.2,613,Action,,,,,Dune Entertainment,Firm Films,Collision Entertainment,Abandon Entertainment,,,
40000000,49530,English,60.231382,27-10-2011,173930596,01:49,Released,In Time,6.7,3417,Action,Thriller,Science Fiction,,,Regency Enterprises,Strike Entertainment,New Regency Pictures,,,,
35000000,34806,English,18.38292,23-04-2010,77477008,01:46,Released,The Back-Up Plan,5.7,458,Comedy,Romance,,,,Escape Artists,CBS Films,,,,,
35000000,49022,English,14.029012,05-05-2011,59901913,01:52,Released,Something Borrowed,5.9,296,Comedy,Drama,Romance,,,Alcon Entertainment,Wild Ocean Films,2S Films,,,,
0,11469,English,15.913783,21-11-2001,0,01:35,Released,Black Knight,5.1,287,Adventure,Comedy,Fantasy,,,Twentieth Century Fox Film Corporation,Regency Enterprises,Epsilon Motion Pictures,New Regency Pictures,,,
35000000,23479,English,6.889633,07-04-1976,35323292,01:42,Released,The Bad News Bears,6.9,97,Comedy,Family,,,,Paramount Pictures,,,,,,
35000000,11667,English,19.286099,22-12-1994,99423521,01:42,Released,Street Fighter,4.1,325,Action,Adventure,Thriller,,,Universal Pictures,Capcom,,,,,
35000000,423,English,50.587541,24-09-2002,120072577,02:30,Released,The Pianist,8,1864,Drama,War,,,,Bac Films,Canal+Polska,Heritage Films,Studio Babelsberg,,,
35000000,2447,English,3.721272,01-12-2006,0,01:41,Released,The Nativity Story,6.4,35,Drama,History,,,,New Line Cinema,Sound for Film,Temple Hill Entertainment,,,,
40000000,10066,English,17.157738,30-04-2005,68766121,01:53,Released,House of Wax,5.5,677,Horror,,,,,Village Roadshow Pictures,Dark Castle Entertainment,Warner Bros.,,,,
27000000,2288,English,22.636908,01-12-2004,115505027,01:44,Released,Closer,6.7,811,Drama,Romance,,,,Columbia Pictures,,,,,,
35000000,88794,English,28.069419,09-11-2011,84606030,02:17,Released,J. Edgar,6,741,Drama,Crime,History,,,Imagine Entertainment,Malpaso Productions,Wintergreen Productions,,,,
35000000,13515,English,19.774543,15-08-2008,72436439,01:50,Released,Mirrors,6,485,Horror,Mystery,Thriller,,,Regency Enterprises,Castel Film Romania,ASAF,New Regency Pictures,,,
35000000,11979,English,11.644243,10-02-2002,45479110,01:41,Released,Queen of the Damned,5.4,239,Drama,Fantasy,Horror,,,Village Roadshow Pictures,NPV Entertainment,Warner Bros.,WV Films LLC,,,
35000000,169,English,27.934978,20-11-1990,57120318,01:48,Released,Predator 2,5.9,730,Science Fiction,Action,Thriller,,,Twentieth Century Fox Film Corporation,Lawrence Gordon Productions,Davis Entertainment,Silver Pictures,,,
35000000,8090,English,12.677505,22-01-2008,32483410,01:41,Released,Untraceable,5.9,238,Drama,,,,,Lakeshore Entertainment,Cohen/Pearl Productions,Screen Gems,,,,
35000000,11622,English,8.737058,12-02-1999,40263020,01:52,Released,Blast from the Past,6.3,245,Comedy,Romance,,,,New Line Cinema,Forge,Midnight Sun Pictures,,,,
35000000,3604,English,12.343507,01-09-1980,27107960,01:51,Released,Flash Gordon,6.1,233,Science Fiction,,,,,Dino De Laurentiis Company,Starling Films,,,,,
35000000,9541,English,14.699342,25-03-2004,36098382,01:42,Released,Jersey Girl,5.8,325,Comedy,Romance,,,,Miramax Films,Beverly Detroit,View Askew Productions,Close Call Films,,,
45000000,94348,English,14.513243,18-10-2012,30353232,01:41,Released,Alex Cross,5.1,300,Action,Thriller,Crime,Mystery,,Summit Entertainment,,,,,,
35000000,8197,English,5.525544,21-11-1997,25105255,02:35,Released,Midnight in the Garden of Good and Evil,6.3,157,Crime,Drama,Mystery,Thriller,,Warner Bros.,Malpaso Company,,,,,
8900000,336004,English,15.079993,13-11-2015,4100000,01:33,Released,Heist,5.6,318,Crime,Action,Thriller,,,Emmett/Furla Films,Silver Plane Films,Mass Hysteria Entertainment,Tri Vision Pictures,,,
35000000,35019,English,23.835055,26-03-2010,93246388,01:49,Released,Nanny McPhee and the Big Bang,6,436,Comedy,Fantasy,,,,Universal Pictures,Three Strange Angels,Studio Canal,Relativity Media,,,
35000000,10410,English,5.926966,25-12-1992,0,02:20,Released,Hoffa,6.1,81,Crime,History,,,,Jersey Films,Twentieth Century Fox Film Corporation,,,,,
30000000,8836,English,25.454549,24-07-2008,68369434,01:44,Released,The X Files: I Want to Believe,5.5,523,Drama,Mystery,Science Fiction,Thriller,,Twentieth Century Fox Film Corporation,Ten Thirteen Productions,Dune Entertainment III,Crying Box Productions,,,
31000000,14442,English,22.71592,09-04-2004,27388767,01:36,Released,Ella Enchanted,5.9,437,Family,Fantasy,Comedy,,,World 2000 Entertainment,Enchanted Productions,,,,,
35000000,321741,English,35.120736,12-11-2015,50363790,02:03,Released,Concussion,7,823,Drama,,,,,Columbia Pictures,Village Roadshow Pictures,Scott Free Productions,LStar Capital,,,
35000000,59965,English,19.893646,22-09-2011,82087155,01:46,Released,Abduction,5.6,961,Thriller,Action,Mystery,,,Lions Gate Films,Vertigo Entertainment,Gotham Group,Tailor Made,,,
35000000,14175,English,14.051852,25-03-2005,19478106,01:16,Released,Valiant,5.2,235,Animation,Family,Adventure,,,Vanguard Films,Scanbox,,,,,
35000000,11004,English,9.011729,22-02-2000,0,01:51,Released,Wonder Boys,6.9,161,Comedy,Drama,,,,Paramount Pictures,Scott Rudin Productions,Toho-Towa,Mutual Film Company,,,
35000000,11918,English,19.088655,27-03-2008,25871834,01:25,Released,Superhero Movie,4.9,379,Action,Comedy,Science Fiction,,,Dimension Films,,,,,,
56000000,98357,English,29.490057,18-01-2013,19701164,01:49,Released,Broken City,5.7,593,Thriller,Crime,Drama,,,Regency Enterprises,Inferno International,1984 Private Defense Contractors,Closest to the Hole Productions,,,
35000000,10012,English,11.195593,25-02-2005,19294901,01:37,Released,Cursed,5.1,167,Horror,Comedy,,,,Craven-Maddalena Films,Outerbanks Entertainment,Dimension Films,Kalis Productions GmbH & Co. Zweite KG,,,
35000000,49526,English,17.709888,24-08-2012,31083599,01:31,Released,Premium Rush,6.2,832,Crime,Action,Thriller,,,Pariah Entertainment Group,,,,,,
35000000,268920,English,18.262017,08-05-2015,51680201,01:27,Released,Hot Pursuit,5.4,647,Action,Comedy,Crime,,,New Line Cinema,Warner Bros.,Metro-Goldwyn-Mayer (MGM),Pacific Standard,,,
35000000,9093,English,10.10364,08-09-2002,29882645,02:12,Released,The Four Feathers,6.5,159,War,Adventure,Drama,Romance,,Paramount Pictures,Miramax Films,Marty Katz Productions,Jaffilms Inc.,,,
35000000,119283,English,28.670477,23-01-2013,46216641,01:58,Released,Parker,5.7,1455,Action,Crime,,,,SND,,,,,,
31000000,11823,English,16.736734,13-09-2004,41512007,01:38,Released,Wimbledon,6,293,Comedy,Romance,,,,Universal Pictures,,,,,,
35000000,35169,English,13.668633,02-04-2010,39340177,01:32,Released,Furry Vengeance,4.6,149,Comedy,,,,,Summit Entertainment,Robert Simonds Productions,Participant Media,Imagenation Abu Dhabi FZ,,,
30000000,118957,English,9.780588,05-09-2012,0,01:33,Released,Bait,5.3,191,Action,Horror,Thriller,,,Pictures in Paradise,Screen Australia,Media Development Authority (MDA),Screen Queensland,,,
27000000,849,English,9.904881,29-07-1983,16519460,01:57,Released,Krull,5.8,129,Fantasy,Action,Adventure,,,Columbia Pictures Corporation,Barclays Mercantile Industrial Finance,,,,,
35000000,4515,English,9.789027,22-10-2007,63215872,01:32,Released,Lions for Lambs,6,216,Action,Adventure,Drama,History,,Cruise/Wagner Productions,United Artists,Wildwood Enterprises,Andell Entertainment,,,
35000000,18886,English,6.81729,18-01-1991,0,01:55,Released,Flight of the Intruder,5.7,31,Action,Adventure,Drama,Thriller,,Paramount Pictures,,,,,,
35000000,6575,English,10.73522,21-12-2007,18317151,01:36,Released,Walk Hard: The Dewey Cox Story,6.6,212,Comedy,Music,,,,Columbia Pictures Corporation,Apatow Productions,,,,,
0,6440,English,11.1399,18-12-2001,0,01:51,Released,The Shipping News,6.4,108,Drama,Romance,,,,Miramax Films,,,,,,
35000000,13496,English,6.727949,17-08-2001,13678913,01:34,Released,American Outlaws,5.7,55,Action,Western,,,,Morgan Creek Productions,,,,,,
35000000,18320,English,16.343317,04-03-2009,27409889,01:45,Released,The Young Victoria,7,322,Drama,History,Romance,,,GK Films,,,,,,
40000000,22787,English,14.818718,09-09-2009,12206028,01:41,Released,Whiteout,5.3,220,Action,Crime,Mystery,Thriller,,StudioCanal,Dark Castle Entertainment,Don Carmody Productions,Warner Bros.,,,
32000000,8967,English,43.862456,18-05-2011,54674226,02:19,Released,The Tree of Life,6.5,987,Drama,Fantasy,,,,Fox Searchlight Pictures,Plan B Entertainment,River Road Entertainment,,,,
33000000,37498,English,2.706207,04-09-1998,0,01:31,Released,Knock Off,4.7,64,Action,Adventure,Thriller,,,TriStar Pictures,Film Workshop,MDP Worldwide,Knock Films A.V.V.,,,
35000000,144336,English,27.903999,28-03-2014,17508518,01:50,Released,Sabotage,5.5,555,Action,Drama,Thriller,Crime,,Open Road Films,QED International,Albert S. Ruddy Productions,Crave Films,,,
35000000,9616,English,3.746806,05-09-2003,11560806,01:42,Released,The Order,4.8,91,Drama,Fantasy,Horror,Mystery,Romance,Twentieth Century Fox Film Corporation,N1 European Film Produktions GmbH & Co. KG,Baumgarten Merims Productions,,,,
20500000,13056,English,17.112498,05-12-2008,10089373,01:42,Released,Punisher: War Zone,5.6,294,Action,Crime,,,,Lionsgate,MHF Zweite Academy Film,Marvel Knights,Valhalla Motion Pictures,,,
35000000,14113,English,10.304172,11-08-2006,12506188,01:23,Released,Zoom,4.9,135,Family,Fantasy,Comedy,,,Columbia Pictures,Revolution Studios,,,,,
35000000,285783,English,37.335721,30-09-2015,61181942,02:03,Released,The Walk,6.9,1121,Adventure,Drama,Thriller,,,TriStar Pictures,Sony Pictures Entertainment,ImageMovers,,,,
0,49478,English,0.912395,02-05-1997,0,01:43,Released,Warriors of Virtue,4.7,9,Fantasy,Family,Action,,,China Film Co-Production Corporation,Metro-Goldwyn-Mayer (MGM),Law Brothers Entertainment,IJL Creations,,,
35000000,9726,English,16.782471,09-09-2006,42064105,01:58,Released,A Good Year,6.5,357,Comedy,Drama,Romance,,,Fox 2000 Pictures,Scott Free Productions,,,,,
35000000,20763,English,3.503408,21-02-1992,4651977,01:54,Released,Radio Flyer,6.6,53,Drama,,,,,Columbia Pictures,Stonebridge Entertainment,Donner/Shuler-Donner Productions,,,,
35000000,9702,English,9.122828,05-02-1993,0,03:00,Released,Bound by Honor,7.7,115,Action,Crime,Drama,Thriller,,Hollywood Pictures,,,,,,
35000000,9311,English,5.419181,13-02-1997,0,02:01,Released,Smilla's Sense of Snow,6.6,60,Action,Crime,Drama,Mystery,Thriller,Fox Searchlight Pictures,Bavaria Film,,,,,
35000000,9280,English,9.07278,06-11-2002,16838910,01:54,Released,Femme Fatale,6.2,142,Thriller,Crime,Romance,,,Epsilon Motion Pictures,Quinta Communications,,,,,
35000000,26843,English,2.864979,17-04-1981,0,02:53,Released,Lion of the Desert,7.4,34,Action,History,War,,,Falcon International Productions,,,,,,
35000000,11876,English,2.877488,20-09-1995,15000000,02:15,Released,The Horseman on the Roof,6.7,25,War,Adventure,Drama,Romance,,France 2 Cin\u00e9ma,Hachette Premi\u00e8re,Canal+,,,,
38000000,22267,English,5.516207,24-11-1999,635096,02:18,Released,Ride with the Devil,6.6,49,Drama,War,Romance,Western,,Universal Pictures,Good Machine,,,,,
0,45958,Spanish,13.930763,20-10-2010,25147786,02:28,Released,Biutiful,7,291,Drama,,,,,Ikiru Films,Mod Producciones,Televisi\u00f3n Espa\u00f1ola (TVE),Menageatroz,,,
35000000,1969,Spanish,20.27704,18-01-2006,10496317,01:33,Released,Bandidas,5.8,307,Action,Comedy,Western,Crime,,Ultra Films,TF1 Films Production,Canal+,TPS Star,,,
0,310706,English,0.126738,13-05-2009,0,01:40,Released,Black Water Transit,0,0,Drama,Crime,,,,Capitol Films,,,,,,
34000000,198663,English,131.815575,10-09-2014,348319861,01:53,Released,The Maze Runner,7,5371,Action,Mystery,Science Fiction,Thriller,,Ingenious Media,Twentieth Century Fox Film Corporation,Gotham Group,Dayday Films,,,
35000000,239573,English,16.832312,05-03-2015,14431253,01:31,Released,Unfinished Business,5,320,Comedy,,,,,Studio Babelsberg,Regency Enterprises,Escape Artists,New Regency Pictures,,,
34000000,10436,English,9.133747,17-09-1993,32255440,02:19,Released,The Age of Innocence,7,169,Drama,Romance,,,,Columbia Pictures,,,,,,
35000000,1381,English,24.606012,06-09-2006,15304890,01:36,Released,The Fountain,6.8,827,Drama,Adventure,Science Fiction,Romance,,Regency Enterprises,Warner Bros.,Muse Entertainment Enterprises,Protozoa Pictures,,,
70000000,2162,English,3.276912,01-09-1999,11263966,01:41,Released,Chill Factor,5.3,29,Action,Comedy,Thriller,,,Warner Bros.,Morgan Creek Productions,,,,,
35000000,127493,English,16.830184,17-05-2012,2106557,01:36,Released,Stolen,5.1,344,Action,Crime,Drama,Thriller,,Saturn Films,Nu Image Films,Millennium Films,,,,
41677699,12429,Japanese,39.58676,19-07-2008,187479518,01:40,Released,Ponyo,7.5,926,Animation,Family,,,,Studio Ghibli,The Yomiuri Shimbun,Hakuhodo DY Media Partners,Mitsubishi,,,
34000000,228205,English,41.946523,09-04-2015,63013281,02:08,Released,The Longest Ride,7.3,1064,Drama,Romance,,,,Fox 2000 Pictures,Temple Hill Entertainment,,,,,
75000000,2900,English,20.697556,26-08-1999,19598588,01:49,Released,The Astronaut's Wife,5.4,254,Drama,Science Fiction,Thriller,,,New Line Cinema,Mad Chance,,,,,
34000000,21311,English,1.656695,05-05-2000,0,01:54,Released,I Dreamed of Africa,5.3,18,Romance,Drama,Adventure,,,Columbia Pictures,,,,,,
35000000,77875,English,17.932561,29-11-2012,0,01:46,Released,Playing for Keeps,5.4,240,Comedy,Romance,,,,Evil Twins,Eclectic pictures,Millennium Films,,,,
35000000,192136,English,15.50957,06-12-2013,27330000,02:21,Released,Mandela: Long Walk to Freedom,6.5,224,Drama,History,,,,Distant Horizons,Film Afrika Worldwide,Videovision Entertainment,Pathe,,,
32000000,18254,English,4.602185,25-12-1981,40382659,03:15,Released,Reds,7.1,67,Drama,History,,,,Barclays Mercantile Industrial Finance,JRS Productions,,,,,
40000000,881,English,40.379966,11-12-1992,243240178,02:18,Released,A Few Good Men,7.1,877,Drama,,,,,David Brown Productions,,,,,,
50000000,10877,English,12.601306,13-03-2001,79958599,01:41,Released,Exit Wounds,5.3,110,Action,Crime,Thriller,,,Village Roadshow Pictures,NPV Entertainment,Warner Bros.,,,,
30000000,9600,English,24.389194,31-05-2000,173959438,01:38,Released,Big Momma's House,5.6,506,Crime,Comedy,,,,Twentieth Century Fox Film Corporation,Regency Enterprises,,,,,
34000000,202575,English,12.867326,24-12-2013,0,01:25,Released,Thunder and the House of Magic,6.3,121,Family,Fantasy,Animation,Adventure,,StudioCanal,nWave Pictures,Illuminata Pictures,Shout! Factory,,,
30000000,71469,English,23.328823,22-12-2011,64626786,01:29,Released,The Darkest Hour,4.8,469,Horror,Action,Thriller,Science Fiction,,Summit Entertainment,Regency Enterprises,Bazelevs Production,The Jacobson Company,,,
33000000,85446,English,29.775441,26-07-2012,140470746,01:39,Released,Step Up Revolution,6.7,663,Music,Drama,Romance,,,Summit Entertainment,,,,,,
33000000,326,English,19.642328,06-08-2006,62022014,01:45,Released,Snakes on a Plane,5.1,497,Action,Crime,Horror,Thriller,,New Line Cinema,,,,,,
33000000,10685,English,7.339908,08-09-2000,0,01:36,Released,The Watcher,4.9,110,Mystery,Thriller,,,,Universal Pictures,,,,,,
33000000,7220,English,35.099611,15-04-2004,54700105,02:04,Released,The Punisher,6.1,766,Action,Crime,Drama,,,Lions Gate Films,VIP 3 Medienfonds,Valhalla Motion Pictures,Marvel Enterprises,,,
30000000,9763,English,16.541791,06-06-2005,27610873,01:58,Released,Goal!: The Dream Begins,6.6,238,Drama,,,,,Touchstone Pictures,Milkshake Films,Hargitay & Hargitay Pictures in Motion,,,,
30000000,72387,English,31.92695,16-04-2012,40346186,01:34,Released,Safe,6.3,799,Action,Crime,Thriller,,,Lawrence Bender Productions,IM Global,Automatik Entertainment,Trigger Street Productions,,,
33000000,12596,English,9.060642,23-04-1999,0,02:04,Released,Pushing Tin,5.7,116,Comedy,Drama,,,,Regency Enterprises,Fox 2000 Pictures,Art Linson Productions,Dogstar Films,,,
32350000,1892,English,46.509071,23-05-1983,572700000,02:15,Released,Return of the Jedi,7.9,4665,Adventure,Action,Science Fiction,,,Lucasfilm,Twentieth Century Fox Film Corporation,,,,,
30000000,13460,English,21.538222,14-03-2008,22211426,01:48,Released,Doomsday,5.8,363,Action,Thriller,Science Fiction,,,Rogue Pictures,Intrepid Pictures,Scion Films,Moonlighting Films,,,
32000000,8055,English,33.923786,10-12-2008,113019290,02:04,Released,The Reader,7.2,813,Drama,Romance,,,,Studio Babelsberg,Filmf\u00f6rderanstalt (FFA),The Weinstein Company,Filmstiftung Nordrhein-Westfalen,,,
35000000,50647,English,20.908494,23-02-2012,24159934,01:38,Released,Wanderlust,5.3,394,Comedy,,,,,Relativity Media,Apatow Productions,A Hot Dog,,,,
32000000,10719,English,16.901954,09-10-2003,173398518,01:37,Released,Elf,6.4,987,Comedy,Family,Fantasy,,,New Line Cinema,Gold/Miller Productions,Guy Walks into a Bar Productions,,,,
32000000,9294,English,15.039407,05-07-1996,152036382,02:03,Released,Phenomenon,6.2,323,Drama,Fantasy,Romance,Science Fiction,,Touchstone Pictures,,,,,,
33000000,11888,English,13.655735,18-01-2002,0,01:39,Released,Snow Dogs,5.3,185,Adventure,Comedy,Family,,,Walt Disney Pictures,,,,,,
0,9647,English,21.620317,22-11-1988,60328000,01:41,Released,Scrooged,6.7,390,Fantasy,Comedy,Drama,,,Paramount Pictures,,,,,,
32000000,9353,English,14.642055,16-06-2006,80197993,01:32,Released,Nacho Libre,5.6,359,Comedy,Family,,,,Paramount Pictures,Nickelodeon Movies,Black & White Productions,,,,
32500000,55721,English,17.107065,28-04-2011,288383523,02:05,Released,Bridesmaids,6.5,1661,Comedy,Romance,,,,Universal Pictures,Relativity Media,Apatow Productions,,,,
32000000,109414,English,38.21708,12-06-2013,126041322,01:47,Released,This Is the End,6.3,2359,Action,Comedy,,,,Columbia Pictures,Mandate Pictures,Sony Pictures Entertainment (SPE),Point Grey Pictures,,,
29000000,10307,English,14.993169,10-09-1999,50041732,01:43,Released,Stigmata,6,242,Horror,,,,,FGM Entertainment,Metro-Goldwyn-Mayer (MGM),,,,,
32000000,11978,English,24.147269,13-09-2000,48814909,02:09,Released,Men of Honor,7,544,Drama,,,,,Fox 2000 Pictures,,,,,,
32000000,22907,English,18.47242,26-08-2010,69055695,01:47,Released,Takers,6,394,Action,Crime,Drama,Thriller,,Rainforest Films,,,,,,
35000000,87567,English,18.84332,25-04-2013,21819348,01:30,Released,The Big Wedding,5.7,414,Comedy,,,,,Millenium Films,Two Ton Films,,,,,
32000000,38322,English,15.901137,16-02-2011,83615414,01:47,Released,"Big Mommas: Like Father, Like Son",5.3,313,Crime,Comedy,Action,,,Twentieth Century Fox Film Corporation,Regency Enterprises,New Regency Pictures,The Collective Studios,,,
32000000,45612,English,59.19888,30-03-2011,147332697,01:33,Released,Source Code,7.1,2699,Thriller,Science Fiction,Mystery,,,The Mark Gordon Company,Vendome Pictures,,,,,
32000000,7305,English,14.48851,15-01-1993,36733909,02:00,Released,Alive,6.7,374,Action,Adventure,Drama,Thriller,,Paramount Pictures,Touchstone Pictures,,,,,
30000000,3594,English,23.197408,23-02-2007,77566815,01:41,Released,The Number 23,6.3,1018,Thriller,Drama,Mystery,,,New Line Cinema,Contrafilm,Firm Films,,,,
33000000,157841,English,10.651202,16-10-2013,9494789,01:45,Released,The Young and Prodigious T.S. Spivet,6.7,232,Adventure,Drama,Family,,,Epith\u00e8te Films,Cross Creek Pictures,Tapioca Films,,,,
35000000,11519,English,10.032626,13-12-1979,31755742,01:53,Released,1941,5.6,143,Action,Comedy,,,,Columbia Pictures,Universal Pictures,A-Team,,,,
0,12920,English,6.048743,10-09-2005,0,01:46,Released,Dreamer: Inspired By a True Story,6.3,67,Drama,Family,,,,DreamWorks SKG,Hyde Park Entertainment,,,,,
32000000,59,English,34.628738,23-09-2005,60740827,01:36,Released,A History of Violence,6.9,832,Drama,Thriller,Crime,,,New Line Cinema,DC Comics,BenderSpink,,,,
32000000,9335,English,47.5612,02-08-2005,85167639,01:27,Released,Transporter 2,6.2,1061,Action,Thriller,Crime,,,Canal Plus,Twentieth Century Fox Film Corporation,Current Entertainment,TF 1 Film Productions,,,
32000000,12106,English,16.473355,09-02-1995,18552460,01:47,Released,The Quick and the Dead,6.3,427,Action,Western,,,,TriStar Pictures,,,,,,
28000000,11141,English,6.201404,04-04-2004,30016165,01:30,Released,Laws of Attraction,5.6,104,Action,Comedy,Romance,Thriller,,New Line Cinema,Irish Dreamtime,Deep River Productions,Initial Entertainment Group (IEG),,,
32000000,8649,English,15.560918,22-10-1999,0,02:01,Released,Bringing Out the Dead,6.6,225,Drama,,,,,Paramount Pictures,Touchstone Pictures,De Fina-Cappa,,,,
32000000,31867,English,25.799697,18-03-2010,18409891,01:51,Released,Repo Men,6.2,620,Action,Science Fiction,Thriller,Crime,,Universal Pictures,Stuber Productions,Dentsu,Relativity Media,,,
70000000,10253,Korean,4.822033,08-02-2007,53587404,01:30,Released,Dragon Wars: D-War,4,104,Fantasy,Drama,Horror,Action,Thriller,Younggu-Art Movies,Showbox Entertainment,,,,,
32000000,3587,English,3.379454,06-09-1996,0,01:50,Released,Bogus,5.4,44,Fantasy,Comedy,Family,,,Regency Enterprises,Yorktown Productions,Warner Bros.,,,,
30000000,124459,English,26.9385,14-03-2013,27437881,01:40,Released,The Incredible Burt Wonderstone,5.3,724,Comedy,,,,,New Line Cinema,Benderspink,Carousel Productions,,,,
32000000,24662,English,4.098444,26-03-1997,3566637,01:15,Released,Cats Don't Dance,7.1,24,Animation,Comedy,Family,Music,,Warner Bros. Pictures,David Kirschner Productions,Turner Feature Animation,,,,
0,32274,English,4.901553,10-12-1999,0,02:12,Released,Cradle Will Rock,7.2,18,Drama,,,,,Touchstone Pictures,,,,,,
32000000,182,English,5.347936,08-12-2006,5914908,01:48,Released,The Good German,5.9,86,War,Crime,Drama,Mystery,Romance,Warner Bros.,Section Eight Productions,Sunset Gower Studios,,,,
32000000,5494,English,4.120549,28-03-2004,0,01:33,Released,George and the Dragon,5,13,Adventure,,,,,Carousel Picture Company,ApolloMedia Distribution,Ravenhouse Entertainment,,,,
31500000,28,English,49.973462,15-08-1979,89460381,02:33,Released,Apocalypse Now,8,2055,Drama,War,,,,United Artists,Zoetrope Studios,,,,,
32000000,38073,English,13.611544,01-09-2010,42045846,01:42,Released,Going the Distance,6,262,Comedy,Drama,Romance,,,New Line Cinema,Offspring Entertainment,,,,,
0,2054,English,6.775294,29-12-1995,106269971,02:17,Released,Mr. Holland's Opus,6.9,113,Music,Drama,Family,,,Hollywood Pictures,The Charlie Mopic Company,PolyGram Filmed Entertainment,Interscope Communications,,,
31500000,302156,English,27.891012,14-04-2016,14708696,01:53,Released,Criminal,5.7,557,Action,,,,,Lionsgate,BenderSpink,Millennium Films,Fipex Holding,,,
31000000,606,English,13.864975,20-12-1985,128499205,02:41,Released,Out of Africa,7,279,Drama,,,,,Universal Pictures,Mirage Entertainment,,,,,
31000000,87502,English,42.213765,02-11-2012,161772375,02:18,Released,Flight,6.5,2415,Drama,,,,,Paramount Pictures,Parkes/MacDonald Productions,ImageMovers,,,,
34000000,698,English,29.887404,26-06-1979,210308099,02:06,Released,Moonraker,5.9,541,Action,Adventure,Thriller,Science Fiction,,United Artists,Eon Productions,,,,,
30000000,120467,English,74.417456,26-02-2014,174600318,01:39,Released,The Grand Budapest Hotel,8,4519,Comedy,Drama,,,,Fox Searchlight Pictures,Scott Rudin Productions,Studio Babelsberg,Indian Paintbrush,,,
31000000,11313,English,7.06762,07-09-2001,24185781,01:41,Released,Hearts in Atlantis,6.4,131,Drama,Mystery,,,,Castle Rock Entertainment,,,,,,
31000000,6488,English,15.895661,09-08-1990,53208180,01:43,Released,Arachnophobia,6.2,433,Comedy,Horror,,,,Amblin Entertainment,Hollywood Pictures,Tangled Web Productions,,,,
31000000,10559,English,19.258041,28-04-2000,68106245,01:58,Released,Frequency,7,462,Crime,Drama,Science Fiction,Thriller,,New Line Cinema,,,,,,
31000000,296099,English,47.753598,28-07-2015,104384188,01:39,Released,Vacation,6.2,1195,Comedy,,,,,New Line Cinema,BenderSpink,David Dobkin Productions,,,,
30250000,8012,English,15.585138,20-10-1995,115101622,01:45,Released,Get Shorty,6.4,302,Comedy,Thriller,Crime,,,Jersey Films,Metro-Goldwyn-Mayer (MGM),,,,,
45000000,1574,English,32.217425,26-12-2002,306776732,01:53,Released,Chicago,6.9,677,Action,Comedy,Crime,Drama,Music,Miramax Films,Producers Circle,Storyline Entertainment,,,,
34200000,9032,English,34.86859,25-06-1999,234801895,01:33,Released,Big Daddy,6.1,875,Comedy,Drama,,,,Columbia Pictures,,,,,,
30000000,2770,English,36.432598,10-08-2001,287553595,01:48,Released,American Pie 2,6,1344,Comedy,Romance,,,,Universal Pictures,Liveplanet,Zide-Perry Productions,,,,
30000000,862,English,73.640445,30-10-1995,373554033,01:21,Released,Toy Story,7.7,5269,Animation,Comedy,Family,,,Pixar Animation Studios,,,,,,
30000000,1637,English,49.526736,09-06-1994,350448145,01:56,Released,Speed,6.8,1783,Action,Adventure,Crime,,,Twentieth Century Fox Film Corporation,,,,,,
30000000,72570,English,26.780961,05-02-2012,196114570,01:44,Released,The Vow,7,1293,Drama,Romance,,,,Spyglass Entertainment,Screen Gems,,,,,
31000000,27569,English,6.487344,21-01-2010,15134293,01:45,Released,Extraordinary Measures,6,89,Drama,,,,,Double Feature Films,CBS Films,,,,,
30000000,10637,English,25.996219,29-09-2000,136706683,01:53,Released,Remember the Titans,7.4,821,Drama,,,,,Walt Disney Pictures,Jerry Bruckheimer Films,Technical Black,Run It Up Productions Inc.,,,
30000000,1669,English,46.212155,02-03-1990,199200000,02:14,Released,The Hunt for Red October,7.2,957,Action,Adventure,Thriller,,,Paramount Pictures,Nina Saxon Film Design,Mace Neufeld Productions,,,,
25000000,132363,English,32.105328,16-08-2013,115922175,02:12,Released,The Butler,7.2,1101,Drama,,,,,Laura Ziskin Productions,Lee Daniels Entertainment,Follow Through Productions,Salamander Pictures,,,
20000000,9472,English,41.156217,18-06-2004,167722310,01:32,Released,DodgeBall: A True Underdog Story,6.2,981,Comedy,,,,,Twentieth Century Fox Film Corporation,Red Hour Films,Mediastream Vierte Film GmbH & Co. Vermarktungs KG,,,,
30000000,2907,English,37.179547,22-11-1991,191502426,01:39,Released,The Addams Family,6.7,848,Horror,Comedy,Fantasy,,,Paramount Pictures,Orion Pictures,Scott Rudin Productions,,,,
30000000,9273,English,34.391792,10-11-1995,212385533,01:30,Released,Ace Ventura: When Nature Calls,6.1,1099,Crime,Comedy,Adventure,,,O Entertainment,Morgan Creek Productions,,,,,
37000000,9880,English,40.176265,03-08-2001,165335153,01:55,Released,The Princess Diaries,6.5,1023,Comedy,Family,Romance,,,Walt Disney Pictures,BrownHouse Productions,Bottom of the Ninth Productions,,,,
26000000,2925,English,10.704596,20-09-1996,116400000,01:42,Released,The First Wives Club,6.5,166,Comedy,,,,,Scott Rudin Productions,,,,,,
33000000,807,English,79.579532,22-09-1995,327311859,02:07,Released,Se7en,8.1,5765,Crime,Mystery,Thriller,,,New Line Cinema,Juno Pix,Cecchi Gori Pictures,,,,
30000000,17654,English,63.13678,05-08-2009,210819611,01:52,Released,District 9,7.3,3382,Science Fiction,,,,,WingNut Films,TriStar Pictures,Key Creatives,Block / Hanson,,,
30000000,11836,English,27.870755,14-11-2004,140161792,01:27,Released,The SpongeBob SquarePants Movie,6.7,574,Animation,Comedy,Family,,,Paramount Pictures,Nickelodeon Movies,United Plankton Pictures,Paramount Animation,,,
25000000,322,English,31.242999,07-10-2003,156822020,02:18,Released,Mystic River,7.6,1422,Thriller,Crime,Drama,Mystery,,Village Roadshow Pictures,Malpaso Productions,NPV Entertainment,Warner Bros.,,,
30000000,70,English,70.456012,15-12-2004,216763646,02:12,Released,Million Dollar Baby,7.7,2439,Drama,,,,,Lakeshore Entertainment,Malpaso Productions,Epsilon Motion Pictures,Warner Bros.,,,
80000000,9535,English,29.415229,05-03-1999,176885658,01:43,Released,Analyze This,6.4,503,Comedy,Crime,,,,Spring Creek Productions,Warner Bros.,Tribeca Productions,Baltimore Pictures,,,
29000000,11036,English,55.109138,25-06-2004,115603229,02:03,Released,The Notebook,7.7,3067,Romance,Drama,,,,New Line Cinema,,,,,,
30000000,6557,English,30.695228,10-01-2008,160259319,01:51,Released,27 Dresses,6.1,978,Comedy,Romance,,,,Spyglass Entertainment,Fox 2000 Pictures,Dune Entertainment III,,,,
35000000,18126,English,13.788422,10-04-2009,155545279,01:42,Released,Hannah Montana: The Movie,6,449,Comedy,Drama,Family,Music,Romance,Walt Disney Pictures,It's a Laugh Productions,Millar Gough Ink,,,,
30,16340,Italian,4.590277,14-09-2000,103,01:18,Released,Rugrats in Paris: The Movie,6,100,Adventure,Animation,Comedy,Family,,Paramount Pictures,Nickelodeon Movies,Paramount Animation,,,,
30000000,10333,English,3.845231,25-12-1991,74787599,02:12,Released,The Prince of Tides,5.9,56,Drama,Romance,,,,Columbia Pictures,,,,,,
30000000,4476,English,26.952727,16-12-1994,160638883,02:13,Released,Legends of the Fall,7.2,619,Adventure,Drama,Romance,War,,Bedford Falls Productions,TriStar Pictures,Pangaea,,,,
25000000,22947,English,33.704181,05-09-2009,163670000,01:49,Released,Up in the Air,6.7,1205,Drama,Romance,,,,Paramount Pictures,Rickshaw Productions,Cold Spring Pictures,"Montecito Picture Company, The",,,
30000000,2755,English,19.925026,13-12-2002,105834556,02:05,Released,About Schmidt,6.7,362,Drama,Comedy,,,,New Line Cinema,Avery Pix,,,,,
35000000,82654,English,43.742241,31-01-2013,116980662,01:37,Released,Warm Bodies,6.4,2652,Horror,Comedy,Romance,,,Summit Entertainment,,,,,,
30000000,59967,English,46.377628,26-09-2012,47042000,01:58,Released,Looper,6.6,4697,Action,Thriller,Science Fiction,,,Endgame Entertainment,FilmDistrict,DMG Entertainment,Ram Bergman Productions,,,
0,16300,English,9.166658,16-02-2001,0,01:27,Released,Down to Earth,4.9,95,Fantasy,Comedy,Science Fiction,Romance,,Paramount Pictures,Alphaville Films,,,,,
30000000,9598,English,34.36645,18-07-1995,254134910,01:29,Released,Babe,6,733,Fantasy,Drama,Comedy,Family,,Universal Pictures,Kennedy Miller Productions,,,,,
30000000,82696,English,12.967137,07-08-2012,114281051,01:40,Released,Hope Springs,5.8,284,Drama,Comedy,Romance,,,Columbia Pictures,Mandate Pictures,Escape Artists,Management 360,,,
30000000,9870,English,50.670253,17-04-2008,105173115,01:51,Released,Forgetting Sarah Marshall,6.4,1172,Comedy,Romance,Drama,,,Universal Pictures,Apatow Productions,,,,,
45000000,8292,English,24.694551,11-08-2005,92374674,01:49,Released,Four Brothers,6.7,607,Action,Crime,,,,Paramount Pictures,Di Bonaventura Pictures,,,,,
30000000,8780,English,11.409124,23-04-2008,63833449,01:39,Released,Baby Mama,5.8,205,Comedy,,,,,Relativity Media,Michaels-Goldwyn,,,,,
0,9715,English,7.922716,29-05-1998,0,01:54,Released,Hope Floats,5.8,81,Drama,Romance,,,,Twentieth Century Fox Film Corporation,Fortis Films,,,,,
30000000,10521,English,33.385429,09-01-2009,114663461,01:29,Released,Bride Wars,5.9,856,Comedy,,,,,Dune Entertainment,Regency Enterprises,Fox 2000 Pictures,Dune Entertainment III,,,
19000000,10762,English,8.584398,20-08-2004,69631118,01:35,Released,Without a Paddle,5.3,214,Action,Adventure,Comedy,Thriller,,Paramount Pictures,De Line Pictures,,,,,
37000000,10096,English,41.569541,13-04-2004,96455697,01:38,Released,13 Going on 30,6.3,1204,Comedy,Fantasy,Romance,,,Columbia Pictures,Revolution Studios,Thirteen Productions,,,,
30000000,59436,English,43.753585,11-05-2011,151119219,01:34,Released,Midnight in Paris,7.4,1990,Fantasy,Comedy,Romance,,,Gravier Productions,Televisi\u00f3 de Catalunya (TV3),Vers\u00e1til Cinema,Mediapro,,,
0,227783,English,18.568021,17-01-2014,0,01:25,Released,The Nut Job,5.5,319,Animation,Comedy,Family,Adventure,,Open Road Films,Gulfstream Pictures,Red Rover International,ToonBox Entertainment,,,
53000000,4133,English,28.350529,04-04-2001,83282296,02:04,Released,Blow,7.4,1317,Crime,Drama,,,,New Line Cinema,,,,,,
80000000,10207,English,10.81051,22-02-1999,118880016,02:11,Released,Message in a Bottle,5.8,196,Romance,Drama,,,,Bel Air Entertainment,DiNovi Pictures,Tiger Productions,,,,
30000000,172,English,19.578249,09-06-1989,70200000,01:47,Released,Star Trek V: The Final Frontier,5.6,376,Science Fiction,Action,Adventure,Thriller,,Paramount Pictures,,,,,,
30000000,21972,English,5.73667,03-07-2002,0,01:39,Released,Like Mike,5.7,100,Comedy,Drama,Family,Fantasy,,Twentieth Century Fox Film Corporation,Josephson Entertainment,NBA Entertainment,Heller Highwater Productions,,,
30000000,36593,English,28.624038,18-03-1994,51132598,01:23,Released,The Naked Gun 33⅓: The Final Insult,6.3,521,Comedy,Crime,,,,Paramount Pictures,,,,,,
30000000,707,English,27.230493,24-05-1985,152427960,02:11,Released,A View to a Kill,6,506,Adventure,Action,Thriller,,,Eon Productions,,,,,,
30000000,533,English,30.380747,04-09-2005,192452832,01:25,Released,The Curse of the Were-Rabbit,6.8,643,Adventure,Animation,Comedy,Family,,Aardman Animations,DreamWorks Animation,,,,,
30000000,6023,English,29.489274,15-11-2007,156835339,02:06,Released,P.S. I Love You,6.9,977,Drama,Romance,,,,Wendy Finerman Productions,Alcon Entertainment,Grosvenor Park Productions,,,,
30000000,6439,English,8.058109,06-01-2005,93772522,01:42,Released,Racing Stripes,5.1,123,Comedy,,,,,Alcon Entertainment,,,,,,
30000000,4347,English,33.369305,29-08-2007,129266061,02:03,Released,Atonement,7.4,1049,Drama,Romance,,,,Universal Pictures,Studio Canal,Relativity Media,Working Title Films,,,
30000000,37056,English,16.52083,14-05-2010,0,01:45,Released,Letters to Juliet,6.6,796,Comedy,Drama,Romance,,,Summit Entertainment,Applehead Pictures,,,,,
30000000,4105,English,11.19602,22-09-1989,45892212,02:05,Released,Black Rain,6.2,243,Action,Thriller,Crime,,,Paramount Pictures,Pegasus Film Partners,Jaffe-Lansing,,,,
30000000,76489,English,14.585968,13-04-2012,54819301,01:32,Released,The Three Stooges,4.9,140,Comedy,,,,,Wessler Entertainment,,,,,,
40000000,3933,English,43.571612,09-09-2005,117195061,01:17,Released,Corpse Bride,7.2,1894,Romance,Fantasy,Animation,Music,,Tim Burton Animation Company,Will Vinton Studios,Warner Bros.,Tim Burton Productions,,,
0,9918,English,8.305085,13-01-2006,42647449,01:58,Released,Glory Road,7.2,144,Drama,,,,,Walt Disney Pictures,,,,,,
30000000,273481,English,55.424027,17-09-2015,84025816,02:01,Released,Sicario,7.2,2416,Action,Crime,Drama,Mystery,Thriller,Lionsgate,Thunder Road Pictures,Black Label Media,,,,
30000000,307081,English,65.364452,15-06-2015,91709827,02:03,Released,Southpaw,7.3,2067,Action,Drama,,,,Escape Artists,Riche-Ludwig Productions,,,,,
30000000,16871,English,45.083509,15-03-2009,90810892,01:39,Released,Drag Me to Hell,6.2,966,Horror,Thriller,,,,Universal Pictures,Ghost House Pictures,Mandate Pictures,Buckaroo Entertainment,,,
25000000,293863,English,82.052056,16-04-2015,65663276,01:52,Released,The Age of Adaline,7.4,1990,Fantasy,Drama,Romance,,,Lakeshore Entertainment,Sidney Kimmel Entertainment,Sierra/Affinity,,,,
0,13156,English,15.011624,19-09-2003,0,01:51,Released,Secondhand Lions,6.9,260,Comedy,Drama,Family,,,New Line Cinema,,,,,,
30000000,41233,English,25.060342,04-08-2010,159291809,01:47,Released,Step Up 3D,6.6,582,Drama,Romance,,,,Summit Entertainment,Touchstone Pictures,,,,,
25000000,9266,English,11.42943,08-08-2002,51842679,01:44,Released,Blue Crush,5.6,159,Adventure,,,,,Imagine Entertainment,Mikona Productions GmbH & Co. KG,Universal Pictures,Shutt/Jones Productions,,,
30000000,1262,English,32.26789,09-09-2006,53653224,01:53,Released,Stranger Than Fiction,7.1,721,Comedy,Drama,Fantasy,Romance,,Mandate Pictures,Three Strange Angels,,,,,
30000000,4513,English,33.394082,17-10-2007,75505973,01:53,Released,30 Days of Night,6.2,767,Horror,Thriller,,,,Columbia Pictures,Dark Horse Entertainment,Ghost House Pictures,HorrorFlix,,,
30000000,22970,English,73.987775,12-04-2012,66486080,01:35,Released,The Cabin in the Woods,6.5,2263,Horror,Thriller,,,,Lionsgate,Mutant Enemy Productions,,,,,
30000000,7278,English,10.608998,24-01-2008,84646831,01:24,Released,Meet the Spartans,3.7,359,Comedy,,,,,Regency Enterprises,New Regency Pictures,,,,,
30000000,9013,English,12.821329,20-07-1988,38413606,02:06,Released,Midnight Run,7.2,238,Adventure,Comedy,Crime,,,Universal Pictures,City Light Films,,,,,
27000000,865,English,30.131498,13-11-1987,38122105,01:41,Released,The Running Man,6.4,703,Action,Science Fiction,,,,Keith Barish Productions,TAFT Entertainment Pictures,HBO,Braveworld Productions,,,
25000000,10776,English,12.113235,19-12-1986,38748395,01:34,Released,Little Shop of Horrors,6.6,384,Horror,Comedy,Music,,,The Geffen Company,,,,,,
30000000,50456,English,31.191975,07-04-2011,63782078,01:51,Released,Hanna,6.5,1263,Action,Thriller,Adventure,,,Focus Features,Neunte Babelsberg Film,Holleran Company,Sechzehnte Babelsberg Film,,,
30000000,9823,English,11.916389,21-11-1997,51376861,01:35,Released,Mortal Kombat: Annihilation,3.8,221,Action,Fantasy,Science Fiction,,,New Line Cinema,Threshold Entertainment,,,,,
30000000,59861,English,20.355458,30-06-2011,36160375,01:38,Released,Larry Crowne,5.7,359,Comedy,Romance,Drama,,,Universal Pictures,Playtone Productions,Vendome Pictures,,,,
30000000,133805,English,63.848541,16-10-2013,82394288,01:40,Released,Carrie,5.8,1463,Drama,Horror,,,,Screen Gems,Metro-Goldwyn-Mayer (MGM),Misher Films,,,,
30000000,12763,English,8.999675,17-03-2006,34742066,01:48,Released,Take the Lead,6.6,162,Music,,,,,New Line Cinema,Tiara Blu Films,,,,,
30000000,9766,English,9.278361,15-09-2006,41480851,02:05,Released,Gridiron Gang,6.5,206,Action,Adventure,Crime,Drama,,Columbia Pictures,,,,,,
45000000,14034,English,7.185212,31-05-2001,0,01:34,Released,What's the Worst That Could Happen?,5.1,66,Action,Comedy,,,,Metro-Goldwyn-Mayer (MGM),,,,,,
30000000,12244,English,55.806402,19-08-2009,48428063,01:19,Released,9,6.6,1262,Action,Adventure,Animation,Science Fiction,Thriller,Focus Films,Starz Animation,Relativity Media,Tim Burton Productions,,,
30000000,109421,English,48.237797,07-02-2013,63372757,01:46,Released,Side Effects,6.4,1323,Thriller,Crime,Drama,,,Di Bonaventura Pictures,Endgame Entertainment,Universal,Open Road Films,,,
0,11137,English,17.943945,28-03-2004,0,01:51,Released,The Prince & Me,5.9,278,Comedy,Romance,,,,Paramount Pictures,Lions Gate Films,Epsilon Motion Pictures,Stillking Films,,,
30000000,51162,English,19.143721,13-04-2011,14460000,01:03,Released,Winnie the Pooh,6.8,258,Animation,Family,,,,Walt Disney Pictures,Walt Disney Animation Studios,,,,,
19000000,10152,English,15.67747,13-06-2003,39267515,01:25,Released,Dumb and Dumberer: When Harry Met Lloyd,4.1,210,Comedy,,,,,New Line Cinema,,,,,,
30000000,9452,English,4.52363,15-05-1998,29202884,01:48,Released,Bulworth,6.3,66,Comedy,Drama,,,,Twentieth Century Fox Film Corporation,,,,,,
0,239566,English,13.064264,01-08-2014,31911598,02:19,Released,Get on Up,6.4,158,Drama,Music,,,,Universal Studios,Imagine Films Entertainment,Jagged Films,,,,
0,53113,English,2.644427,18-09-1998,0,02:07,Released,One True Thing,6.2,27,Drama,Romance,,,,Universal Pictures,,,,,,
30000000,9271,English,5.301589,04-08-1995,24048000,01:46,Released,Virtuosity,5.4,163,Action,Crime,Science Fiction,Thriller,,Paramount Pictures,,,,,,
0,4474,English,20.252143,20-06-2006,60896147,01:35,Released,My Super Ex-Girlfriend,4.8,442,Fantasy,Drama,Action,Comedy,Crime,Regency Enterprises,New Regency Pictures,Pariah,S E Productions Inc.,,,
30000000,184346,English,29.359201,01-07-2014,0,01:58,Released,Deliver Us from Evil,5.9,690,Thriller,Crime,Horror,,,Jerry Bruckheimer Films,Screen Gems,LStar Capital,,,,
30000000,48340,English,20.063165,03-02-2011,108609310,01:48,Released,Sanctum,5.8,339,Action,Thriller,,,,Universal Pictures,Wayfare Entertainment,Sanctum Australia,Relativity Media,,,
35000000,14846,English,6.246199,06-08-2004,22034832,01:51,Released,Little Black Book,5.2,112,Comedy,Romance,Drama,,,Revolution Studios,Blue Star Pictures,,,,,
30000000,72207,English,27.71063,27-04-2012,53909751,02:04,Released,The Five-Year Engagement,5.7,457,Comedy,,,,,Universal Pictures,Dentsu,Relativity Media,Apatow Productions,,,
30000000,16232,English,2.850896,15-06-2004,21800302,01:44,Released,Mr. 3000,5,66,Comedy,Drama,,,,Touchstone Pictures,,,,,,
30000000,43539,English,34.421696,18-11-2010,51148651,02:13,Released,The Next Three Days,6.9,905,Romance,Drama,Thriller,Crime,,Lionsgate,Fid\u00e9lit\u00e9 Films,Hwy61,,,,
30000000,9920,English,15.89534,03-03-2006,31070211,01:27,Released,Ultraviolet,4.8,458,Science Fiction,Action,Thriller,,,Screen Gems,Ultravi Productions,,,,,
30000000,8978,English,18.706504,19-01-2005,35294470,01:49,Released,Assault on Precinct 13,6,311,Thriller,,,,,Rogue Pictures,Why Not Productions,Liaison Films,Biscayne Pictures,,,
30000000,11702,English,9.607391,06-02-1998,19204929,01:27,Released,The Replacement Killers,6,127,Action,Drama,Crime,Thriller,,Columbia Pictures Corporation,,,,,,
25000000,18550,English,2.77255,19-07-1996,17193231,01:38,Released,Fled,5.2,47,Action,Comedy,Thriller,,,Metro-Goldwyn-Mayer (MGM),,,,,,
0,8869,English,17.834976,17-07-2002,0,01:39,Released,Eight Legged Freaks,5.4,295,Action,Comedy,Horror,Thriller,,Village Roadshow Pictures,NPV Entertainment,Centropolis Entertainment,Electric Entertainment,,,
30000000,43347,English,20.236951,22-11-2010,102820008,01:52,Released,Love & Other Drugs,6.6,1233,Drama,Comedy,Romance,,,Bedford Falls Productions,Dune Entertainment,Regency Enterprises,Fox 2000 Pictures,,,
30000000,3489,English,16.883429,14-02-2007,16930884,01:48,Released,88 Minutes,5.7,313,Crime,Mystery,Thriller,,,TriStar Pictures,Nu Image Entertainment,Brightlight Pictures,,,,
35000000,9701,English,12.779201,12-02-2005,25224242,02:06,Released,North Country,6.8,125,Drama,,,,,Warner Bros.,Participant Media,Nick Wechsler Productions,,,,
40000000,2122,English,14.729386,07-04-2004,26155781,01:38,Released,The Whole Ten Yards,5.5,278,Comedy,Thriller,Crime,,,Cheyenne Enterprises,Franchise Pictures,MHF Zweite Academy Film,Eclipse Catering,,,
26000000,37707,English,23.227877,06-10-2009,0,01:44,Released,Splice,5.5,671,Horror,Thriller,Science Fiction,,,Gaumont,Dark Castle Entertainment,Senator Entertainment Co,Copperheart Entertainment,,,
37000000,10658,English,11.374306,01-08-1986,37962774,01:50,Released,Howard the Duck,5.1,221,Comedy,Fantasy,Science Fiction,,,Lucasfilm,Universal Pictures,,,,,
30000000,13150,English,10.703602,09-09-2008,31148328,02:10,Released,Pride and Glory,6.3,240,Thriller,Crime,Drama,,,New Line Cinema,Solaris Film,Avery Pix,O'Connor Brothers,,,
30000000,9042,English,10.756266,25-08-2005,15007991,01:37,Released,The Cave,5.1,202,Action,Adventure,Horror,Thriller,,Lakeshore Entertainment,Cinerenta Medienbeteiligungs KG,Screen Gems,Cineblue Internationale Filmproduktionsgesellschaft,,,
30000000,17813,English,4.352422,16-06-2003,15368897,01:36,Released,Alex & Emma,5,68,Comedy,Romance,,,,Epsilon Motion Pictures,Franchise Pictures,Escape Artists,Reiner / Greisman Productions,,,
30000000,11208,English,9.301562,03-09-2004,13001257,01:54,Released,Wicker Park,6.7,157,Drama,Mystery,Romance,Thriller,,Lakeshore Entertainment,Metro-Goldwyn-Mayer (MGM),Mel's Cite du Cinema,,,,
17000000,58151,English,18.27083,18-08-2011,24922237,01:46,Released,Fright Night,6,603,Horror,Comedy,,,,Touchstone Pictures,,,,,,
30000000,11400,English,19.106154,25-12-2005,30536013,02:15,Released,The New World,6.4,330,Drama,History,Romance,,,New Line Cinema,First Foot Films,Sunflower Productions,Sarah Green Film,,,
30000000,10350,English,5.259585,11-03-1999,0,01:40,Released,Wing Commander,4,72,Action,Science Fiction,,,,"Carousel Picture Company, The",No Prisoners Productions,Origin Systems Inc.,American Entertainment Investors,,,
0,28902,English,3.226243,15-01-1999,0,01:40,Released,In Dreams,5.4,44,Drama,Thriller,,,,DreamWorks SKG,Amblin Entertainment,,,,,
100000000,14164,English,21.677732,01-04-2009,0,01:25,Released,Dragonball Evolution,2.9,462,Action,Adventure,Fantasy,Science Fiction,Thriller,Ingenious Film Partners,Twentieth Century Fox Film Corporation,Dune Entertainment,Star Overseas,,,
30000000,76640,English,43.882857,12-01-2013,0,01:47,Released,The Last Stand,5.7,1266,Action,Crime,Thriller,,,Di Bonaventura Pictures,,,,,,
25000000,11058,English,12.10235,30-04-2004,30114487,01:42,Released,Godsend,4.7,114,Drama,Horror,Science Fiction,Thriller,,Lions Gate Films,2929 Productions,Artists Production Group (APG),Blue Productions,,,
23000000,14844,English,3.362045,09-01-2004,12,01:51,Released,Chasing Liberty,6.1,152,Comedy,Romance,,,,Alcon Entertainment,ETIC Films,C.R.G. International,Trademark Films,,,
30000000,57089,English,10.694417,29-04-2011,13521829,01:26,Released,Hoodwinked Too! Hood VS. Evil,4.8,131,Comedy,Animation,Family,,,HW Two,,,,,,
30000000,1947,English,6.353971,09-09-2005,18618284,01:48,Released,An Unfinished Life,6.7,161,Drama,,,,,Miramax Films,Revolution Studios,Persistent Entertainment,Initial Entertainment Group (IEG),,,
30000000,8054,English,37.181019,01-10-2009,64352607,02:03,Released,The Imaginarium of Doctor Parnassus,6.3,869,Adventure,Fantasy,Mystery,,,Infinity Features Entertainment,Davis-Films,T\u00e9l\u00e9film Canada,The Movie Network,,,
30000000,46829,English,4.952735,26-10-2010,8454301,02:14,Released,Barney's Version,7.2,129,Comedy,Drama,,,,Serendipity Point Films,,,,,,
30000000,146238,English,22.975918,24-09-2013,62616646,01:31,Released,Runner Runner,5.5,543,Crime,Thriller,Drama,,,Double Feature Films,Regency Enterprises,Appian Way,Stone Village Pictures,,,
30000000,9989,English,8.359599,12-01-2001,18195610,01:48,Released,Antitrust,5.8,153,Action,Crime,Drama,,,Industry Entertainment,Epsilon Motion Pictures,Hyde Park Films,Metro-Goldwyn-Mayer (MGM),,,
18000000,9665,English,16.102271,15-12-1989,26828365,02:02,Released,Glory,7.4,383,War,,,,,TriStar Pictures,Freddie Fields Productions,,,,,
30000000,311,English,49.336397,16-02-1984,0,03:49,Released,Once Upon a Time in America,8.2,1069,Drama,Crime,,,,Warner Bros.,The Ladd Company,,,,,
0,102362,English,29.647844,08-03-2013,18074539,01:58,Released,Dead Man Down,5.9,638,Thriller,Action,Crime,Drama,,Original Film,WWE Studios,,,,,
0,11162,English,12.467267,03-09-2004,0,02:18,Released,The Merchant of Venice,6.7,144,Drama,Romance,,,,Movision,,,,,,
0,6016,English,2.774811,03-04-2003,0,01:48,Released,The Good Thief,6,31,Crime,Drama,Thriller,,,Fox Searchlight Pictures,Alliance Atlantis Communications,Metropolitan Films,TNVO,,,
0,17186,English,3.71305,16-08-2005,3102550,01:20,Released,Supercross,5.4,29,Action,Adventure,Drama,Romance,,Tag Entertainment,,,,,,
30000000,13967,English,8.386432,03-12-2006,35078241,01:32,Released,Miss Potter,6.3,141,Drama,Family,Romance,,,BBC Films,,,,,,
0,2008,Chinese,3.866026,15-12-2005,0,01:38,Released,The Promise,5,29,Fantasy,Drama,Action,Thriller,Romance,[],,,,,,
21000000,9053,English,12.790408,07-09-2006,480314,01:27,Released,DOA: Dead or Alive,5,205,Adventure,Action,Thriller,,,Impact Pictures,Constantin Film Produktion,Mindfire Entertainment,Team Ninja,,,
30000000,4512,English,35.53352,02-09-2007,14711793,02:40,Released,The Assassination of Jesse James by the Coward Robert Ford,7,776,Action,Drama,Western,,,Plan B Entertainment,Virtual Studios,Scott Free Productions,Alberta Film Entertainment,,,
30000000,76349,Chinese,4.065212,03-07-2011,108348,02:05,Released,1911,5,41,Adventure,Drama,Action,History,War,Variance Films,,,,,,
0,31203,French,20.362025,30-09-2009,0,01:31,Released,Little Nicholas,5.9,306,Comedy,,,,,Fid\u00e9lit\u00e9 Productions,Wild Bunch,M6 Films,SCOPE Invest,,,
30000000,265208,English,48.0343,14-01-2015,0,01:32,Released,Wild Card,5.4,656,Thriller,Crime,Drama,,,Current Entertainment,Lionsgate,Sierra / Affinity,SJ Heat Productions,,,
30000000,45610,English,13.268936,23-09-2011,2527904,02:09,Released,Machine Gun Preacher,6.4,286,Action,Thriller,Crime,,,Mpower Pictures,Relativity Media,1984 Private Defense Contractors,Virgin Produced,,,
0,50135,German,8.010046,07-10-2010,0,01:33,Released,Animals United,5.5,90,Animation,Family,Comedy,,,Constantin Film Produktion,Ambient Entertainment GmbH,,,,,
30000000,1874,English,12.257654,11-02-2007,0,02:20,Released,Goodbye Bafana,7,38,History,Drama,,,,Film Afrika,,,,,,
27000000,271331,English,6.036684,19-06-2014,0,01:50,Released,United Passions,3,16,Drama,,,,,Thelma Films,Leuviah Films,,,,,
30000000,215211,English,10.958697,14-05-2014,0,01:43,Released,Grace of Monaco,5.8,195,Romance,Drama,,,,Gaumont,TF1 Films Productions,Lucky Red,Canal+,,,
30000000,367961,Russian,2.625594,12-11-2015,0,01:25,Released,Savva. Heart of the Warrior,6.4,7,Fantasy,Adventure,Animation,,,Art Pictures Studio,,,,,,
30000000,10955,English,2.981047,02-09-2002,0,01:50,Released,Ripley's Game,6.6,69,Crime,Thriller,,,,Mr. Mudd Production,Cattleya,Baby Films,,,,
19000000,223702,English,66.242737,11-07-2016,140752617,01:23,Released,Sausage Party,5.6,2238,Adventure,Animation,Comedy,Fantasy,,Columbia Pictures,Sony Pictures Animation,Sony Pictures Entertainment,Annapurna Pictures,,,
29000000,254470,English,71.496894,07-05-2015,287506194,01:55,Released,Pitch Perfect 2,6.8,1940,Comedy,Music,,,,Universal Pictures,Gold Circle Films,Brownstone Productions,,,,
28000000,69,English,35.580032,13-09-2005,186438883,02:16,Released,Walk the Line,7.3,718,Drama,Music,Romance,,,Tree Line Films,Konrad Pictures,Catfish Productions,Fox 2000 Pictures,,,
30000000,4967,English,8.085872,14-04-2000,37036004,02:07,Released,Keeping the Faith,5.9,159,Comedy,,,,,Spyglass Entertainment,Touchstone Pictures,Triple Threat Talent,,,,
29000000,9449,English,10.364582,05-12-1997,0,01:26,Released,The Borrowers,5.8,135,Adventure,Fantasy,Action,Comedy,Family,Working Title Films,Polygram Filmed Entertainment,,,,,
0,11499,English,16.87784,15-10-2008,0,02:02,Released,Frost/Nixon,7.2,328,Drama,History,,,,Imagine Entertainment,Universal Pictures,Working Title Films,,,,
30000000,4912,English,18.165957,30-12-2002,33013805,01:53,Released,Confessions of a Dangerous Mind,6.6,275,Comedy,Crime,Drama,Romance,Thriller,Miramax Films,Allied Filmmakers,Mad Chance,,,,
29000000,12771,English,8.93941,20-08-2002,16930185,01:40,Released,Serving Sara,5,85,Comedy,Romance,,,,Paramount Pictures,,,,,,
29000000,323676,English,20.55509,07-04-2016,78636257,01:31,Released,The Boss,5.5,431,Comedy,,,,,Universal Pictures,,,,,,
0,12506,English,3.735723,05-11-1987,0,02:37,Released,Cry Freedom,6.9,51,Drama,,,,,Universal Pictures,,,,,,
0,24071,English,4.310168,24-09-1999,0,01:52,Released,Mumford,6.3,26,Comedy,Drama,Romance,,,Touchstone Pictures,,,,,,
12000000,11249,English,12.653831,11-11-2004,24829644,01:27,Released,Seed of Chucky,4.9,287,Drama,Horror,Comedy,,,Rogue Pictures,,,,,,
29000000,9667,English,24.240361,04-03-2005,21126225,01:43,Released,The Jacket,6.8,455,Drama,Mystery,Thriller,Fantasy,,Section Eight,Mandalay Pictures,VIP 3 Medienfonds,2929 Productions,,,
28000000,812,English,92.982009,25-11-1992,504050219,01:30,Released,Aladdin,7.4,3416,Animation,Family,Comedy,Adventure,Fantasy,Walt Disney Pictures,,,,,,
28000000,277216,English,61.76233,13-08-2015,201634991,02:27,Released,Straight Outta Compton,7.7,1355,Drama,Music,,,,New Line Cinema,Universal Pictures,Legendary Pictures,Cube Vision,,,
28000000,87,English,66.976776,23-05-1984,333000000,01:58,Released,Indiana Jones and the Temple of Doom,7.1,2781,Adventure,Action,,,,Lucasfilm,Paramount Pictures,,,,,
30000000,14444,English,7.981116,20-11-1998,100491683,01:19,Released,The Rugrats Movie,5.7,147,Animation,Family,,,,Nickelodeon Movies,Paramount Animation,,,,,
60000000,2043,English,21.252797,06-04-2001,105178561,01:44,Released,Along Came a Spider,6.1,400,Crime,Mystery,Thriller,Action,,Paramount Pictures,AZL Productions KG,David Brown Productions,MFP Munich Film Partners,,,
29000000,315664,English,19.237254,06-05-2016,48902953,01:50,Released,Florence Foster Jenkins,6.6,392,Comedy,Drama,,,,BBC Films,Qwerty Films,Path\u00e9,,,,
29000000,1428,English,27.555646,11-09-2003,98185582,01:42,Released,Once Upon a Time in Mexico,6.2,594,Action,,,,,Columbia Pictures Corporation,Dimension Films,Troublemaker Studios,,,,
28000000,562,English,66.169628,15-07-1988,140767956,02:11,Released,Die Hard,7.5,3948,Action,Thriller,,,,Twentieth Century Fox Film Corporation,Gordon Company,Silver Pictures,,,,
28000000,15373,English,24.917665,03-02-2008,92380927,01:39,Released,Role Models,6.4,564,Comedy,,,,,Universal Pictures,Internationale Filmproduktion Stella-del-S\u00fcd,Relativity Media,New Regency Pictures,,,
28000000,318846,English,57.518472,11-12-2015,133346506,02:10,Released,The Big Short,7.3,2607,Comedy,Drama,,,,Paramount Pictures,Plan B Entertainment,Regency Enterprises,,,,
0,26320,English,11.870161,03-09-2009,0,02:00,Released,Taking Woodstock,6.2,127,Music,Comedy,Drama,,,Focus Features,,,,,,
28000000,14292,English,7.534003,06-02-2004,64445708,02:15,Released,Miracle,7,159,Drama,History,,,,Walt Disney,,,,,,
28000000,924,English,44.529429,19-03-2004,102356381,01:41,Released,Dawn of the Dead,6.8,1016,Fantasy,Horror,Action,,,New Amsterdam Entertainment,Strike Entertainment,Metropolitan Filmexport,Toho-Towa,,,
35000000,2018,English,14.949395,26-01-2001,94728529,01:43,Released,The Wedding Planner,5.5,427,Comedy,,,,,Columbia Pictures Corporation,Intermedia Films,Dee Gee Entertainment,Tapestry Films,,,
30000000,192577,Japanese,14.726338,07-09-2013,17137302,01:55,Released,Space Pirate Captain Harlock,6.5,356,Animation,Science Fiction,,,,Toei Animation Company,,,,,,
21000000,9428,English,24.13081,05-10-2001,71441250,01:50,Released,The Royal Tenenbaums,7.4,1286,Comedy,Drama,,,,Touchstone Pictures,,,,,,
30000000,2832,English,45.915165,25-04-2003,90259536,01:30,Released,Identity,7.1,1061,Mystery,Thriller,,,,Konrad Pictures,Columbia Pictures Corporation,,,,,
28000000,137093,English,28.043508,31-10-2013,134402450,01:45,Released,Last Vegas,6.4,799,Comedy,,,,,Laurence Mark Productions,CBS Films,Outlaw Sinema,Good Universe,,,
28000000,699,English,26.090746,23-06-1981,195312802,02:07,Released,For Your Eyes Only,6.3,490,Adventure,Action,Thriller,,,United Artists,Eon Productions,,,,,
28000000,9778,English,14.530803,05-10-2001,77516304,01:30,Released,Serendipity,6.6,521,Comedy,Romance,,,,Miramax Films,Tapestry Films,Simon Fields Productions,,,,
27000000,8831,English,13.308127,15-09-1994,101646581,01:39,Released,Timecop,5.5,282,Thriller,Science Fiction,Action,Crime,,Universal Pictures,Renaissance Pictures,Dark Horse Entertainment,Largo Entertainment,,,
28000000,9398,English,38.0958,28-09-2001,60780981,01:29,Released,Zoolander,6.1,1337,Comedy,,,,,Paramount Pictures,Village Roadshow Pictures,NPV Entertainment,Scott Rudin Productions,,,
28000000,112949,English,37.729059,07-02-2013,97594140,01:55,Released,Safe Haven,6.9,823,Romance,,,,,Temple Hill Productions,Relativity Media,,,,,
28000000,10439,English,18.650748,16-07-1993,39514713,01:36,Released,Hocus Pocus,6.4,471,Comedy,Family,Fantasy,,,Walt Disney Pictures,,,,,,
28000000,3638,English,15.794946,25-07-2007,92601050,01:44,Released,No Reservations,6.1,327,Comedy,,,,,Village Roadshow Pictures,Castle Rock Entertainment,Warner Bros.,Storefront Pictures,,,
28000000,23483,English,45.054936,22-03-2010,96188903,01:57,Released,Kick-Ass,7.1,4645,Action,Crime,,,,Lionsgate,Marv Films,,,,,
28000000,62206,English,25.039383,11-08-2011,40547440,01:23,Released,30 Minutes or Less,5.6,531,Action,Adventure,Comedy,,,Columbia Pictures,,,,,,
28000000,10577,English,6.756771,22-12-2000,33000337,01:39,Released,Dracula 2000,4.6,148,Thriller,Horror,,,,Neo Art & Logic,Dimension Films,Wes Craven Films,,,,
28000000,218778,English,22.14595,08-10-2014,100654149,01:21,Released,"Alexander and the Terrible, Horrible, No Good, Very Bad Day",6.1,493,Family,Comedy,,,,Walt Disney Pictures,21 Laps Entertainment,"Jim Henson Company, The",,,,
28000000,4348,English,36.58383,16-09-2005,121147947,02:15,Released,Pride & Prejudice,7.7,1358,Drama,Romance,,,,Universal Pictures,StudioCanal,Scion Films,Focus Features,,,
28000000,78,English,94.056131,25-06-1982,33139618,01:57,Released,Blade Runner,7.9,3509,Science Fiction,Drama,Thriller,,,Shaw Brothers,Warner Bros.,The Ladd Company,,,,
28000000,11780,English,10.703456,13-04-1995,31596911,02:19,Released,Rob Roy,6.5,148,Adventure,,,,,United Artists,Talisman Productions,,,,,
28000000,192102,English,41.638961,14-02-2014,52597999,01:53,Released,3 Days to Kill,6,883,Action,Drama,Thriller,Crime,,Wonderland Sound and Vision,EuropaCorp,Relativity Media,3DTK,,,
21000000,2001,English,14.518708,25-05-2007,54926886,01:57,Released,We Own the Night,6.5,323,Drama,Crime,Thriller,,,Columbia Pictures,Industry Entertainment,2929 Productions,,,,
0,10383,English,3.312385,13-10-2000,0,01:37,Released,Lost Souls,4.5,38,Horror,Thriller,,,,New Line Cinema,,,,,,
35866397,11516,French,3.75074,12-12-2001,20217080,01:38,Released,Winged Migration,7,49,Documentary,,,,,Bac Films,Pandora Filmproduktion,Procirep,Galat\u00e9e Films,,,
28000000,10025,English,22.074306,12-05-2006,38159905,01:43,Released,Just My Luck,5.8,491,Comedy,Drama,Family,Fantasy,Romance,Regency Enterprises,Cheyenne Enterprises,New Regency Pictures,,,,
28000000,15198,English,4.436792,01-10-1999,8888143,01:59,Released,"Mystery, Alaska",6,69,Drama,Comedy,,,,Hollywood Pictures,,,,,,
28000000,23172,English,14.639324,15-01-2010,45236543,01:34,Released,The Spy Next Door,5.5,345,Action,Comedy,Family,,,Robert Simonds Productions,Relativity Media,Spy Next Door,,,,
28000000,17834,English,1.767479,11-07-1997,8345056,01:26,Released,A Simple Wish,5.5,46,Adventure,Comedy,Family,Fantasy,,Universal Pictures,The Bubble Factory,,,,,
28000000,10016,English,13.145205,24-08-2001,14010832,01:38,Released,Ghosts of Mars,4.8,296,Action,Horror,Science Fiction,,,Screen Gems,Storm King Productions,Animationwerks,,,,
28000000,10317,English,12.921594,11-09-2015,7002261,01:48,Released,Our Brand Is Crisis,5.8,195,Comedy,Drama,,,,Participant Media,Smokehouse Pictures,,,,,
28000000,58431,English,28.397048,04-02-2016,16374328,01:48,Released,Pride and Prejudice and Zombies,5.5,640,Romance,Horror,Comedy,Thriller,,Lionsgate,Handsomecharlie Films,Cross Creek Pictures,Darko Entertainment,,,
28000000,9746,English,7.039189,25-12-1997,5684789,02:14,Released,Kundun,6.8,91,Drama,,,,,Touchstone Pictures,,,,,,
27000000,13092,English,16.785866,02-10-2008,17286299,01:50,Released,How to Lose Friends & Alienate People,6.2,244,Comedy,Romance,Drama,,,UK Film Council,Intandem Films,Aramid Entertainment Fund,Film4,,,
28000000,59859,English,40.28635,17-07-2013,60700000,01:43,Released,Kick-Ass 2,6.3,2224,Action,Adventure,Crime,,,Universal Pictures,Marv Films,,,,,
24000000,13495,Spanish,6.009644,01-09-2006,23321954,02:25,Released,Alatriste,5.6,61,Action,,,,,Twentieth Century Fox Film Corporation,Estudios Picasso,NBC Universal Global Networks,Origen Producciones Cinematograficas S.A.,,,
28000000,254473,English,25.520976,22-04-2014,68896829,01:30,Released,Brick Mansions,5.7,615,Action,Crime,Drama,,,Canal+,EuropaCorp,Cin\u00e9+,D8,,,
27500000,700,English,25.633663,05-06-1983,187500000,02:11,Released,Octopussy,6.2,527,Adventure,Action,Thriller,,,Eon Productions,,,,,,
30000000,4964,English,22.527211,01-06-2007,219076518,02:09,Released,Knocked Up,6.2,1214,Comedy,Romance,Drama,,,Universal Pictures,Apatow Productions,,,,,
30000000,10024,English,24.09152,26-06-2009,95714875,01:49,Released,My Sister's Keeper,7.1,598,Drama,,,,,Mark Johnson Productions,Gran Via Productions,Curmudgeon Films,,,,
35000000,13490,English,6.248273,08-02-2008,43650785,01:54,Released,Welcome Home Roscoe Jenkins,5.7,57,Comedy,Drama,,,,Universal Pictures,Spyglass Entertainment,,,,,
8000000,15927,English,9.548391,14-12-1984,27187653,02:43,Released,A Passage to India,6.9,67,Drama,Adventure,History,,,Columbia Pictures,EMI Films Ltd.,Thorn EMI Screen Entertainment,Home Box Office,,,
15000000,1259,English,12.576381,25-12-2006,49469904,01:32,Released,Notes on a Scandal,6.9,235,Drama,Romance,,,,Fox Searchlight Pictures,Scott Rudin Productions,DNA Films,BBC Films,,,
27500000,5125,English,12.741073,07-09-2007,24748670,02:00,Released,Rendition,6.2,205,Drama,Thriller,,,,Anonymous Content,Level 1 Entertainment,MID Foundation,,,,
27000000,174,English,16.188572,05-12-1991,96900000,01:53,Released,Star Trek VI: The Undiscovered Country,6.7,413,Science Fiction,Action,Adventure,Thriller,,Paramount Pictures,,,,,,
27000000,9583,English,5.576937,07-06-2002,0,01:56,Released,Divine Secrets of the Ya-Ya Sisterhood,5.6,65,Comedy,Drama,Romance,,,All Girl Productions,Gaylord Productions,,,,,
27000000,9437,English,18.913,03-10-1997,60527873,01:55,Released,Kiss the Girls,6.2,345,Drama,Mystery,Thriller,Crime,,Paramount Pictures,Rysher Entertainment,,,,,
27000000,525,English,44.714264,17-06-1980,115229890,02:13,Released,The Blues Brothers,7.5,1065,Music,Comedy,Action,Crime,,Universal Pictures,,,,,,
27000000,10188,English,11.870301,06-08-2008,44352417,01:57,Released,The Sisterhood of the Traveling Pants 2,6,238,Adventure,Comedy,Drama,Family,,[],,,,,,
0,63574,English,5.753705,13-01-2012,0,01:57,Released,Joyful Noise,6.7,33,Comedy,Music,,,,Alcon Entertainment,O.N.C. Entertainment,Farrell Paura Productions,Gospel Truth Pictures,,,
27000000,245,English,28.227984,26-04-2002,129000000,01:41,Released,About a Boy,6.6,607,Drama,Comedy,Romance,,,Universal Pictures,,,,,,
27000000,9825,English,11.678561,15-07-1999,56870414,01:22,Released,Lake Placid,5.5,247,Horror,Comedy,Action,Science Fiction,Thriller,Fox 2000 Pictures,Phoenix Pictures,Rocking Chair Productions,,,,
27000000,186,English,36.921445,24-02-2006,56308881,01:50,Released,Lucky Number Slevin,7.4,1323,Drama,Thriller,Crime,Mystery,,The Weinstein Company,FilmEngine,Capitol Films,Ascendant Pictures,,,
27000000,9549,English,17.567332,20-10-1983,21500000,03:13,Released,The Right Stuff,7.3,235,Drama,History,,,,Warner Bros.,The Ladd Company,,,,,
30000000,61891,English,16.698316,21-10-2011,15395087,02:10,Released,Anonymous,6.3,288,Drama,History,Thriller,,,Columbia Pictures,Centropolis Entertainment,,,,,
27000000,34584,English,47.862016,05-04-1984,20158808,01:42,Released,The NeverEnding Story,7,1002,Drama,Family,Fantasy,Adventure,,Producers Sales Organization,Bavaria Film,Dieter Geissler Filmproduktion,Warner Bros.,,,
27000000,2666,English,39.324831,27-02-1998,27200316,01:40,Released,Dark City,7.2,828,Mystery,Science Fiction,,,,New Line Cinema,Mystery Clock Cinema,,,,,
0,12783,English,18.591657,05-09-2008,0,01:50,Released,The Duchess,6.7,396,Drama,History,Romance,,,BIM Distribuzione,BBC Films,Paramount Vantage,Qwerty Films,,,
25000000,13155,English,5.650125,21-06-1985,11137801,01:49,Released,Return to Oz,6.7,120,Adventure,Family,Fantasy,,,Silver Screen Partners II,Oz Productions Ltd.,,,,,
27000000,42807,English,3.123583,26-03-1998,76000000,01:53,Released,The Newton Boys,5.9,44,Crime,Action,Drama,,,Twentieth Century Fox Film Corporation,Detour Filmproduction,,,,,
27000000,28355,English,23.917982,13-08-2009,29000000,01:49,Released,Case 39,6.1,563,Horror,Mystery,Thriller,,,Paramount Vantage,Anonymous Content,Misher Films,Case 39 Productions,,,
27000000,8080,English,8.715822,27-08-2004,13000000,01:39,Released,Suspect Zero,5.5,98,Crime,Thriller,,,,Paramount Pictures,Cruise/Wagner Productions,Lakeshore Entertainment,Intermedia Films,,,
0,5126,English,5.737161,02-11-2007,0,01:46,Released,Martian Child,6.8,79,Drama,,,,,New Line Cinema,,,,,,
27000000,56288,English,14.788073,18-08-2011,85564310,01:29,Released,Spy Kids: All the Time in the World,4.4,222,Family,Comedy,Action,,,Dimension Films,,,,,,
27000000,303858,English,38.279458,12-05-2016,93282604,01:38,Released,Money Monster,6.5,1068,Thriller,,,,,TriStar Pictures,Sony Pictures Releasing,Smokehouse Pictures,LStar Capital,,,
28,1613,English,9.670031,07-12-2001,14,01:33,Released,The 51st State,5.9,173,Thriller,Action,Comedy,Crime,,Film Council,Alliance Atlantis Communications,The Film Consortium,Focus Films,,,
0,31582,English,5.271559,26-11-1999,4488529,01:52,Released,Flawless,5.9,56,Comedy,Drama,,,,Metro-Goldwyn-Mayer (MGM),,,,,,
27000000,16617,English,17.193659,07-05-2004,21148829,01:46,Released,Mindhunters,6.3,333,Mystery,Thriller,Crime,,,Avenue Pictures Productions,Weed Road Pictures,Intermedia Films,Egmond Film & Television,,,
25000000,8944,English,8.31653,17-10-2008,6673422,01:44,Released,What Just Happened,5.2,127,Comedy,Drama,,,,2929 Productions,Linson Entertainment,Art Linson Productions,Tribeca Productions,,,
0,41488,English,2.653988,12-12-2003,0,02:00,Released,The Statement,5.9,23,Drama,Thriller,,,,Sony Pictures Classics,BBC Films,Serendipity Point Films,T\u00e9l\u00e9film Canada,,,
0,37028,English,0.548435,07-09-2006,0,02:13,Released,The Magic Flute,6.9,6,Comedy,Drama,Music,,,Walt deFaria,,,,,,
26000000,14560,English,31.250383,15-01-2009,183293131,01:31,Released,Paul Blart: Mall Cop,5.2,788,Action,Adventure,Comedy,Family,,Columbia Pictures,Happy Madison Productions,Relativity Media,Hey Eddie,,,
26000000,10330,English,24.345651,03-08-2003,110230332,01:37,Released,Freaky Friday,6,879,Comedy,,,,,Walt Disney Pictures,Gunn Films,Casual Friday Productions,,,,
26000000,6957,English,38.473732,11-08-2005,109449237,01:56,Released,The 40 Year Old Virgin,6.2,1983,Comedy,Romance,,,,Universal Pictures,Apatow Productions,,,,,
25000000,1934,English,31.792964,11-12-1998,289317794,02:02,Released,Shakespeare in Love,6.8,796,Romance,History,,,,Miramax Films,Universal Pictures,Bedford Falls Productions,,,,
28000000,169917,English,61.309619,18-09-2014,53181600,01:53,Released,A Walk Among the Tombstones,6.2,1131,Crime,Drama,Mystery,Thriller,,Double Feature Films,Jersey Films,1984 Private Defense Contractors,Cross Creek Pictures,,,
15000000,951,English,5.411154,21-12-1990,201957688,01:51,Released,Kindergarten Cop,5.8,628,Comedy,,,,,Imagine Entertainment,Universal Pictures,,,,,
27000000,10189,English,41.832392,06-08-2008,101624843,01:51,Released,Pineapple Express,6.6,1148,Action,Comedy,,,,Columbia Pictures,Apatow Productions,,,,,
26000000,9454,English,21.988861,31-07-1998,65705772,02:01,Released,Ever After: A Cinderella Story,6.8,399,Drama,Romance,Comedy,,,Twentieth Century Fox Film Corporation,,,,,,
22000000,2055,English,19.068175,29-08-2003,68296293,02:19,Released,Open Range,7,262,Western,,,,,Tig Productions,Touchstone Pictures,Beacon Pictures,Cobalt Media Group,,,
26000000,1551,English,24.114459,09-08-1990,61489265,01:55,Released,Flatliners,6.3,404,Drama,Horror,Science Fiction,Thriller,,Columbia Pictures Corporation,Stonebridge Entertainment,,,,,
22000000,5902,English,20.256571,15-06-1977,50750000,02:55,Released,A Bridge Too Far,6.9,207,Drama,History,War,,,United Artists,Joseph E. Levine Productions,,,,,
26000000,11460,English,8.802626,04-08-2005,57891803,01:25,Released,Red Eye,6.2,455,Horror,Thriller,,,,DreamWorks SKG,Craven-Maddalena Films,BenderSpink,,,,
26000000,9358,English,37.355826,31-01-2003,90426405,01:30,Released,Final Destination 2,5.9,1023,Horror,Mystery,,,,New Line Cinema,Zide-Perry Productions,,,,,
26000000,134,English,39.742009,30-08-2000,71868327,01:46,Released,"O Brother, Where Art Thou?",7.3,1112,Action,Adventure,Comedy,,,Universal Pictures,Mike Zoss Productions,Studio Canal,Touchstone Pictures,,,
26000000,22894,English,30.981604,21-01-2010,67918658,01:40,Released,Legion,5.2,629,Horror,,,,,Bold Films,,,,,,
25000000,134374,English,31.893932,18-04-2013,86175291,02:10,Released,Pain & Gain,6.1,1573,Thriller,Crime,Action,,,Paramount Pictures,De Line Pictures,,,,,
0,1901,English,15.376391,29-12-2004,0,01:49,Released,In Good Company,5.9,194,Comedy,Drama,Romance,,,Depth of Field,,,,,,
26000000,15028,English,5.894163,17-03-2002,38793283,01:34,Released,Clockstoppers,4.9,89,Adventure,Family,Science Fiction,Thriller,,Paramount Pictures,Nickelodeon Movies,Valhalla Motion Pictures,,,,
26000000,11509,English,10.981038,10-07-1985,0,02:07,Released,Silverado,7.1,146,Action,Crime,Drama,Western,,Columbia Pictures,,,,,,
26000000,7445,English,22.07638,27-01-2009,43318349,01:44,Released,Brothers,6.8,633,Drama,Thriller,War,,,Lionsgate,Relativity Media,Sighvatsson Films,Michael De Luca Productions,,,
26000000,17047,English,10.925618,03-12-2004,28818995,01:40,Released,Agent Cody Banks 2: Destination London,5.2,144,Comedy,,,,,Splendid Pictures,Maverick Films,Metro-Goldwyn-Mayer (MGM),Dylan Sellers Productions,,,
56000000,62838,English,21.219292,08-12-2011,142044638,01:58,Released,New Year's Eve,5.7,718,Comedy,Romance,,,,New Line Cinema,,,,,,
42000000,2057,English,14.831402,03-08-2001,35402320,01:58,Released,Original Sin,5.8,198,Drama,Thriller,Mystery,Romance,,Metro-Goldwyn-Mayer (MGM),,,,,,
26000000,70436,English,22.520842,09-03-2012,29657751,01:51,Released,The Raven,6.1,426,Crime,Thriller,Mystery,,,Relativity Media,,,,,,
30000000,16784,English,3.314094,24-02-2004,14000000,01:50,Released,Welcome to Mooseport,4.8,54,Comedy,,,,,Twentieth Century Fox Film Corporation,Intermedia Films,Mediastream Vierte Film GmbH & Co. Vermarktungs KG,Mooseport Productions,,,
26000000,8011,English,7.964451,29-11-1994,36800000,01:39,Released,Highlander: The Final Dimension,4.5,110,Action,Fantasy,Science Fiction,,,Trans-Film,Initial Groupe,Lumi\u00e8re Pictures,Fallingcloud,,,
26000000,31640,English,1.492056,03-10-1996,0,01:41,Released,Blood and Wine,5.5,34,Crime,Drama,Thriller,,,Fox Searchlight Pictures,Marmont Productions,Blood & Wine Productions,Majestic Films International,,,
26000000,9092,English,4.810621,18-07-1997,0,01:40,Released,Snow White: A Tale of Terror,6,62,Fantasy,Horror,,,,Interscope Communications,Polygram Filmed Entertainment,,,,,
0,2779,English,9.317265,05-08-2001,0,01:43,Released,The Curse of the Jade Scorpion,6.5,165,Comedy,Crime,Mystery,Romance,Thriller,DreamWorks SKG,Gravier Productions,,,,,
26000000,316002,English,5.644844,10-02-2015,0,01:40,Released,Accidental Love,3.9,95,Romance,Comedy,,,,K. JAM Media,,,,,,
25530000,36355,English,4.475007,17-05-1996,20080020,01:35,Released,Flipper,5.3,84,Adventure,Family,,,,Universal Pictures,The Bubble Factory,American Films,,,,
26000000,238615,English,66.097437,10-07-2015,30523226,01:56,Released,Self/less,6.3,1091,Science Fiction,Mystery,Thriller,,,Endgame Entertainment,Ram Bergman Productions,,,,,
25000000,1985,English,20.679652,31-08-2005,82466670,02:09,Released,The Constant Gardener,6.8,417,Drama,Mystery,Thriller,,,Studio Babelsberg,Epsilon Motion Pictures,UK Film Council,Scion Films,,,
30000000,615,English,38.171417,25-02-2004,611899420,02:07,Released,The Passion of the Christ,6.9,864,Drama,,,,,Icon Productions,Twentieth Century Fox Film Corporation,,,,,
25000000,788,English,30.884535,24-11-1993,441286195,02:05,Released,Mrs. Doubtfire,7,1591,Comedy,Drama,Family,,,Twentieth Century Fox Film Corporation,Blue Wolf,,,,,
25000000,380,English,49.510658,11-12-1988,412800000,02:13,Released,Rain Man,7.6,1709,Drama,,,,,United Artists,Star Partners II Ltd.,,,,,
33000000,13223,English,50.7453,09-12-2008,269958228,01:56,Released,Gran Torino,7.8,3086,Drama,,,,,Village Roadshow Pictures,Malpaso Productions,Gerber Pictures,Warner Bros.,,,
25100000,10523,English,10.445391,17-10-2008,29506464,02:11,Released,W.,6.1,143,Drama,History,,,,Ixtlan Productions,Emperor Motion Pictures,Global Entertainment Group,,,,
25000000,8681,English,80.879032,18-02-2008,226830568,01:33,Released,Taken,7.2,4369,Action,Thriller,,,,Twentieth Century Fox Film Corporation,M6 Films,Canal+,TPS Star,,,
26000000,239571,English,33.93914,16-10-2014,35926213,01:57,Released,The Best of Me,7.2,765,Drama,Romance,,,,Relativity Media,,,,,,
25000000,619,English,26.576385,25-11-1992,411006740,02:09,Released,The Bodyguard,6.1,661,Thriller,Action,Drama,Music,Romance,Tig Productions,Warner Bros.,Kasdan Pictures,,,,
22000000,424,English,104.469351,29-11-1993,321365567,03:15,Released,Schindler's List,8.3,4329,Drama,History,War,,,Universal Pictures,Amblin Entertainment,,,,,
25000000,50014,English,42.191509,09-08-2011,124272124,02:26,Released,The Help,7.8,1910,Drama,,,,,DreamWorks SKG,1492 Pictures,Participant Productions,Imagenation Abu Dhabi FZ,,,
28000000,162903,English,20.267062,11-10-2013,8555008,02:08,Released,The Fifth Estate,5.7,364,Drama,Thriller,,,,DreamWorks SKG,Participant Media,Reliance Entertainment,Touchstone Pictures,,,
0,11024,English,22.644275,24-03-2004,181466833,01:33,Released,Scooby-Doo 2: Monsters Unleashed,5.4,500,Mystery,Fantasy,Adventure,Comedy,,Mosaic Media Group,Warner Bros.,,,,,
26000000,208763,Russian,7.182761,30-01-2014,0,02:07,Released,Forbidden Kingdom,4.9,71,Thriller,Adventure,Mystery,Fantasy,,Universal Pictures,Ankor-Film,,,,,
30000000,6466,English,26.69592,15-08-2003,114908830,01:37,Released,Freddy vs. Jason,5.8,594,Horror,,,,,New Line Cinema,Cecchi Gori Group Tiger Cinematografica,Avery Pix,Sean S. Cunningham Films,,,
0,254024,English,7.336256,06-09-2014,0,01:40,Released,The Face of an Angel,4.7,64,Thriller,Drama,,,,Revolution Films,BBC Films,Cattleya,Vedette Finance,,,
25000000,12589,English,12.739721,21-12-2001,80936232,01:23,Released,Jimmy Neutron: Boy Genius,5.6,231,Action,Adventure,Animation,Comedy,Family,Nickelodeon Movies,Universal Cartoon Studios,Paramount Animation,,,,
25000000,7191,English,46.942396,15-01-2008,170764026,01:25,Released,Cloverfield,6.4,2251,Action,Thriller,Science Fiction,,,Paramount Pictures,Bad Robot,,,,,
25000000,1497,English,15.505137,22-03-1991,78000000,01:28,Released,Teenage Mutant Ninja Turtles II: The Secret of the Ooze,5.8,286,Science Fiction,Adventure,Action,Comedy,Family,New Line Cinema,Golden Harvest Company,,,,,
25000000,117,English,38.272889,02-06-1987,76270454,01:59,Released,The Untouchables,7.6,1384,Crime,Drama,History,Thriller,,Paramount Pictures,,,,,,
25000000,6977,English,53.645267,08-11-2007,171600000,02:02,Released,No Country for Old Men,7.7,3003,Crime,Drama,Thriller,,,Miramax Films,Scott Rudin Productions,Paramount Vantage,Mike Zoss Productions,,,
25000000,168530,English,28.468,07-01-2014,153997819,01:39,Released,Ride Along,6.1,853,Action,Comedy,,,,Universal Pictures,Rainforest Films,Cube Vision,Relativity Media,,,
25000000,634,English,35.310712,13-04-2001,281929795,01:37,Released,Bridget Jones's Diary,6.5,1356,Comedy,Romance,Drama,,,Miramax Films,Universal Pictures,Studio Canal,Working Title Films,,,
25000000,392,English,28.727731,14-12-2000,152500343,02:01,Released,Chocolat,6.8,951,Comedy,Drama,Romance,,,Miramax Films,David Brown Productions,Fat Free,,,,
45000000,10327,English,4.340616,02-07-2003,124914842,01:35,Released,"Legally Blonde 2: Red, White & Blonde",5.1,377,Comedy,,,,,Type A Films,Marc Platt Productions,Metro-Goldwyn-Mayer (MGM),,,,
25000000,88042,English,14.604911,25-12-2012,119772232,01:44,Released,Parental Guidance,5.7,210,Comedy,,,,,Twentieth Century Fox Film Corporation,Dune Entertainment,Dune Entertainment III,Chernin Entertainment,,,
25000000,41630,English,38.688822,21-01-2011,147780440,01:47,Released,No Strings Attached,6.1,1331,Comedy,Romance,,,,Katalyst Films,The Montecito Picture Company,Handsomecharlie Films,,,,
25000000,11969,English,30.537845,25-12-1993,56505065,02:10,Released,Tombstone,7.4,626,Action,Adventure,Drama,History,Western,Hollywood Pictures,Cinergi Pictures Entertainment,,,,,
25000000,2085,English,19.750059,20-03-2000,91036760,01:55,Released,Romeo Must Die,6,330,Action,Crime,Thriller,,,Silver Pictures,Warner Bros.,,,,,
2800000,794,English,25.939385,06-06-1976,60922980,01:51,Released,The Omen,7.2,476,Horror,Thriller,,,,Twentieth Century Fox Film Corporation,Mace Neufeld Productions,,,,,
25000000,9286,English,31.64341,10-02-2006,117719158,01:33,Released,Final Destination 3,5.8,974,Horror,Mystery,,,,New Line Cinema,Zide-Perry Productions,Kumar Mobiliengesellschaft mbH & Co. Projekt Nr. 1 KG,Hard Eight Pictures,,,
25000000,77877,English,26.811541,19-04-2012,99357138,01:41,Released,The Lucky One,6.8,946,Drama,Romance,,,,Village Roadshow Pictures,DiNovi Pictures,Warner Bros.,Langley Park Production,,,
60000000,1265,English,40.646102,16-02-2007,137587063,01:36,Released,Bridge to Terabithia,7,1113,Adventure,Drama,Family,,,Walden Media,Hal Lieberman Company,Lauren Levine Productions Inc.,,,,
25000000,866,English,34.160448,17-10-2004,116766556,01:46,Released,Finding Neverland,7.2,1223,Drama,,,,,Miramax Films,Film Colony,,,,,
0,175555,English,5.377155,13-12-2013,0,01:40,Released,A Madea Christmas,7,35,Comedy,Drama,,,,Lions Gate,,,,,,
25000000,75174,English,48.552871,26-01-2012,77278331,01:57,Released,The Grey,6.4,1451,Action,Drama,Thriller,,,Scott Free Productions,1984 Private Defense Contractors,LD Entertainment,Open Road Films,,,
25000000,11096,English,18.228538,27-01-2005,122644820,01:41,Released,Hide and Seek,6.1,440,Horror,Mystery,Thriller,,,Twentieth Century Fox Film Corporation,Fox 2000 Pictures,Josephson Entertainment,MBC Beteiligungs Filmproduktion,,,
26000000,8699,English,29.342744,09-07-2004,90574188,01:34,Released,Anchorman: The Legend of Ron Burgundy,6.7,1493,Comedy,,,,,Apatow Productions,,,,,,
25000000,769,English,63.654244,12-09-1990,46836394,02:25,Released,GoodFellas,8.2,3128,Drama,Crime,,,,Winkler Films,,,,,,
28000000,10923,English,11.859396,14-03-2003,58795814,01:42,Released,Agent Cody Banks,5,284,Action,,,,,Splendid Pictures,Maverick Films,Metro-Goldwyn-Mayer (MGM),Dylan Sellers Productions,,,
25000000,11283,English,24.356483,21-10-2005,122489822,01:37,Released,Nanny McPhee,6.4,711,Fantasy,Comedy,Family,,,Universal Pictures,Three Strange Angels,Studio Canal,Metro-Goldwyn-Mayer (MGM),,,
25000000,111,English,70.105981,08-12-1983,65884703,02:50,Released,Scarface,8,2948,Action,Crime,Drama,Thriller,,Universal Pictures,,,,,,
25000000,11676,English,8.618208,18-07-1997,0,01:37,Released,Nothing to Lose,6.3,174,Action,Adventure,Comedy,,,Touchstone Pictures,,,,,,
23000000,746,English,21.189028,21-10-1987,43984230,02:43,Released,The Last Emperor,7.4,355,Drama,History,,,,Columbia Pictures,Hemdale Film Corporation,Recorded Pictures Company,Soprofilms,,,
25000000,77866,English,31.364901,12-01-2012,63100000,01:49,Released,Contraband,6.1,770,Thriller,Action,Drama,Crime,,Universal Pictures,StudioCanal,Relativity Media,Leverage Management,,,
0,9416,English,7.615653,22-08-1997,0,01:37,Released,Money Talks,5.9,87,Action,Adventure,Comedy,,,New Line Cinema,,,,,,
25000000,7345,English,37.817905,28-12-2007,77208711,02:38,Released,There Will Be Blood,7.9,1537,Drama,,,,,Miramax Films,Ghoulardi Film Company,Paramount Vantage,,,,
35000000,14317,English,5.784661,20-12-2002,0,01:25,Released,The Wild Thornberrys Movie,5.8,44,Animation,Adventure,Family,,,Paramount Pictures,Nickelodeon Movies,Paramount Animation,,,,
0,20694,English,8.255708,13-06-2003,0,01:24,Released,Rugrats Go Wild,5.6,61,Animation,Family,,,,Nickelodeon Movies,Paramount Animation,,,,,
25000000,12277,English,6.086083,31-05-2002,41604473,01:26,Released,Undercover Brother,5.5,112,Action,Comedy,,,,Universal Pictures,,,,,,
25000000,9779,English,17.17372,01-06-2005,39053061,01:59,Released,The Sisterhood of the Traveling Pants,6.3,386,Drama,Comedy,,,,DiNovi Pictures,Alcon Entertainment,Alloy Entertainment,,,,
25000000,2140,English,16.936576,06-07-2001,64437847,01:38,Released,Kiss of the Dragon,6.4,298,Action,Crime,Thriller,,,Twentieth Century Fox Film Corporation,Current Entertainment,Immortal Entertainment,Canal+,,,
25000000,12620,English,25.838073,22-08-2008,70442940,01:37,Released,The House Bunny,5.6,529,Romance,Comedy,,,,Columbia Pictures,Happy Madison Productions,Relativity Media,Alta Loma Entertainment,,,
25000000,14177,English,5.625632,02-06-2005,36351350,01:45,Released,Beauty Shop,5.4,115,Comedy,Romance,,,,Metro-Goldwyn-Mayer (MGM),,,,,,
25000000,198185,English,17.312433,09-05-2014,38307627,02:04,Released,Million Dollar Arm,6.6,259,Drama,,,,,Walt Disney Pictures,,,,,,
25000000,227156,English,53.811461,11-08-2014,66980456,01:34,Released,The Giver,6.4,1798,Drama,Science Fiction,,,,The Weinstein Company,Walden Media,Tonik Productions,Asis Productions,,,
0,10735,English,7.057765,27-03-2003,0,01:45,Released,What a Girl Wants,5.8,368,Comedy,,,,,DiNovi Pictures,Gerber Pictures,Gaylord Films,Warner Bros.,,,
17000000,11351,English,19.045146,08-08-2003,63102666,01:44,Released,Jeepers Creepers 2,5.5,299,Horror,Thriller,,,,United Artists,American Zoetrope,Myriad Pictures,Jeepers Creepers II,,,
25000000,10030,English,21.729434,21-09-2007,59192128,01:41,Released,Good Luck Chuck,5.5,444,Comedy,Drama,Romance,,,Lionsgate,Karz Entertainment,,,,,
25000000,10623,English,12.837116,28-02-2003,56489558,01:41,Released,Cradle 2 the Grave,5.8,236,Action,Crime,Drama,,,Silver Pictures,Warner Bros.,,,,,
25000000,590,English,20.953265,27-12-2002,41597830,01:54,Released,The Hours,7,451,Drama,,,,,Paramount Pictures,Miramax Films,Scott Rudin Productions,,,,
20000000,9655,English,10.81439,17-03-2006,33889159,01:45,Released,She's the Man,6.4,671,Comedy,Drama,Family,Romance,,DreamWorks SKG,Lakeshore Entertainment,,,,,
25000000,1268,English,27.683874,22-03-2007,229736344,01:30,Released,Mr. Bean's Holiday,6.1,663,Family,Comedy,,,,Tiger Aspect Productions,Working Title Films,,,,,
20000000,11237,English,9.855474,26-08-2004,70992898,01:37,Released,Anacondas: The Hunt for the Blood Orchid,4.9,199,Adventure,Action,Horror,Science Fiction,Thriller,Screen Gems,Middle Fork Productions,,,,,
25500000,190955,English,12.756344,22-08-2013,2415472,02:08,Released,Blood Ties,6,171,Thriller,Crime,Drama,,,Wild Bunch,LGM Productions,Les Productions du Tr\u00e9sor,Mars Distribution,,,
25000000,5123,English,29.533437,21-11-2007,66122026,01:54,Released,August Rush,7.1,797,Drama,,,,,Warner Bros.,CJ Entertainment,Southpaw Entertainment,,,,
30000000,4518,English,14.179538,13-09-1998,82150642,02:04,Released,Elizabeth,7.1,334,Drama,History,,,,Channel Four Films,PolyGram Filmed Entertainment,Working Title Films,,,,
25000000,11932,English,14.340095,16-10-1998,50671850,01:29,Released,Bride of Chucky,5.5,350,Horror,Comedy,,,,Universal Pictures,Midwinter Productions Inc.,,,,,
25485000,11165,English,9.795985,26-01-1970,29548291,02:24,Released,Tora! Tora! Tora!,6.9,147,History,Action,Drama,Adventure,War,Twentieth Century Fox Film Corporation,,,,,,
25000000,6116,English,6.889437,19-12-1997,100000000,01:33,Released,Spice World,4.7,123,Adventure,Fantasy,Drama,Comedy,Music,Columbia Pictures Corporation,,,,,,
25000000,57431,English,19.428994,09-12-2011,34942188,01:21,Released,The Sitter,5.4,325,Comedy,,,,,Twentieth Century Fox Film Corporation,Michael De Luca Productions,Rough House Pictures,,,,
0,21724,English,7.326034,22-05-2009,0,01:23,Released,Dance Flick,4.7,71,Action,Comedy,Music,,,Paramount Pictures,MTV Films,Wayans Bros. Entertainment,,,,
25000000,278,English,136.747729,23-09-1994,28341469,02:22,Released,The Shawshank Redemption,8.5,8205,Drama,Crime,,,,Castle Rock Entertainment,,,,,,
21150000,9290,English,6.081772,12-04-2001,39438674,01:32,Released,Crocodile Dundee in Los Angeles,4.7,146,Adventure,Comedy,,,,Bungalow Productions,Silver Lion Films,Vision View Entertainment,,,,
27000000,11543,English,17.329269,04-07-1996,25023434,01:53,Released,Kingpin,6.7,244,Comedy,,,,,Motion Picture Corporation of America,Metro-Goldwyn-Mayer (MGM),,,,,
25000000,284536,English,22.622453,25-12-2014,39171130,01:51,Released,The Gambler,5.7,543,Thriller,Crime,Drama,,,Paramount Pictures,Closest to the Hole Productions,Leverage Entertainment,Chartoff-Winkler Productions,,,
25000000,152737,English,20.561682,26-12-2013,74188937,02:01,Released,August: Osage County,6.9,483,Comedy,Drama,,,,Jean Doumanian Productions,Smokehouse Pictures,,,,,
25000000,13374,English,13.288177,17-03-2005,27645491,01:38,Released,Ice Princess,5.9,185,Drama,Comedy,Family,,,Walt Disney Pictures,Bridget Johnson Films,Skate Away Productions,,,,
30000000,8976,English,19.212552,22-04-2005,42886719,01:47,Released,A Lot Like Love,6.5,318,Comedy,,,,,Mile High Productions,Kevin Messick Productions,Touchstone Pictures,Beacon Pictures,,,
23000000,319888,English,29.365851,26-02-2016,46152800,01:46,Released,Eddie the Eagle,7.2,661,Comedy,Drama,History,,,Studio Babelsberg,Twentieth Century Fox Film Corporation,Marv Films,Saville Productions,,,
25000000,9469,English,10.232599,01-05-1998,21567853,02:16,Released,He Got Game,6.7,134,Drama,,,,,40 Acres & A Mule Filmworks,Touchstone Pictures,,,,,
25000000,1909,English,8.870614,01-10-1994,22200000,01:37,Released,Don Juan DeMarco,6.2,183,Romance,Drama,Comedy,,,New Line Cinema,American Zoetrope,,,,,
25000000,22971,English,19.402816,04-02-2010,114977104,01:55,Released,Dear John,6.6,1262,Drama,Romance,War,,,Screen Gems,,,,,,
25000000,34813,English,24.903418,23-04-2010,23580000,01:37,Released,The Losers,6.2,515,Action,Adventure,Crime,Mystery,Thriller,DC Comics,Weed Road Pictures,Dark Castle Entertainment,Warner Bros.,,,
25000000,46261,English,14.562197,06-11-2010,36993168,01:39,Released,Don't Be Afraid of the Dark,5.4,341,Fantasy,Horror,Thriller,,,Miramax Films,Gran Via Productions,FilmDistrict,Necropia,,,
25000000,10431,English,18.896239,24-08-2007,40452643,01:43,Released,War,6,414,Action,Thriller,Crime,,,Mosaic Media Group,Current Entertainment,Lionsgate,Fierce Entertainment,,,
25000000,8051,English,15.960916,25-10-2002,17000000,01:35,Released,Punch-Drunk Love,6.9,530,Comedy,Drama,Romance,,,Columbia Pictures,New Line Cinema,Ghoulardi Film Company,,,,
25000000,9352,English,25.848003,20-02-2004,20796847,01:33,Released,EuroTrip,6.5,656,Comedy,,,,,DreamWorks SKG,The Montecito Picture Company,Blue Sea Productions,,,,
13000000,10167,English,6.337063,15-11-2002,0,01:38,Released,Half Past Dead,4.6,82,Crime,Action,Thriller,,,Franchise Pictures,Screen Gems,,,,,
26000000,18147,English,10.006282,08-12-2006,0,01:30,Released,Unaccompanied Minors,5.4,66,Comedy,Family,,,,[],,,,,,
0,17170,English,2.753501,01-04-1988,0,01:47,Released,"Bright Lights, Big City",4.7,28,Drama,,,,,United Artists,Mirage Enterprises,CST Telecommunications,Star Partners,,,
0,18975,English,6.718497,26-07-1996,0,01:30,Released,The Adventures of Pinocchio,5,54,Animation,Family,Fantasy,,,New Line Cinema,The Kushner-Locke Company,Savoy Pictures,,,,
25000000,15487,English,7.538513,30-09-2005,15431177,02:00,Released,The Greatest Game Ever Played,6.9,110,Drama,Family,,,,Walt Disney Pictures,,,,,,
30000000,22825,English,21.606001,17-09-2009,33333531,01:55,Released,The Box,5.4,597,Thriller,Science Fiction,,,,Media Rights Capital,Lin Pictures,Warner Bros.,Darko Entertainment,,,
8000000,11152,English,13.715715,02-04-2008,0,01:31,Released,The Ruins,5.6,265,Drama,Horror,,,,Spyglass Entertainment,Pacific Film and Television Commission,DreamWorks Pictures,Red Hour Films,,,
25000000,1831,English,3.707511,03-03-2000,24362772,01:48,Released,The Next Best Thing,4.3,29,Comedy,,,,,Paramount Pictures,Lakeshore Entertainment,,,,,
25000000,43931,English,7.001176,08-10-2010,19829957,01:47,Released,My Soul to Take,5.2,147,Drama,Horror,Mystery,Thriller,,Relativity Media,Rogue,,,,,
25000000,10591,English,39.784026,09-04-2004,30411183,01:48,Released,The Girl Next Door,6.3,824,Comedy,,,,,Regency Enterprises,Epsilon Motion Pictures,New Regency Pictures,Daybreak,,,
25000000,10861,English,10.115011,13-09-1996,51702483,01:40,Released,Maximum Risk,5.2,101,Action,Adventure,Thriller,,,Columbia Pictures,,,,,,
0,12770,English,7.321181,13-09-2002,0,01:25,Released,Stealing Harvard,4.4,46,Action,Comedy,Drama,,,Columbia Pictures,Imagine Entertainment,Revolution Studios,,,,
25000000,276907,English,32.854557,09-09-2015,42972994,02:11,Released,Legend,6.7,973,Crime,Thriller,,,,Working Title Films,Cross Creek Pictures,Anton Capital Entertainment (ACE),,,,
0,10074,English,6.309587,03-08-2007,14334401,01:28,Released,Hot Rod,6.3,313,Action,Comedy,,,,Paramount Pictures,,,,,,
28000000,65055,English,8.363702,02-09-2011,10126458,01:31,Released,Shark Night,4.9,132,Horror,Thriller,,,,Incentive Filmed Entertainment,,,,,,
25,10397,English,4.88794,25-12-1999,13,02:25,Released,Angela's Ashes,7,59,Drama,,,,,Paramount Pictures,Universal Pictures,,,,,
25000000,200505,English,14.17009,11-04-2014,28831145,01:49,Released,Draft Day,6.5,304,Drama,,,,,Summit Entertainment,Lionsgate,,,,,
25000000,11954,English,12.18362,20-06-1985,0,01:56,Released,Lifeforce,6.2,135,Fantasy,Horror,Science Fiction,Thriller,,TriStar Pictures,Golan-Globus,Easedram,,,,
25000000,60309,English,9.169271,10-09-2010,15478800,02:02,Released,The Conspirator,6.2,137,Crime,Drama,History,,,Wildwood Enterprises,American Film Company,,,,,
25000000,9787,English,8.127728,03-06-2005,13411957,01:47,Released,Lords of Dogtown,7,210,Drama,,,,,Columbia Pictures,TriStar Pictures,,,,,
25000000,293646,English,10.699952,06-08-2015,24902723,02:00,Released,The 33,6,378,Drama,History,,,,Alcon Entertainment,Phoenix Pictures,Fabula,Half Circle,,,
25000000,6978,English,29.796394,30-05-1986,11000000,01:39,Released,Big Trouble in Little China,7.1,705,Action,Adventure,Comedy,Fantasy,,Twentieth Century Fox Film Corporation,TAFT Entertainment Pictures,,,,,
0,133698,French,11.60921,29-10-2012,0,01:44,Released,Fly Me to the Moon,5.6,194,Comedy,Romance,,,,TF1 Films Production,Quad Productions,,,,,
25000000,59440,English,51.915025,09-09-2011,23057115,02:20,Released,Warrior,7.7,1272,Action,Drama,,,,Solaris Film,Lionsgate,Mimran Schur Pictures,Filmtribe,,,
28000000,1770,English,8.314624,25-10-1996,16900000,02:12,Released,Michael Collins,6.7,97,Drama,Thriller,,,,Geffen Pictures,Warner Bros.,,,,,
0,10655,English,5.529035,08-10-1993,25000000,04:14,Released,Gettysburg,6.6,90,War,Drama,History,,,TriStar Television,Esparza / Katz Productions,,,,,
25000000,8988,English,4.002579,28-03-2008,11207130,01:53,Released,Stop-Loss,6.1,82,Drama,War,,,,Paramount Pictures,Scott Rudin Productions,MTV Films,Peirce Pictures,,,
25000000,15992,English,3.888776,14-10-2002,10719357,01:39,Released,Abandon,4.6,45,Drama,Mystery,Thriller,,,Paramount Pictures,Spyglass Entertainment,Touchstone Pictures,,,,
25000000,17707,English,7.296459,13-08-1999,13000000,01:40,Released,Brokedown Palace,6.2,111,Drama,Thriller,,,,Twentieth Century Fox Film Corporation,Fox 2000 Pictures,Adam Fields Productions,Two Girls Productions,,,
14000000,77883,English,21.680424,30-08-2012,85446075,01:32,Released,The Possession,5.8,498,Horror,Thriller,,,,Ghost House Pictures,North Box Productions,,,,,
25000000,40001,English,7.946769,19-04-1996,10070000,01:45,Released,Mrs. Winterbourne,5.3,25,Comedy,Romance,Drama,,,TriStar Pictures,,,,,,
25000000,64639,English,7.473455,16-09-2011,10324441,01:50,Released,Straw Dogs,5.5,144,Drama,Thriller,,,,Battleplan Productions,,,,,,
25000000,9903,English,5.073536,14-10-2006,11772461,01:56,Released,The Hoax,6.4,60,Comedy,Drama,,,,Miramax Films,The Mark Gordon Company,Yari Film Group,Bob Yari Productions,,,
0,21338,English,3.623002,17-05-1991,0,01:32,Released,Stone Cold,5.7,34,Action,Crime,Thriller,,,Stone Group Pictures,Vision International,,,,,
32000000,20766,English,41.075532,25-11-2009,27635305,01:51,Released,The Road,6.8,1087,Adventure,Drama,,,,2929 Productions,Dimension Films,Nick Wechsler Productions,Chockstone Pictures,,,
25000000,24264,English,4.020194,17-08-1984,5778353,01:57,Released,Sheena,5,22,Action,Adventure,Comedy,Fantasy,Science Fiction,Columbia Pictures Corporation,Delphi II Productions,Colgems Productions Ltd.,,,,
0,19803,English,2.083856,02-09-2005,0,01:35,Released,Underclassman,5.5,28,Action,Comedy,,,,Miramax Films,,,,,,
25000000,20309,English,2.909346,12-03-2001,0,01:35,Released,Say It Isn't So,4.8,47,Comedy,Romance,,,,Twentieth Century Fox Film Corporation,Conundrum Entertainment,Say It Isn't So Productions,,,,
25000000,9912,English,8.450513,12-10-2005,0,02:07,Released,The World's Fastest Indian,7.3,166,Drama,,,,,New Zealand Film Commission,2929 Productions,OLC / Rights Entertainment,Tanlay,,,
25000000,9067,English,8.186936,31-03-1995,4064495,01:38,Released,Tank Girl,5.5,138,Action,Comedy,Fantasy,Science Fiction,,Trilogy Entertainment Group,,,,,,
0,27360,English,5.079017,22-04-2005,0,01:35,Released,King's Ransom,5.1,14,Comedy,Crime,,,,[],,,,,,
25000000,8338,English,17.603823,14-05-2008,19844979,02:01,Released,Blindness,6.4,387,Drama,Mystery,Science Fiction,Thriller,,Rhombus Media,O2 Filmes,T\u00e9l\u00e9film Canada,Bee Vine Pictures,,,
25000000,168705,English,7.008216,22-10-2005,2405420,01:35,Released,BloodRayne,3.5,118,Action,Adventure,Fantasy,Horror,,Boll KG,,,,,,
25000000,72113,English,20.011435,16-09-2011,27603069,01:20,Released,Carnage,7,738,Comedy,Drama,,,,Wild Bunch,Zanagar Films,Canal+,Constantin Film Produktion,,,
25000000,9729,English,4.051221,07-10-2005,0,01:47,Released,Where the Truth Lies,5.9,66,Drama,Mystery,Thriller,,,Serendipity Point Films,,,,,,
0,94352,English,5.987486,09-11-2012,34153101,01:31,Released,Cirque du Soleil: Worlds Away,6.1,58,Fantasy,Family,,,,Reel FX Creative Studios,,,,,,
25000000,22256,English,3.849873,11-09-1998,777423,01:57,Released,Without Limits,6.2,19,Drama,,,,,Cruise/Wagner Productions,Warner Bros.,,,,,
25000000,12404,English,3.593165,25-11-2009,2336172,01:54,Released,Me and Orson Welles,6.6,49,Comedy,Drama,Romance,,,Isle of Man Film,Freestyle Releasing,CinemaNX,,,,
13500000,152742,English,30.058263,01-01-2013,19255873,02:04,Released,The Best Offer,7.7,704,Drama,Romance,Crime,Mystery,,Paco Cinematografica,Warner Bros.,Regione Lazio,Business Location Sudtirol Alto Adige,,,
25000000,11699,English,17.339852,11-09-2009,10589102,02:02,Released,The Bad Lieutenant: Port of Call - New Orleans,6,326,Drama,Crime,,,,Saturn Films,Nu Image Films,Edward R. Pressman Film,Millennium Films,,,
0,49953,English,15.805449,03-08-2010,0,01:28,Released,A Turtle's Tale: Sammy's Adventures,5.6,151,Animation,Family,,,,Motion Investment Group,nWave Pictures,Illuminata Pictures,,,,
25000000,48034,French,15.279021,20-10-2010,48531470,02:34,Released,Little White Lies,7.1,380,Comedy,Drama,,,,M6 Films,Les Productions du Tr\u00e9sor,EuropaCorp,,,,
0,39845,English,5.000126,30-06-2010,0,01:57,Released,Love Ranch,6,21,Drama,,,,,Capitol Films,Rising Star,,,,,
0,25353,French,1.684948,01-04-2009,0,01:22,Released,The True Story of Puss 'n Boots,3.8,7,Family,Adventure,Animation,,,Herold and Family,,,,,,
25000000,36696,Russian,5.753564,18-03-2010,6500000,01:25,Released,Space Dogs,6.3,10,Family,Animation,,,,CN Film,,,,,,
25000000,109091,English,35.022029,25-10-2013,71009334,01:57,Released,The Counselor,5,712,Thriller,Crime,Drama,,,Ingenious Media,Fox 2000 Pictures,Scott Free Productions,Kanzaman,,,
25000000,38543,English,12.31708,03-03-2011,0,02:01,Released,Ironclad,6.2,227,Romance,Adventure,Action,History,,Rising Star,Premiere Picture,Mythic International Entertainment,Film & Entertainment VIP Medienfonds 4 GmbH & Co. KG (I),,,
25000000,33157,English,1.894749,26-10-1970,3052000,02:08,Released,Waterloo,7,31,History,Action,Drama,,,Paramount Pictures,Dino de Laurentiis Cinematografica,Mosfilm,,,,
25000000,290864,Chinese,6.895866,31-10-2014,0,01:40,Released,Kung Fu Jungle,6.5,114,Crime,Action,Thriller,,,Emperor Motion Pictures,Heart & Soul Production,Beijing Silver Moon Productions,,,,
25000000,242166,English,3.344158,12-03-2014,0,01:40,Released,Red Sky,4.1,26,Action,Thriller,,,,Aldamisa Entertainment,MVP Films,Invest Capital Film Group,Live Screen Pictures,,,
14000000,859,English,14.480628,16-12-1988,34670720,01:59,Released,Dangerous Liaisons,7,257,Drama,Romance,,,,Lorimar Film Entertainment,Warner Bros.,NFH Productions,,,,
25000000,83770,English,14.613152,22-05-2012,8784318,02:17,Released,On the Road,5.5,301,Adventure,Drama,,,,American Zoetrope,France 2 Cin\u00e9ma,VideoFilmes,Vanguard Films,,,
24000000,168,English,22.258428,25-11-1986,133000000,01:59,Released,Star Trek IV: The Voyage Home,6.9,477,Science Fiction,Adventure,,,,Paramount Pictures,,,,,,
24000000,1246,English,30.445257,20-12-2006,155721132,01:42,Released,Rocky Balboa,6.5,835,Drama,,,,,Columbia Pictures,Revolution Studios,Rogue Marble,Metro-Goldwyn-Mayer (MGM),,,
24000000,4233,English,35.244037,09-12-1997,172363301,02:00,Released,Scream 2,6.1,840,Horror,Mystery,,,,Miramax Films,Konrad Pictures,Maven Entertainment,Dimension Films,,,
25000000,174751,English,15.333575,01-01-2016,1397284,01:38,Released,Jane Got a Gun,5.4,285,Action,Drama,Western,,,Handsomecharlie Films,Unanimous Pictures,Straight Up Films,1821 Pictures,,,
24000000,184098,English,15.237142,20-06-2014,70181428,01:45,Released,Think Like a Man Too,6.4,225,Comedy,Romance,,,,Will Packer Productions,,,,,,
41300000,2069,English,23.441135,18-02-2000,106371651,01:38,Released,The Whole Nine Yards,6.2,531,Comedy,Crime,,,,Franchise Pictures,Warner Bros.,Morgan Creek Productions,Nine Yards Productions,,,
8200000,1788,English,25.03414,17-02-1984,80035402,01:47,Released,Footloose,6.4,505,Drama,Family,Music,Romance,,Paramount Pictures,IndieProd Company Productions,,,,,
24000000,11635,English,24.70166,21-02-2003,87055349,01:31,Released,Old School,6.6,541,Comedy,,,,,DreamWorks SKG,The Montecito Picture Company,,,,,
24000000,177,English,16.146572,09-09-1991,41895491,02:17,Released,The Fisher King,7.2,341,Comedy,Drama,,,,TriStar Pictures,,,,,,
65000000,3600,English,20.793026,13-11-1998,40002112,01:40,Released,I Still Know What You Did Last Summer,5.1,374,Horror,Mystery,Thriller,,,Columbia Pictures,Mandalay Entertainment,Summer Knowledge LLC,,,,
24000000,2621,English,5.771479,07-04-2000,36609995,01:55,Released,Return to Me,6.1,67,Romance,Comedy,Drama,,,Metro-Goldwyn-Mayer (MGM),JLT Productions,,,,,
24000000,10358,English,27.326466,18-09-2008,42105111,01:42,Released,Zack and Miri Make a Porno,6.1,721,Comedy,,,,,Blue Askew,View Askew Productions,,,,,
24000000,10480,English,3.572339,08-09-2000,0,01:48,Released,Nurse Betty,5.9,111,Comedy,Crime,Thriller,,,Gramercy Pictures,USA Films,Intermedia,,,,
24000000,10313,English,20.69219,17-10-2009,68729358,01:33,Released,The Men Who Stare at Goats,5.9,742,Comedy,War,,,,BBC Films,Smoke House,Ruby Films,,,,
0,18828,English,1.903405,12-01-2001,0,01:28,Released,Double Take,5.5,24,Adventure,Drama,Action,Comedy,Romance,Touchstone Pictures,,,,,,
40000000,3558,English,10.713521,21-12-1999,0,02:07,Released,"Girl, Interrupted",7.6,721,Drama,,,,,Columbia Pictures Corporation,3 Arts Entertainment,Global Entertainment Productions GmbH & Company Medien KG,Red Wagon Entertainment,,,
17000000,13476,English,7.701041,23-01-2004,16980098,01:35,Released,Win a Date with Tad Hamilton!,5.5,160,Comedy,Romance,,,,DreamWorks SKG,,,,,,
24000000,10208,English,6.589193,14-07-1999,16290976,01:27,Released,Muppets from Space,5.8,92,Fantasy,Comedy,Science Fiction,Family,,Columbia Pictures,"Jim Henson Company, The",,,,,
24000000,24961,English,2.753313,24-10-1978,21049053,02:14,Released,The Wiz,5.9,58,Adventure,Family,Fantasy,Music,,Universal Pictures,Motown Productions,,,,,
24000000,20697,English,3.113009,07-04-2000,12372410,01:47,Released,Ready to Rumble,4.7,49,Action,Comedy,Drama,,,Bel Air Entertainment,Warner Bros.,,,,,
24000000,20761,English,5.566203,25-12-1999,8434146,02:04,Released,Play It to the Bone,5.7,53,Comedy,Drama,,,,Touchstone Pictures,,,,,,
24000000,70868,English,8.630825,16-09-2011,30551495,01:29,Released,I Don't Know How She Does It,5,141,Romance,Comedy,,,,The Weinstein Company,,,,,,
24000000,43593,English,23.343839,20-08-2010,83188165,01:28,Released,Piranha 3D,5.3,581,Comedy,Horror,,,,The Weinstein Company,Atmosphere Entertainment MM,Chako Film Company,Dimension Films,,,
23000000,6478,English,6.138213,17-12-2004,0,01:58,Released,Beyond the Sea,6.5,55,Drama,Music,,,,Lionsgate,,,,,,
24000000,40688,English,2.353441,27-03-1998,4562146,01:33,Released,Meet the Deedles,4.1,19,Animation,Comedy,Family,,,Walt Disney Pictures,,,,,,
28000000,26672,English,2.439184,23-09-1993,669276,01:12,Released,The Thief and the Cobbler,6.8,26,Adventure,Fantasy,Animation,Science Fiction,Family,Miramax Films,Allied Filmmakers,Richard Williams Productions,,,,
0,45881,English,0.515677,01-01-2004,0,02:00,Released,The Bridge of San Luis Rey,5.4,15,Romance,Drama,,,,[],,,,,,
24000000,41283,English,26.324874,23-11-2010,23081726,01:38,Released,Faster,6.1,568,Crime,Drama,Action,Thriller,,Castle Rock Entertainment,TriStar Pictures,State Street Pictures,CBS Films,,,
24000000,4935,Japanese,49.549984,19-11-2004,234710455,01:59,Released,Howl's Moving Castle,8.2,1991,Fantasy,Animation,Adventure,,,Studio Ghibli,Buena Vista Home Entertainment,Mitsubishi,d-rights,,,
23600000,19908,English,57.300674,07-10-2009,102391382,01:28,Released,Zombieland,7.2,3550,Comedy,Horror,,,,Columbia Pictures,Relativity Media,Pariah,,,,
23000000,10663,English,23.839127,06-11-1998,185991646,01:30,Released,The Waterboy,5.9,512,Comedy,,,,,Touchstone Pictures,,,,,,
18000000,1891,English,78.51783,17-05-1980,538400000,02:04,Released,The Empire Strikes Back,8.2,5879,Adventure,Action,Science Fiction,,,Lucasfilm,Twentieth Century Fox Film Corporation,,,,,
19000000,9737,English,33.872182,07-04-1995,141407024,01:58,Released,Bad Boys,6.5,1699,Action,Comedy,Crime,Thriller,,Columbia Pictures,Don Simpson/Jerry Bruckheimer Films,,,,,
23000000,37137,English,27.33256,28-06-1991,86930411,01:25,Released,The Naked Gun 2½: The Smell of Fear,6.6,546,Comedy,Crime,,,,Paramount Pictures,,,,,,
23000000,9532,English,38.799596,16-03-2000,53302314,01:38,Released,Final Destination,6.4,1378,Horror,,,,,New Line Cinema,Zide-Perry Productions,Hard Eight Pictures,,,,
12500000,10316,English,20.317469,24-09-2011,75993061,01:41,Released,The Ides of March,6.5,910,Drama,,,,,Appian Way,Crystal City Entertainment,Cross Creek Pictures,Exclusive Media Group,,,
23000000,2787,English,18.493202,18-02-2000,53187659,01:48,Released,Pitch Black,6.7,1789,Thriller,Science Fiction,Action,,,Interscope Communications,,,,,,
23000000,12658,English,7.901891,30-03-2001,0,01:37,Released,Someone Like You...,6,118,Comedy,Romance,,,,Fox 2000 Pictures,Lynda Obst Productions,,,,,
23000000,152601,English,53.682367,18-12-2013,47351251,02:06,Released,Her,7.9,4097,Romance,Science Fiction,Drama,,,Warner Bros.,Annapurna Pictures,,,,,
23000000,10866,English,11.183197,05-10-2001,36642838,01:37,Released,Joy Ride,6.3,325,Mystery,Thriller,Drama,,,Regency Enterprises,Epsilon Motion Pictures,LivePlanet,New Regency Pictures,,,
25000000,227707,English,8.842722,05-12-2013,6399,01:39,Released,The Adventurer: The Curse of the Midas Box,5.1,73,Fantasy,Adventure,Family,,,Matador Pictures,Arcadia Motion Pictures,uFilm,"Afrodita Audiovisual, A.I.E.",,,
23000000,21349,English,8.976738,12-11-1999,18653615,01:54,Released,Anywhere But Here,5.9,66,Drama,Comedy,Romance,,,Twentieth Century Fox Film Corporation,Fox 2000 Pictures,,,,,
0,19150,English,2.634119,21-08-2000,0,01:28,Released,The Crew,6.4,11,Action,Comedy,,,,Touchstone Pictures,,,,,,
23000000,70435,English,26.257951,06-11-2011,33372606,01:33,Released,Haywire,5.6,505,Action,Thriller,,,,Irish Film Board,Relativity Media,,,,,
23000000,580,English,12.777008,17-07-1987,51881013,01:29,Released,Jaws: The Revenge,3.5,224,Adventure,Thriller,,,,Universal Pictures,,,,,,
0,9819,English,6.130231,18-12-1996,0,01:38,Released,Marvin's Room,6.6,124,Drama,,,,,Miramax Films,Scott Rudin Productions,Tribeca Productions,,,,
0,13579,English,4.030724,22-08-2008,0,01:34,Released,The Longshots,6.5,11,Drama,Family,,,,Cube Vision,,,,,,
23000000,20024,English,6.921263,03-12-1999,10827816,01:42,Released,The End of the Affair,6.6,55,Drama,,,,,Columbia Pictures Corporation,,,,,,
23000000,2453,English,12.869436,23-08-1991,7434726,01:38,Released,Harley Davidson and the Marlboro Man,6.1,82,Action,Thriller,,,,Metro-Goldwyn-Mayer (MGM),Krisjair,Laredo,,,,
23000000,6973,English,15.676123,31-08-2007,29541790,02:04,Released,In the Valley of Elah,6.6,261,History,Drama,Thriller,Crime,Mystery,Summit Entertainment,Blackfriars Bridge Films,NALA Films,Samuels Media,,,
0,11156,French,8.426589,22-04-2009,0,01:50,Released,Coco Before Chanel,6.6,246,Drama,History,,,,France 2 Cin\u00e9ma,Haut et Court,SCOPE Invest,Cin\u00e9@,,,
11000000,354110,English,11.071522,16-09-2015,0,01:30,Released,Forsaken,5.8,101,Western,Drama,,,,Minds Eye Entertainment,Panacea Entertainment,Moving Pictures Media,,,,
23000000,22215,English,5.494047,10-02-2009,9366227,01:26,Released,Cheri,5.9,56,Drama,Comedy,Romance,,,Path\u00e9 Renn Productions,UK Film Council,Aramid Entertainment Fund,Canal+,,,
23000000,11632,English,6.618149,01-09-2004,16123851,02:21,Released,Vanity Fair,5.5,73,Drama,Romance,,,,Alliance Films,Focus Features,,,,,
23000000,30596,Chinese,7.876883,18-12-2009,5837674,02:19,Released,Bodyguards and Assassins,6.5,57,Drama,Action,History,,,China Film Group Corporation,,,,,,
25000000,3021,English,35.169779,12-07-2007,94679598,01:44,Released,1408,6.5,1343,Horror,Thriller,,,,The Weinstein Company,Di Bonaventura Pictures,Dimension Films,,,,
22700000,957,English,39.890798,24-06-1987,38119483,01:36,Released,Spaceballs,6.7,902,Comedy,Science Fiction,,,,Brooksfilms Ltd.,Metro-Goldwyn-Mayer (MGM),,,,,
22500000,256917,English,22.096286,25-12-2014,15520023,01:52,Released,The Water Diviner,6.8,431,War,Drama,,,,Hopscotch Features,Fear of God Films,,,,,
22000000,251,English,41.967005,12-07-1990,505000000,02:07,Released,Ghost,6.9,1339,Fantasy,Drama,Thriller,Mystery,Romance,Paramount Pictures,,,,,,
23000000,544,English,57.110486,15-07-1998,369884651,01:59,Released,There's Something About Mary,6.5,1590,Romance,Comedy,,,,Twentieth Century Fox Film Corporation,,,,,,
22000000,11395,English,16.234053,10-11-1994,189833357,01:37,Released,The Santa Clause,6.3,489,Fantasy,Drama,Comedy,Family,,Walt Disney Pictures,Hollywood Pictures,,,,,
20000000,14635,English,11.263361,25-03-2002,75597042,02:07,Released,The Rookie,6.5,110,Drama,Family,,,,Walt Disney Pictures,Gran Via Productions,98 MPH Productions,,,,
22000000,13680,English,20.699212,28-09-2007,147880543,01:50,Released,The Game Plan,6,428,Comedy,Family,,,,Walt Disney Pictures,Mayhem Pictures,Monkey Dance Productions,,,,
24000000,688,English,17.606087,28-05-1995,182016617,02:15,Released,The Bridges of Madison County,7.3,385,Drama,Romance,,,,Amblin Entertainment,Malpaso Productions,Warner Bros.,,,,
22000000,11090,English,13.786075,01-06-2001,84772742,01:24,Released,The Animal,4.6,304,Action,Comedy,,,,Revolution Studios,Happy Madison Productions,,,,,
22000000,783,English,35.227212,30-11-1982,77737889,03:11,Released,Gandhi,7.4,716,Drama,History,,,,Columbia Pictures,Goldcrest Films International,Indo-British,International Film Investors,,,
22000000,228194,English,27.898438,06-08-2014,88880821,02:02,Released,The Hundred-Foot Journey,7.3,508,Drama,,,,,Amblin Entertainment,Harpo Films,Participant Media,Imagenation Abu Dhabi FZ,,,
22000000,1642,English,23.218144,28-07-1995,110627965,01:54,Released,The Net,5.6,354,Crime,Drama,Mystery,Thriller,Action,Columbia Pictures,,,,,,
22000000,10950,English,26.071644,28-12-2001,92542418,02:12,Released,I Am Sam,7.2,530,Drama,,,,,New Line Cinema,,,,,,
22000000,235260,English,9.175762,28-02-2014,67800064,02:18,Released,Son of God,5.9,83,Drama,,,,,Hearst Entertainment Productions,LightWorkers Media,,,,,
22000000,277,English,81.829237,19-09-2003,95708457,02:01,Released,Underworld,6.6,2512,Fantasy,Action,Thriller,,,Lakeshore Entertainment,Laurinfilm,Subterranean Productions LLC,Subterranean Productions UK Ltd.,,,
22000000,8999,English,17.7091,11-11-2005,57479076,01:48,Released,Derailed,6.1,319,Drama,Thriller,,,,Miramax Films,Di Bonaventura Pictures,Patalex V Productions Limited,,,,
22000000,11323,English,17.772518,18-09-2009,35424826,01:48,Released,The Informant!,6,301,Drama,Comedy,Crime,,,Section Eight,Groundswell Productions,Warner Bros.,Participant Media,,,
22000000,10445,English,5.609755,25-12-1993,0,02:11,Released,Shadowlands,6.8,61,Drama,Romance,,,,Shadowlands Productions,Savoy Pictures,,,,,
22000000,11453,English,10.259461,06-08-2005,22400154,01:23,Released,Deuce Bigalow: European Gigolo,4.7,225,Comedy,,,,,Columbia Pictures Corporation,Out of the Blue... Entertainment,Happy Madison Productions,,,,
26000000,146239,English,30.114383,10-10-2013,51164106,01:45,Released,Delivery Man,6.2,551,Comedy,,,,,DreamWorks SKG,Touchstone Pictures,,,,,
0,205588,English,10.547959,05-05-2016,9930095,01:48,Released,Our Kind of Traitor,6,160,Thriller,,,,,StudioCanal,Film4,Anton Capital Entertainment (ACE),The Ink Factory,,,
22000000,10878,English,12.887673,09-02-2001,19351569,01:30,Released,Saving Silverman,5.4,154,Comedy,Crime,Romance,,,Village Roadshow Pictures,NPV Entertainment,Columbia Pictures Corporation,,,,
22000000,82650,English,13.410919,02-08-2012,77112176,01:34,Released,Diary of a Wimpy Kid: Dog Days,6,223,Comedy,Family,,,,Fox 2000 Pictures,,,,,,
0,10279,English,3.70789,02-07-1999,0,02:22,Released,Summer of Sam,6.3,112,Thriller,Drama,Crime,Romance,,40 Acres & A Mule Filmworks,Touchstone Pictures,,,,,
22000000,2294,English,21.865021,22-08-2001,33788161,01:44,Released,Jay and Silent Bob Strike Back,6.4,480,Comedy,,,,,Dimension Films,View Askew Productions,Miramax,,,,
30000000,2176,English,9.448517,14-09-2001,23619609,01:46,Released,The Glass House,5.4,201,Drama,Thriller,,,,Original Film,,,,,,
22000000,270487,English,39.006187,05-02-2016,63647656,01:46,Released,"Hail, Caesar!",5.7,1309,Comedy,Drama,Mystery,,,Universal Pictures,Mike Zoss Productions,Working Title Films,,,,
22000000,19366,English,6.404571,06-04-2001,0,01:38,Released,Josie and the Pussycats,5.3,72,Comedy,Music,,,,Universal Pictures,Marc Platt Productions,Metro-Goldwyn-Mayer (MGM),Riverdale Productions,,,
22000000,204082,English,35.737655,27-11-2013,43058898,01:40,Released,Homefront,6.4,875,Action,Thriller,,,,Millennium Films,Open Road Films,,,,,
22000000,24100,English,4.365196,27-10-2000,13555988,01:35,Released,The Little Vampire,6.1,77,Family,Horror,,,,New Line Cinema,,,,,,
22000000,1599,English,14.925633,10-09-2004,0,01:46,Released,I Heart Huckabees,6.2,239,Comedy,Romance,,,,Fox Searchlight Pictures,Scott Rudin Productions,Qwerty Films,N1 European Film Produktions GmbH & Co. KG,,,
22000000,5550,English,14.725467,17-04-1993,10696210,01:44,Released,RoboCop 3,4.2,305,Action,Adventure,Crime,Science Fiction,Thriller,Orion Pictures,,,,,,
0,30379,English,0.809588,07-09-2001,0,01:44,Released,Megiddo: The Omega Code 2,3.6,8,Action,Science Fiction,Thriller,,,Infinity Omnimedia,TBN Films,,,,,
0,42586,English,0.816883,01-01-1970,0,01:47,Released,Darling Lili,4.9,8,Drama,Comedy,Thriller,Music,Romance,Paramount Pictures,Geoffrey Productions,,,,,
70000000,17709,English,8.792054,27-08-1999,0,01:17,Released,Dudley Do-Right,3.8,48,Comedy,Family,Romance,,,Universal Pictures,Joseph M. Singer Entertainment,Davis Entertainment,,,,
25000000,287948,English,25.002715,03-09-2015,72629670,01:36,Released,The Transporter Refueled,5.2,559,Thriller,Action,Crime,,,EuropaCorp,,,,,,
0,7548,English,7.588597,16-09-2004,0,01:54,Released,The Libertine,5.9,128,Drama,Romance,,,,First Choice Films,Isle of Man Film,,,,,
21000000,9075,Dutch,13.906611,01-09-2006,26193068,02:25,Released,Black Book,7.2,277,Drama,Thriller,War,,,CoBo Fund,Studio Babelsberg,Motel Films,Motion Investment Group,,,
22000000,11661,French,13.960945,09-11-2005,17709155,01:56,Released,Joyeux Noël,7.2,212,Romance,Drama,History,War,Music,Senator Film Produktion,Media Pro Pictures,TF1 Films Production,Nord-Ouest Productions,,,
2000000,109513,English,16.668854,22-08-2012,14400000,01:40,Released,Hit & Run,5.5,224,Action,Comedy,Romance,,,Primate Pictures,Kim and Jim Productions,Panay Films,Exclusive Media Group,,,
0,12085,English,6.847133,17-01-2008,0,01:44,Released,Mad Money,5.9,140,Action,Comedy,Crime,,,Millennium Films,verture Films,,,,,
22000000,204922,English,48.784734,03-09-2014,15447154,01:32,Released,Before I Go to Sleep,6.2,659,Mystery,Thriller,,,,StudioCanal,Scott Free Productions,Millennium Films,Film i V\u00e4st,,,
22000000,38985,English,9.088209,24-06-1977,12000000,02:01,Released,Sorcerer,7.4,98,Action,Thriller,Adventure,,,Paramount Pictures,Universal Pictures,Film Properties International N.V.,,,,
22000000,44113,English,12.445176,07-10-2010,9479718,01:45,Released,Stone,5.2,192,Drama,,,,,Stone Productions,Mimran Schur Pictures,,,,,
0,21494,French,4.61335,31-01-2007,0,01:55,Released,Moliere,6.7,45,Romance,Drama,Comedy,,,[],,,,,,
22000000,164457,English,29.230298,06-12-2013,15400000,01:56,Released,Out of the Furnace,6.5,720,Thriller,Drama,Crime,,,Appian Way,Scott Free Productions,Relativity Media,Energy Entertainment,,,
25000000,4566,English,18.961323,28-09-2007,92991835,01:59,Released,Michael Clayton,6.5,501,Drama,Mystery,Crime,,,Castle Rock Entertainment,Mirage Enterprises,Section Eight Productions,,,,
0,17795,English,2.809378,20-12-1996,0,01:41,Released,My Fellow Americans,6.3,46,Comedy,Drama,,,,Warner Bros.,Storyline Entertainment,Peters Entertainment,,,,
21500000,1073,English,12.819447,19-03-1999,0,01:57,Released,Arlington Road,7,239,Drama,Thriller,Mystery,,,Lakeshore Entertainment,Screen Gems,Arlington Road Productions Corporation,Gorai / Samuelson Productions,,,
22000000,153158,Spanish,14.866351,18-07-2013,24000000,01:46,Released,Underdogs,6,122,Animation,Adventure,Romance,,,100 Bares,Ministerio de Cultura,Instituto de Cr\u00e9dito Oficial (ICO),Televisi\u00f3n Federal (Telefe),,,
17000000,81836,English,15.013386,20-04-2012,73244881,01:51,Released,To Rome with Love,5.6,546,Romance,Comedy,,,,Gravier Productions,Medusa Film,Mediapro,Perdido Productions,,,
18000000,10724,English,8.700565,13-06-1982,70687344,02:16,Released,Firefox,5.5,139,Science Fiction,Action,Adventure,Thriller,,Malpaso Productions,,,,,,
21000000,9473,English,27.197799,30-06-1999,0,01:21,Released,"South Park: Bigger, Longer & Uncut",7.1,893,Animation,Comedy,Music,,,Paramount Pictures,Scott Rudin Productions,Comedy Central,Warner Bros.,,,
9000000,2196,English,20.410354,09-02-2007,46,01:30,Released,Death at a Funeral,6.9,497,Comedy,Drama,,,,Sidney Kimmel Entertainment,Parabolic Pictures,Stable Way Entertainment,Target Media Entertainment,,,
21000000,1499,English,10.207065,17-03-1993,42000000,01:36,Released,Teenage Mutant Ninja Turtles III,5.1,184,Action,Adventure,Comedy,Family,Fantasy,New Line Cinema,Golden Harvest Pictures,Clearwater Holdings Limited,,,,
32000000,20857,English,5.683281,14-09-2001,40222729,01:46,Released,Hardball,6.3,123,Comedy,Romance,,,,Paramount Pictures,GHS Productions KG,Munich Film Partners & Company (MFP) GHS Productions,Nides/McCormick Productions,,,
21000000,82693,English,63.599973,08-09-2012,205738714,02:02,Released,Silver Linings Playbook,6.9,4742,Drama,Comedy,Romance,,,The Weinstein Company,,,,,,
21000000,1646,English,17.746981,05-01-2007,41170784,02:03,Released,Freedom Writers,7.5,356,Crime,Drama,,,,Double Feature Films,Jersey Films,Kernos Filmproduktionsgesellschaft & Company,,,,
0,44944,English,1.934524,05-11-2010,37000000,02:14,Released,For Colored Girls,7,22,Drama,,,,,Lions Gate Films,,,,,,
21000000,4108,English,34.433521,02-10-2002,43928932,01:32,Released,The Transporter,6.6,1692,Action,Crime,Thriller,,,TF1 Films Productions,Current Entertainment,Canal+,EuropaCorp,,,
20000000,8456,English,26.21425,04-03-2008,41627431,01:55,Released,Never Back Down,6.4,497,Drama,Action,,,,Summit Entertainment,Mandalay Pictures,Baumgarten Management and Productions (BMP),,,,
21000000,7341,English,4.781538,11-03-1999,17762705,01:44,Released,The Rage: Carrie 2,5.1,76,Horror,Thriller,Science Fiction,,,United Artists,Red Bank Films,,,,,
17000000,19255,English,10.13559,05-06-2009,14899417,01:38,Released,Away We Go,6.7,189,Drama,Comedy,Romance,,,Neal Street Productions,Focus Features,Big Beach Films,,,,
21000000,10187,English,5.815881,01-08-2008,17600000,02:00,Released,Swing Vote,5.8,65,Drama,Comedy,,,,Touchstone Pictures,,,,,,
21000000,31005,English,8.982335,09-09-2002,10011050,01:57,Released,Moonlight Mile,6.5,52,Romance,Drama,,,,Punch Productions,Touchstone Pictures,Hyde Park Entertainment,Reveal Entertainment,,,
30000000,49517,English,33.649652,16-09-2011,0,02:07,Released,Tinker Tailor Soldier Spy,6.6,840,Drama,Thriller,Mystery,,,StudioCanal,Kinowelt Filmproduktion,Canal+,Cin\u00e9Cin\u00e9ma,,,
0,44857,English,2.636193,22-10-1999,0,01:42,Released,Molly,5.5,14,Drama,Comedy,Romance,,,Metro-Goldwyn-Mayer (MGM),Absolute Entertainment (II),Cockamamie,Heckerling-Caplan,,,
21000000,50780,English,13.847872,11-02-2011,970816,01:31,Released,The Beaver,6.3,276,Drama,,,,,Summit Entertainment,Participant Media,Imagenation Abu Dhabi FZ,Anonymous Content,,,
35000000,16363,English,4.189378,23-07-1982,69701637,01:54,Released,The Best Little Whorehouse in Texas,5.9,41,Comedy,,,,,Universal Pictures,RKO,,,,,
15000000,1946,English,21.928025,14-04-1999,2856712,01:37,Released,eXistenZ,6.7,475,Action,Thriller,Science Fiction,Horror,,Alliance Atlantis Communications,Natural Nylon Entertainment,Serendipity Point Films,T\u00e9l\u00e9film Canada,,,
18000000,85,English,68.159596,12-06-1981,389925971,01:55,Released,Raiders of the Lost Ark,7.7,3854,Adventure,Action,,,,Lucasfilm,Paramount Pictures,,,,,
18000000,772,English,81.487685,19-11-1992,358991681,02:00,Released,Home Alone 2: Lost in New York,6.3,2395,Comedy,Family,Adventure,Crime,,Twentieth Century Fox Film Corporation,Hughes Entertainment,,,,,
20000000,840,English,52.456505,16-11-1977,303788635,02:15,Released,Close Encounters of the Third Kind,7.2,1098,Science Fiction,Drama,,,,Columbia Pictures Corporation,EMI Films,Julia Phillips and Michael Phillips Productions,,,,
38000000,9682,English,9.662715,11-08-2006,29907685,01:30,Released,Pulse,5,150,Horror,Thriller,,,,Dimension Films,,,,,,
20000000,96,English,25.28436,18-05-1987,299965036,01:40,Released,Beverly Hills Cop II,6.1,613,Action,Comedy,Crime,,,Paramount Pictures,Eddie Murphy Productions,Don Simpson/Jerry Bruckheimer Films,,,,
20000000,10678,English,8.351385,07-03-2003,132675402,01:45,Released,Bringing Down the House,5.4,183,Comedy,,,,,Hyde Park Films,Touchstone Pictures,,,,,
19000000,274,English,18.174804,01-02-1991,272742922,01:59,Released,The Silence of the Lambs,8.1,4443,Crime,Drama,Thriller,,,Orion Pictures,Strong Heart/Demme Production,,,,,
20000000,8872,English,21.815122,14-02-1992,121697323,01:34,Released,Wayne's World,6.5,728,Music,Comedy,,,,Paramount Pictures,,,,,,
20000000,16290,English,20.99174,15-10-2010,117224271,01:34,Released,Jackass 3D,6.4,428,Comedy,Documentary,Action,,,MTV Films,,,,,,
20000000,579,English,19.636044,16-06-1978,187884007,01:56,Released,Jaws 2,5.9,406,Horror,Thriller,,,,Universal Pictures,,,,,,
20000000,14405,English,12.25264,03-10-2008,149281606,01:31,Released,Beverly Hills Chihuahua,4.9,209,Adventure,Comedy,Family,,,Walt Disney Pictures,,,,,,
13000000,138843,English,49.975409,18-07-2013,318000141,01:52,Released,The Conjuring,7.4,3092,Horror,Thriller,,,,New Line Cinema,The Safran Company,Evergreen Media Group,,,,
32000000,11637,English,13.590677,20-01-2005,97918663,01:35,Released,Are We There Yet?,5.2,221,Adventure,Comedy,Family,Romance,,Columbia Pictures,Revolution Studios,Cube Vision,,,,
20000000,226486,English,21.657563,02-07-2014,100525432,01:37,Released,Tammy,5,500,Comedy,,,,,New Line Cinema,Gary Sanchez Productions,,,,,
35000000,1584,English,43.057323,03-10-2003,131282949,01:48,Released,School of Rock,6.7,1414,Comedy,Music,,,,Paramount Pictures,Scott Rudin Productions,Nickelodeon Movies,NEW Century,,,
18000000,9312,English,16.470895,18-08-1995,122195920,01:41,Released,Mortal Kombat,5.4,442,Action,Fantasy,,,,New Line Cinema,Threshold Entertainment,,,,,
37000000,12153,English,28.703007,23-06-2004,113086475,01:49,Released,White Chicks,6.3,679,Comedy,,,,,Columbia Pictures,Revolution Studios,Wayans Bros. Entertainment,Gone North Productions,,,
20000000,65057,English,40.903931,09-09-2011,177243185,01:55,Released,The Descendants,6.7,934,Comedy,Drama,,,,Fox Searchlight Pictures,Dune Entertainment,Ad Hominem Enterprises,,,,
20000000,8326,English,22.001408,18-04-2003,0,01:57,Released,Holes,6.7,383,Adventure,Family,Drama,Comedy,,Walt Disney Pictures,Chicago Pacific Entertainment,Walden Media,Phoenix Pictures,,,
0,35690,English,23.139971,31-03-2010,0,01:47,Released,The Last Song,6.9,923,Drama,Family,Romance,,,Touchstone Pictures,,,,,,
20000000,76203,English,95.9229,18-10-2013,187000000,02:14,Released,12 Years a Slave,7.9,3674,Drama,History,,,,Plan B Entertainment,Regency Enterprises,River Road Entertainment,Film4,,,
20000000,13497,English,4.748929,13-12-2002,57588485,01:58,Released,Drumline,6.2,116,Drama,Romance,Comedy,Music,,Fox 2000 Pictures,,,,,,
20000000,35688,English,2.986286,02-04-2010,60072596,02:01,Released,Why Did I Get Married Too?,6.1,29,Comedy,Romance,,,,Lions Gate Films,The Tyler Perry Company,,,,,
20000000,162,English,47.51363,05-12-1990,53000000,01:45,Released,Edward Scissorhands,7.5,3601,Fantasy,Drama,Romance,,,Twentieth Century Fox Film Corporation,,,,,,
20000000,296096,English,53.161905,02-06-2016,207945075,01:50,Released,Me Before You,7.6,2562,Drama,Romance,,,,New Line Cinema,Sunswept Entertainment,Metro-Goldwyn-Mayer (MGM),,,,
0,103370,English,7.050951,29-06-2012,0,01:54,Released,Madea's Witness Protection,5.9,52,Drama,Comedy,Crime,,,"Tyler Perry Company, The",,,,,,
1800000,1051,English,15.978136,09-10-1971,41158757,01:44,Released,The French Connection,7.4,422,Action,Crime,Thriller,,,Twentieth Century Fox Film Corporation,D'Antoni Productions,Schine-Moore Productions,,,,
20000000,376659,English,42.512296,28-07-2016,183936074,01:40,Released,Bad Moms,6.3,1252,Comedy,,,,,STX Entertainment,Huayi Brothers Pictures,BillBlock Media,,,,
20000000,10073,English,10.098722,17-02-2006,48548426,01:23,Released,Date Movie,3.6,222,Comedy,,,,,Regency Enterprises,Epsilon Motion Pictures,New Regency Pictures,,,,
20000000,16690,English,15.341196,14-02-2002,109862682,01:12,Released,Return to Never Land,6.1,290,Adventure,Fantasy,Animation,Family,,Walt Disney Pictures,Walt Disney Television Animation,Walt Disney Animation Australia,DisneyToon Studios,,,
20000000,273895,English,29.023184,25-12-2014,66787908,02:07,Released,Selma,7.4,817,History,Drama,,,,Plan B Entertainment,Harpo Films,Celador Films,Cloud Eight Films,,,
20000000,14873,English,19.819893,07-02-2003,135680000,01:12,Released,The Jungle Book 2,5.6,269,Family,Animation,Adventure,,,Walt Disney Pictures,Walt Disney Television Animation,Walt Disney Animation Australia,DisneyToon Studios,,,
20000000,8968,English,11.62423,04-02-2005,67192859,01:29,Released,Boogeyman,4.6,191,Thriller,Horror,Drama,Mystery,,Ghost House Pictures,Senator International,Screen Gems,Pacific Renaissance Pictures Ltd.,,,
20000000,9963,English,22.049787,08-02-2007,84146832,01:36,Released,Premonition,5.8,381,Thriller,Drama,Mystery,,,TriStar Pictures,Hyde Park Films,Offspring Entertainment,,,,
30000000,15655,English,9.829859,11-02-2000,45554533,01:17,Released,The Tigger Movie,6.3,143,Animation,Family,,,,Walt Disney Pictures,,,,,,
20000000,21208,English,29.295801,24-07-2009,41596251,02:03,Released,Orphan,6.7,1261,Horror,Thriller,Mystery,,,Dark Castle Entertainment,Studio Babelsberg StudioBabelsberg Motion Pictures,Don Carmody Productions,Studio Canal,,,
20000000,272878,English,14.136476,26-06-2015,43967255,01:51,Released,Max,6.8,276,Adventure,Drama,Family,,,Sunswept Entertainment,Warner Bros.,Metro-Goldwyn-Mayer (MGM),Reel Chefs Catering,,,
20000000,9760,English,6.064638,25-01-2007,86865564,01:26,Released,Epic Movie,3.2,326,Action,Adventure,Comedy,,,Twentieth Century Fox Film Corporation,Regency Enterprises,New Regency Pictures,Paul Schiff Productions,,,
20000000,314365,English,41.503588,06-11-2015,88346473,02:08,Released,Spotlight,7.8,2686,Drama,Thriller,History,,,Universal Pictures,Participant Media,Anonymous Content,Rocklin / Faust,,,
20000000,13279,English,20.495749,19-09-2008,27640028,01:50,Released,Lakeview Terrace,5.9,292,Drama,Crime,Thriller,,,Screen Gems,Overbrook Entertainment,,,,,
20000000,1975,English,13.906944,13-10-2006,39143839,01:42,Released,The Grudge 2,5.2,283,Horror,Thriller,,,,Columbia Pictures Corporation,Ghost House Pictures,Vertigo Entertainment,,,,
20000000,33644,English,2.003047,14-08-1998,37672350,02:04,Released,How Stella Got Her Groove Back,6,24,Comedy,Drama,Romance,,,Twentieth Century Fox Film Corporation,,,,,,
0,1649,English,11.349664,19-07-1991,0,01:38,Released,Bill & Ted's Bogus Journey,5.9,308,Adventure,Comedy,Family,Fantasy,Science Fiction,Orion Pictures,Nelson Entertainment,,,,,
20000000,9895,English,11.203335,09-10-2006,41237648,01:55,Released,Man of the Year,5.8,129,Comedy,Drama,Romance,Thriller,,Universal Pictures,Morgan Creek Productions,,,,,
20000000,9570,English,8.265317,18-12-1979,35841901,01:38,Released,The Black Hole,6.1,131,Adventure,Family,Science Fiction,Action,,Walt Disney Productions,,,,,,
20000000,27579,English,18.632156,31-08-2010,65464324,01:44,Released,The American,5.8,481,Crime,Drama,Thriller,,,This Is That Productions,Focus Features,Twins Financing,Smokehouse Pictures,,,
20000000,16052,English,6.92592,21-03-1997,60000000,02:07,Released,Selena,7,114,Drama,,,,,Q Productions,Esparza / Katz Productions,,,,,
20000000,40264,English,17.165039,18-08-2010,80547866,01:22,Released,Vampires Suck,4.2,315,Horror,Comedy,,,,Regency Enterprises,Road Rebel,,,,,
25000000,1164,English,25.785925,08-09-2006,135330182,02:23,Released,Babel,6.9,1055,Drama,,,,,Paramount Vantage,Media Rights Capital,Anonymous Content,Central Films,,,
19800000,239678,English,20.311684,10-09-2014,41296320,01:43,Released,This Is Where I Leave You,6.5,505,Drama,Comedy,,,,Spring Creek Productions,21 Laps Entertainment,Warner Bros.,,,,
20000000,14359,English,20.975165,27-11-2008,50907234,01:44,Released,Doubt,7,435,Drama,Mystery,,,,Scott Rudin Productions,Goodspeed Productions,,,,,
32000000,3989,English,26.509175,10-10-2004,50907422,01:38,Released,Team America: World Police,6.6,660,Music,Adventure,Animation,Action,Comedy,Paramount Pictures,Scott Rudin Productions,,,,,
20000000,76617,English,26.497025,03-01-2013,47241945,01:32,Released,Texas Chainsaw 3D,5.3,465,Horror,Thriller,,,,Nu Image Films,Lions Gate,,,,,
0,1710,English,14.211699,27-10-1995,0,02:04,Released,Copycat,6.4,194,Drama,Thriller,,,,Regency Enterprises,New Regency Pictures,,,,,
20000000,4258,English,36.819044,11-04-2013,78378744,01:26,Released,Scary Movie 5,4.6,793,Comedy,,,,,Dimension Films,,,,,,
20000000,20391,English,7.902536,15-10-1969,31678778,02:38,Released,Paint Your Wagon,6.2,63,Drama,Action,Comedy,Western,Music,Paramount Pictures,Malpaso Productions,Alan Jay Lerner Productions,,,,
20000000,10139,English,30.909699,26-11-2008,54586584,02:08,Released,Milk,7.1,612,History,Drama,,,,Focus Features,,,,,,
20000000,335778,English,16.663797,19-02-2016,46069568,01:47,Released,Risen,5.7,295,Action,,,,,Columbia Pictures,Affirm Films,LD Entertainment,Patrick Aiello Productions,,,
35000000,9645,English,27.724913,25-10-2002,68349884,01:31,Released,Ghost Ship,5.3,531,Horror,Mystery,Thriller,,,Village Roadshow Pictures,NPV Entertainment,Dark Castle Entertainment,Warner Bros.,,,
19000000,55465,English,17.971883,04-11-2011,35387212,01:48,Released,A Very Harold & Kumar Christmas,6,328,Comedy,,,,,New Line Cinema,Mandate Pictures,,,,,
20000000,617,English,25.041992,20-03-1998,67200000,01:48,Released,Wild Things,6.3,444,Crime,Drama,Mystery,,,Columbia Pictures,Mandalay Entertainment,,,,,
0,19904,English,7.924428,16-10-2009,0,01:41,Released,The Stepfather,5.4,167,Horror,Thriller,Mystery,,,Screen Gems,,,,,,
20000000,48289,English,14.857884,11-04-2010,45636368,01:53,Released,The Debt,6.3,257,Drama,Thriller,,,,Miramax Films,Marv Films,Pioneer Pictures,,,,
30000000,243,English,23.982956,17-03-2000,47126295,01:53,Released,High Fidelity,7,628,Comedy,Drama,Romance,Music,,Buena Vista,Touchstone Pictures,,,,,
20000000,6933,English,12.458131,04-01-2008,0,01:27,Released,One Missed Call,4.7,171,Horror,Mystery,Thriller,,,Intermedia Films,Alcon Entertainment,Kadokawa Pictures,Equity Pictures Medienfonds GmbH & Co. KG IV,,,
20000000,17182,English,3.996392,12-01-1996,0,01:41,Released,Eye for an Eye,5.8,63,Drama,Thriller,,,,Paramount Pictures,,,,,,
20000000,8848,English,30.387754,28-02-2008,64822796,01:52,Released,The Bank Job,6.6,697,Thriller,Crime,Drama,,,Atlas Entertainment,Mosaic Media Group,Omnilab Media,Relativity Media,,,
20000000,38,English,56.481487,19-03-2004,72258126,01:48,Released,Eternal Sunshine of the Spotless Mind,7.9,3652,Science Fiction,Drama,Romance,,,Anonymous Content,This Is That Productions,Focus Features,,,,
20000000,38303,English,19.962713,24-09-2010,32005248,01:45,Released,You Again,6,368,Comedy,Romance,,,,Oops Doughnuts Productions,Touchstone Pictures,Frontier Pictures,,,,
20000000,1266,English,18.666876,10-04-2008,65569869,01:49,Released,Street Kings,6.3,363,Action,Crime,Drama,Thriller,,Fox Searchlight Pictures,Regency Enterprises,Dune Entertainment III,Emmett/Furla Films,,,
20000000,107985,English,55.964605,18-07-2013,46089287,01:49,Released,The World's End,6.7,1778,Comedy,Action,Science Fiction,,,Universal Pictures,Big Talk Productions,Focus Features,Working Title Films,,,
0,14043,English,5.0348,15-06-2007,0,01:39,Released,Nancy Drew,5.8,143,Action,Adventure,Crime,Family,Mystery,Virtual Studios,Jerry Weintraub Productions,Warner Bros.,,,,
20000000,19901,English,28.019226,06-01-2009,51416464,01:38,Released,Daybreakers,6,634,Fantasy,Horror,Action,Thriller,Science Fiction,Lionsgate,Furst Films,Pictures in Paradise,Pacific Film and Television Commission,,,
20000000,34016,English,16.176976,11-03-2010,49779728,01:44,Released,She's Out of My League,5.9,525,Comedy,Romance,,,,DreamWorks SKG,Mosaic,,,,,
20000000,59860,English,17.237143,01-07-2011,17425000,01:49,Released,Monte Carlo,6,593,Adventure,Comedy,Romance,,,Dune Entertainment,Regency Enterprises,Fox 2000 Pictures,DiNovi Pictures,,,
9000000,10069,English,4.34503,24-03-2006,27105095,01:40,Released,Stay Alive,5.3,155,Horror,Thriller,,,,Spyglass Entertainment,Hollywood Pictures,Endgame Entertainment,Wonderland Sound and Vision,,,
0,9588,English,11.360997,17-10-1990,0,01:59,Released,Quigley Down Under,6.5,119,Romance,Action,Adventure,Western,Drama,Pathe,Metro-Goldwyn-Mayer (MGM),,,,,
20000000,12819,English,12.300789,17-09-2010,39300000,01:28,Released,Alpha and Omega,5.3,124,Family,Animation,,,,Lions Gate Family Entertainment,Relativity Media,Crest Animation Productions,,,,
20000000,9954,English,15.804814,08-09-2006,37597471,01:37,Released,The Covenant,5.2,288,Action,Adventure,Fantasy,Horror,Science Fiction,"Screen Gems, Inc.",,,,,,
0,10115,English,9.750557,21-04-2006,0,01:45,Released,Stick It,6.3,148,Comedy,Drama,,,,Spyglass Entertainment,Touchstone Pictures,Kaltenbach Pictures,,,,
40000000,25132,English,4.100942,21-08-2009,28972508,01:29,Released,Shorts,5.1,44,Comedy,Family,,,,Warner Bros. Pictures,,,,,,
20000000,577,English,12.309715,20-05-1995,21284514,01:46,Released,To Die For,6.7,175,Fantasy,Drama,Comedy,Thriller,,The Rank Organisation,Columbia Pictures Corporation,,,,,
20000000,328387,English,62.933899,27-07-2016,83707310,01:36,Released,Nerve,7.1,2181,Mystery,Adventure,Crime,,,Lionsgate,Allison Shearmur Productions,Keep Your Head,,,,
20000000,12690,English,16.074397,12-09-2008,20211394,01:55,Released,Appaloosa,6.3,299,Drama,Western,Crime,,,New Line Cinema,Groundswell Productions,Axon Films,,,,
20000000,9945,English,17.016284,15-04-1998,0,01:48,Released,Vampires,5.8,255,Action,Drama,Fantasy,Horror,Thriller,Columbia Pictures,Largo Entertainment,JVC Entertainment Networks,Film Office,,,
806948,539,English,93.067866,16-06-1960,32000000,01:49,Released,Psycho,8.2,2320,Drama,Horror,Thriller,,,Paramount Pictures,Universal Pictures,Shamley Productions,,,,
20000000,13596,English,17.145287,19-09-2008,36620508,01:41,Released,My Best Friend's Girl,5.4,220,Romance,Comedy,,,,Lionsgate,New Wave Entertainment,Management 360,Terra Firma Films,,,
20000000,226857,English,27.256849,12-02-2014,34077920,01:43,Released,Endless Love,6.7,542,Drama,Romance,,,,Universal Pictures,Fake Empire,Bluegrass Films,,,,
20000000,13159,English,7.878177,11-05-2007,0,01:53,Released,Georgia Rule,5.6,130,Comedy,Drama,Romance,,,Universal Pictures,Morgan Creek Productions,,,,,
20000000,47941,English,0.173964,31-07-1981,2297493,01:38,Released,Under the Rainbow,4.9,7,Comedy,,,,,[],,,,,,
20000000,526,English,14.370111,27-03-1985,18432000,02:01,Released,Ladyhawke,6.8,260,Adventure,Drama,Fantasy,Romance,,Twentieth Century Fox Film Corporation,Warner Bros.,,,,,
20000000,22796,English,11.090254,11-09-1998,18253415,01:54,Released,Simon Birch,6.5,52,Comedy,Drama,Family,,,Caravan Pictures,Hollywood Pictures,,,,,
20000000,2355,English,20.82778,23-03-2007,22222308,02:04,Released,Reign Over Me,7.1,334,Drama,,,,,Columbia Pictures,Happy Madison Productions,Sunlight Productions,Relativity Media,,,
15000000,5915,English,43.644978,11-09-2007,56255142,02:28,Released,Into the Wild,7.8,3045,Adventure,Drama,,,,Paramount Vantage,River Road Entertainment,Art Linson Productions,Into the Wild,,,
20000000,9842,English,8.244324,29-09-2006,17807569,01:40,Released,School for Scoundrels,5.6,111,Comedy,Drama,Romance,,,Dimension Films,,,,,,
20000000,61012,English,23.292761,10-10-2012,52302796,01:34,Released,Silent Hill: Revelation 3D,5,432,Thriller,Horror,Mystery,,,Davis-Films,Konami Corporation Ltd.,,,,,
19000000,755,English,64.181668,19-01-1996,25836616,01:48,Released,From Dusk Till Dawn,6.9,1603,Horror,Action,Thriller,Crime,,A Band Apart,Dimension Films,Los Hooligans Productions,Miramax,,,
0,13682,English,9.03154,11-02-2005,0,01:08,Released,Pooh's Heffalump Movie,6.4,88,Animation,Family,,,,Walt Disney Pictures,,,,,,
0,9089,English,4.031585,02-11-1995,17519169,01:43,Released,Home for the Holidays,6.3,39,Comedy,Drama,Romance,,,Paramount Pictures,Egg Pictures,PolyGram Filmed Entertainment,,,,
20000000,9470,Chinese,13.658985,10-02-2004,100914445,01:39,Released,Kung Fu Hustle,7.2,831,Action,Comedy,Crime,Fantasy,,Columbia Pictures,,,,,,
35000000,18357,English,6.908351,26-07-2002,0,01:28,Released,The Country Bears,4.3,20,Adventure,Comedy,Family,,,Walt Disney Pictures,,,,,,
20000000,7979,English,10.446722,14-10-2007,73276047,02:08,Released,The Kite Runner,7.3,394,Drama,,,,,DreamWorks SKG,MacDonald/Parkes Productions,Sidney Kimmel Entertainment,Neal Street Productions,,,
20000000,470,English,32.243357,06-09-2003,60427839,02:04,Released,21 Grams,7.2,918,Drama,Crime,Thriller,,,This Is That Productions,Y Productions,Mediana Productions Filmgesellschaft,,,,
20000000,15644,English,9.149089,03-09-2004,16605763,01:24,Released,Paparazzi,5.8,52,Action,Drama,Thriller,,,Icon Productions,Twentieth Century Fox Film Corporation,Icon Entertainment International,,,,
20000000,9582,English,5.596835,17-01-2003,17432163,01:41,Released,A Guy Thing,5.3,83,Comedy,Romance,,,,Metro-Goldwyn-Mayer (MGM),David Ladd Films,,,,,
0,10642,English,5.214408,21-07-2000,0,01:38,Released,Loser,5,120,Drama,Comedy,Romance,Family,,Columbia Pictures,,,,,,
20000000,22074,English,10.50098,06-09-2009,17436509,02:00,Released,Capitalism: A Love Story,7,167,Documentary,,,,,The Weinstein Company,Paramount Vantage,,,,,
20000000,2428,English,3.011205,15-02-1965,15473333,03:19,Released,The Greatest Story Ever Told,6.5,41,Drama,History,,,,George Stevens Productions,,,,,,
19500000,290751,English,15.012237,14-10-2015,34854990,01:51,Released,Secret in Their Eyes,6.2,336,Crime,Drama,Mystery,,,Ingenious Media,Gran Via Productions,IM Global,STX Entertainment,,,
25000000,13805,English,16.238961,29-08-2008,14109284,01:27,Released,Disaster Movie,3,240,Action,Comedy,,,,Grosvenor Park Media Ltd.,LionsGate,3 in the Box,,,,
20000000,4597,English,15.21229,04-12-2009,22942221,01:28,Released,Armored,5.5,208,Action,Crime,Drama,Thriller,,Screen Gems,Stars Road Entertainment,Farah Films & Management,Buckaroo Entertainment,,,
20000000,9414,English,6.397042,14-11-1997,13801755,01:37,Released,The Man Who Knew Too Little,6.5,125,Comedy,Thriller,Crime,Action,,Regency Enterprises,Taurus Films,Polar Productions,Warner Bros.,,,
20000000,63492,English,19.220789,30-09-2011,30426096,01:46,Released,What's Your Number?,6.2,671,Comedy,Romance,,,,Regency Enterprises,Contrafilm,New Regency Pictures,,,,
20000000,81796,English,35.232278,12-04-2012,32204030,01:35,Released,Lockout,5.8,715,Action,Thriller,Science Fiction,,,Canal+,EuropaCorp,Cin\u00e9+,,,,
40000000,10710,English,9.842771,30-04-2004,0,01:39,Released,Envy,4.8,139,Comedy,,,,,Columbia Pictures,Castle Rock Entertainment,NPV Entertainment,DreamWorks Pictures,,,
20000000,15092,English,35.542809,16-04-2009,34560577,01:36,Released,Crank: High Voltage,5.9,861,Action,Thriller,Crime,,,Lakeshore Entertainment,Lionsgate,Radical Media,,,,
0,11382,English,7.829295,14-10-1994,0,01:38,Released,Bullets Over Broadway,7,130,Action,Comedy,Thriller,,,Miramax Films,,,,,,
20000000,15005,English,3.476925,13-10-2006,13391174,02:03,Released,One Night with the King,6.1,12,Drama,,,,,Gener8Xion Entertainment,,,,,,
30000000,8198,English,5.133744,22-11-2002,27674124,01:41,Released,The Quiet American,6.4,81,Drama,Action,Thriller,Romance,,Miramax Films,Intermedia Films,Mirage Enterprises,,,,
20000000,6963,English,14.031377,20-10-2005,12482775,01:41,Released,The Weather Man,6,289,Comedy,Drama,,,,Paramount Pictures,Escape Artists,Kumar Mobiliengesellschaft mbH & Co. Projekt Nr. 2 KG,,,,
20000000,15070,English,17.227376,23-08-2002,12398628,01:36,Released,Undisputed,6.1,139,Action,Adventure,Drama,Thriller,,Miramax Films,Amen Ra Films,,,,,
0,12797,English,17.98817,19-09-2008,0,01:42,Released,Ghost Town,6.4,286,Comedy,Fantasy,Romance,,,DreamWorks SKG,Spyglass Entertainment,Pariah,,,,
20000000,17134,English,15.66135,19-03-2009,17280326,01:48,Released,12 Rounds,5.7,220,Action,Adventure,Drama,Thriller,,The Mark Gordon Company,Fox Atomic,20th Century Fox Home Entertainment,WWE Studios,,,
20000000,41402,English,19.705311,01-10-2010,24145613,01:56,Released,Let Me In,6.7,641,Drama,Horror,Mystery,,,Hammer Film Productions,EFTI,Exclusive Media Group,Overture Films,,,
0,18885,English,2.645722,06-05-1994,0,01:33,Released,3 Ninjas Kick Back,4.5,48,Adventure,Action,Comedy,Family,,TriStar Pictures,Sheen Productions,Ben-Ami/Leeds Productions,,,,
0,4953,English,17.662683,20-01-2008,0,01:42,Released,Be Kind Rewind,6.2,424,Drama,Comedy,,,,New Line Cinema,Partizan,Focus Features,,,,
0,10773,English,2.894154,09-09-2005,0,01:43,Released,Mrs Henderson Presents,6.4,62,Comedy,Drama,,,,[],,,,,,
20000000,146198,English,29.371987,19-02-2016,12639297,01:55,Released,Triple 9,5.6,797,Action,Thriller,,,,Worldview Entertainment,Anonymous Content,MadRiver Pictures,Sierra Pictures,,,
20000000,2639,English,11.352693,26-08-1997,10686841,01:36,Released,Deconstructing Harry,7.3,187,Comedy,Drama,,,,Fine Line Features,,,,,,
20000000,10563,English,7.553773,22-10-1999,0,01:38,Released,Three to Tango,5.4,62,Comedy,Romance,,,,Village Roadshow Pictures,Warner Bros.,,,,,
20000000,295964,English,30.477114,02-10-2015,36606743,01:40,Released,Burnt,6.3,950,Drama,,,,,Double Feature Films,PeaPie Films,3 Arts Entertainment,,,,
20000000,5971,English,9.927018,15-12-1989,0,01:46,Released,We're No Angels,5.6,105,Comedy,Crime,Drama,,,Paramount Pictures,,,,,,
20000000,9716,English,12.379781,06-12-1996,0,01:41,Released,Everyone Says I Love You,6.5,147,Music,Comedy,Romance,,,Miramax Films,,,,,,
20000000,11835,English,12.643703,31-08-2007,16974459,01:45,Released,Death Sentence,6.5,297,Action,Crime,Drama,Thriller,,Twentieth Century Fox Film Corporation,Dune Entertainment,Baldwin Entertainment Group,Hyde Park Entertainment,,,
21000000,26171,English,15.440465,04-12-2009,0,01:39,Released,Everybody's Fine,6.5,284,Drama,,,,,Miramax Films,Hollywood Gang Productions,Radar Pictures,,,,
0,31117,English,5.886228,27-08-2004,9109322,01:28,Released,Superbabies: Baby Geniuses 2,1.9,35,Comedy,Family,,,,Crystal Sky Worldwide,Triumph Films,,,,,
0,9074,English,6.925645,08-09-2005,12382362,01:23,Released,The Man,5.4,133,Action,Comedy,Crime,,,New Line Cinema,,,,,,
20000000,14396,English,9.36146,05-01-2007,10337477,01:24,Released,Code Name: The Cleaner,4.7,78,Action,Comedy,Crime,,,New Line Cinema,,,,,,
20000000,15673,English,6.102663,16-04-2004,11341016,01:38,Released,Connie and Carla,6.4,24,Comedy,,,,,Universal Pictures,,,,,,
8000000,42618,English,0.709143,01-01-1969,20000000,02:29,Released,Sweet Charity,6.5,15,Comedy,Drama,Music,Romance,,Universal Pictures,,,,,,
20000000,171274,English,45.742217,25-12-2014,11110975,02:28,Released,Inherent Vice,6.5,833,Comedy,Romance,Crime,Drama,Mystery,Ghoulardi Film Company,Warner Bros.,IAC Films,,,,
0,24432,English,1.682839,24-02-2006,0,01:25,Released,Doogal,3.2,18,Family,,,,,[],,,,,,
20000000,109417,English,8.237336,21-09-2013,16549477,01:50,Released,Battle of the Year,5.9,88,Music,Drama,,,,Screen Gems,,,,,,
20000000,13948,English,2.605374,03-10-2008,7000000,01:23,Released,An American Carol,4.1,20,Comedy,Fantasy,,,,Mpower Pictures,,,,,,
12000000,106747,English,29.072964,12-09-2013,15008161,01:47,Released,Machete Kills,5.3,631,Action,Crime,Thriller,,,Open Road Films,Overnight Films,AR Films,Aldamisa Entertainment,,,
22000000,10929,English,1.322528,14-03-2003,0,01:40,Released,Willard,5.8,82,Horror,,,,,New Line Cinema,Hard Eight Pictures,,,,,
0,14220,English,4.961306,01-02-2008,6575282,01:27,Released,Strange Wilderness,4.7,69,Comedy,,,,,Paramount Pictures,Happy Madison Productions,Pelican Productions LLC,,,,
0,46435,English,8.628519,03-09-1999,0,02:40,Released,Topsy-Turvy,6.7,41,Comedy,Drama,Music,,,Newmarket Capital Group,Goldwyn Films,The Greenlight Fund,Thin Man Films,,,
20000000,256962,English,12.232048,23-04-2015,6420319,01:46,Released,Little Boy,7,185,Comedy,Drama,War,,,Metanoia Films,Santa F\u00e9 Films,,,,,
15000000,48231,English,27.133277,30-09-2011,27462041,01:39,Released,A Dangerous Method,6.2,571,Drama,Thriller,,,,Recorded Pictures Company,The Movie Network,Millbrook Pictures,Prospero Pictures,,,
8700000,3509,English,26.093043,25-05-2006,7659918,01:40,Released,A Scanner Darkly,6.8,532,Animation,Science Fiction,Thriller,,,Thousand Words,Warner Independent Pictures (WIP),Detour Filmproduction,Section Eight Productions,,,
0,82684,English,13.621201,25-10-2012,0,01:57,Released,Chasing Mavericks,7,216,Drama,,,,,Fox 2000 Pictures,Walden Media,,,,,
20000000,12142,English,9.292987,28-01-2005,10442808,01:36,Released,Alone in the Dark,3.1,173,Action,Fantasy,Horror,Thriller,,Boll Kino Beteiligungs GmbH & Co. KG,Brightlight Pictures,Herold Productions,Lionsgate,,,
20000000,23367,English,7.716606,06-08-2009,5210988,01:51,Released,Bandslam,5.4,126,Comedy,Drama,Family,Music,,Summit Entertainment,Goldsmith-Thomas Productions,Walden Media,,,,
20000000,10740,English,7.698075,08-09-2004,0,01:40,Released,Birth,5.9,179,Drama,Mystery,Thriller,,,Fine Line Features,New Line Cinema,Lou Yi Inc.,Academy Films,,,
20000000,241239,English,37.629309,30-12-2014,12007070,02:05,Released,A Most Violent Year,6.5,546,Crime,Drama,Thriller,,,Participant Media,Imagenation Abu Dhabi FZ,FilmNation Entertainment,Before the Door Pictures,,,
0,14582,English,2.405911,17-10-2008,0,01:54,Released,Passchendaele,6.3,26,Drama,Romance,War,History,,Rhombus Media,Damberger Film & Cattle Co,Whizbang Films,Bell Broadcast and New Media Fund,,,
0,14914,English,3.350297,07-09-2008,0,01:59,Released,Flash of Genius,6.3,59,Drama,,,,,Universal Pictures,Spyglass Entertainment,Strike Entertainment,Intermittent Productions,,,
20000000,3902,English,13.032308,01-10-2007,4001121,02:15,Released,I'm Not There.,6.6,195,Drama,Music,,,,Endgame Entertainment,Rising Star,Killer Films,John Wells Productions,,,
20000000,77948,English,15.131867,04-04-2012,16863583,01:33,Released,The Cold Light of Day,4.8,271,Action,Thriller,,,,Summit Entertainment,Intrepid Pictures,Film Rites,Galavis Film,,,
20000000,21755,English,10.218307,09-09-2008,5530764,01:54,Released,The Brothers Bloom,6.8,203,Adventure,Comedy,Drama,Romance,,The Weinstein Company,Summit Entertainment,Endgame Entertainment,,,,
21000000,4960,English,12.761176,24-10-2008,0,02:04,Released,"Synecdoche, New York",7.4,278,Drama,,,,,Likely Story,,,,,,
26500000,128,Japanese,60.732738,12-07-1997,159375308,02:14,Released,Princess Mononoke,8.2,1983,Adventure,Fantasy,Animation,,,Miramax Films,Studio Ghibli,Nibariki,Nippon Television Network (NTV),,,
0,14652,French,0.49446,16-04-2003,0,01:54,Released,Bon voyage,5.7,20,Comedy,Drama,Foreign,,,[],,,,,,
0,40932,English,6.574285,20-06-1980,0,02:04,Released,Can't Stop the Music,4.9,9,Comedy,Music,,,,EMI Films,,,,,,
2000000,16608,English,14.617944,06-10-2005,5048693,01:44,Released,The Proposition,7.1,218,Action,Adventure,Crime,Drama,Thriller,Autonomous,UK Film Council,Surefire Film Productions,Pictures in Paradise,,,
20000000,334531,English,3.102987,13-11-2015,0,01:58,Released,My All American,6.8,36,Drama,,,,,Paul Schiff Productions,Anthem Productions,,,,,
20000000,32316,English,5.65327,22-08-2003,1675706,01:24,Released,Marci X,3.3,12,Comedy,,,,,Paramount Pictures,,,,,,
20000000,7299,English,44.566609,06-12-2002,5359645,01:47,Released,Equilibrium,6.9,1552,Action,Science Fiction,Thriller,,,Dimension Films,Blue Tulip Productions,,,,,
40000000,13405,Chinese,8.978408,03-07-2008,7400000,02:05,Released,The Children of Huang Shi,6.5,52,Drama,War,,,,Australian Film Finance Corporation,Zero Fiction Film,Ming Productions,Bluewater Pictures,,,
0,19457,English,10.150993,27-04-2000,0,01:55,Released,The Yards,6,97,Drama,Action,Thriller,Crime,,Miramax Films,Industry Entertainment,,,,,
0,112937,English,0.28576,29-08-2012,0,01:28,Released,The Oogieloves in the Big Balloon Adventure,2.2,8,Family,,,,,[],,,,,,
10000000,314385,English,11.267676,12-11-2015,3727746,02:02,Released,By the Sea,5.4,156,Drama,Romance,,,,Plan B Entertainment,Jolie Pas,Pellikola,,,,
20000000,8953,Japanese,9.129808,17-07-2004,0,02:06,Released,Steamboy,6.4,102,Animation,Fantasy,Science Fiction,,,Bandai Visual Company,Sunrise,Studio 4\u00b0C,,,,
0,29078,English,2.013405,01-01-2005,0,01:41,Released,The Game of Their Lives,5.8,14,Drama,,,,,Bristol Bay Productions,Baldwin Entertainment Group,Crusader Entertainment,Independent Film Channel,,,
0,46503,English,20.086645,03-12-2010,0,01:41,Released,All Good Things,5.9,286,Drama,Mystery,Thriller,Crime,Romance,The Weinstein Company,,,,,,
20000000,10448,English,3.581906,09-09-1994,305070,01:47,Released,Rapa Nui,6.2,33,Adventure,,,,,Tig Productions,Majestic Films International,Warner Bros.,Newcomm,,,
0,13688,Chinese,12.373248,30-01-2008,47301471,01:26,Released,CJ7,6.1,107,Comedy,Drama,Family,Fantasy,Science Fiction,Columbia Pictures Film Production Asia,,,,,,
0,10353,French,12.283025,11-02-1998,0,01:58,Released,The Visitors II: The Corridors of Time,5.8,221,Comedy,Fantasy,,,,Gaumont,Canal+,France 3 Cinema,Centre National de la Cin\u00e9matographie (CNC),,,
20000000,43935,English,10.617236,16-03-2011,4634062,01:47,Released,Dylan Dog: Dead of Night,4.5,139,Action,Comedy,Horror,Mystery,Science Fiction,Hyde Park Films,platinum studios,Long Distance Films,,,,
20000000,11458,English,6.377308,21-11-2002,0,01:40,Released,People I Know,5.5,48,Drama,Thriller,,,,[],,,,,,
20000000,44638,English,3.620537,10-12-2010,346594,01:50,Released,The Tempest,6,31,Drama,Fantasy,,,,Miramax Films,Touchstone Pictures,,,,,
0,241257,English,27.215666,01-10-2015,17671101,01:46,Released,Regression,5.3,585,Horror,Mystery,Thriller,,,The Weinstein Company,Himen\u00f3ptero,First Generation Films,Mod Producciones,,,
0,14538,English,4.127155,03-04-2008,0,01:42,Released,Three Kingdoms: Resurrection of the Dragon,6.6,35,Action,History,Drama,,,Visualizer Film Productions,Taewon Entertainment,,,,,
20000000,13250,English,13.118983,27-07-2007,0,01:35,Released,Butterfly on a Wheel,6.3,130,Crime,Drama,Thriller,,,Icon Productions,Infinity Features Entertainment,Irish Dreamtime,Icon Entertainment International,,,
20000000,133931,English,14.182301,05-06-2012,0,01:23,Released,Zambezia,5.3,68,Comedy,Animation,Adventure,Family,,Industrial Development Corporation of South Africa,120dB Films,The Department of Trade and Industry of South Africa,Cinema Management Group,,,
0,280871,Tamil,0.416179,11-07-2014,0,02:50,Released,Ramanujan,5,3,Drama,History,,,,Camphor Cinema,,,,,,
0,239897,English,0.485405,24-01-2014,0,01:38,Released,Dwegons,0.5,1,Animation,,,,,[],,,,,,
20000000,184341,English,7.444189,26-08-2016,0,01:45,Released,Hands of Stone,6.1,109,Drama,,,,,"Weinstein Company, The",La Piedra Films,Fuego Films,Epicentral Studios,,,
20000000,334074,English,33.625477,21-05-2015,0,01:36,Released,Survivor,5.4,404,Thriller,,,,,Nu Image Films,Winkler Films,Millennium Films,Survivor Productions,,,
27220000,199373,English,28.060472,18-07-2013,5496951,01:45,Released,The Frozen Ground,6.1,465,Thriller,Crime,,,,Grindstone Entertainment Group,Cheetah Vision,K5 International,Paradox Entertainment,,,
19400000,14202,English,20.746932,09-12-2006,0,02:05,Released,The Painted Veil,7.1,312,Drama,Romance,,,,Emotion Pictures,The Mark Gordon Company,Class 5 Films,Yari Film Group,,,
27000000,6968,German,7.727035,24-09-2008,0,02:30,Released,The Baader Meinhof Complex,7.1,157,Action,Crime,Drama,History,Thriller,Nouvelles \u00c9ditions de Films (NEF),Degeto Film,Constantin Film Produktion,Westdeutscher Rundfunk (WDR),,,
22000000,581,English,45.707835,09-11-1990,424208848,03:01,Released,Dances with Wolves,7.6,1046,Adventure,Drama,Western,,,Tig Productions,Majestic Films International,,,,,
20000000,52449,English,28.497242,16-05-2011,216197492,01:32,Released,Bad Teacher,5.4,1584,Comedy,,,,,Columbia Pictures,Mosaic Media Group,,,,,
19000000,12150,English,11.47316,15-09-1989,110879513,01:53,Released,Sea of Love,6.7,141,Drama,Crime,Mystery,,,Universal Pictures Corporation,,,,,,
19000000,11247,English,25.28132,10-07-2004,70067909,01:35,Released,A Cinderella Story,6.1,713,Comedy,,,,,Gaylord Films,Warner Bros.,Dylan Sellers Productions,Clifford Werber Productions,,,
14000000,4232,English,45.99611,20-12-1996,173046663,01:51,Released,Scream,7,1476,Crime,Horror,Mystery,,,Woods Entertainment,Dimension Films,,,,,
0,9378,English,20.392858,26-10-2001,0,01:31,Released,Thir13en Ghosts,5.4,440,Horror,Thriller,,,,Columbia Pictures Corporation,Dark Castle Entertainment,Warner Bros.,13 Ghosts Productions Canada Inc.,,,
19000000,694,English,78.699993,22-05-1980,44017374,02:24,Released,The Shining,8.1,3757,Horror,Thriller,,,,Hawk Films,Warner Bros.,Peregrine,,,,
19000000,105,English,76.603233,03-07-1985,381109762,01:56,Released,Back to the Future,8,6079,Adventure,Comedy,Science Fiction,Family,,Universal Pictures,Amblin Entertainment,U-Drive Productions,,,,
19000000,11377,English,13.664614,29-10-1999,40846082,01:33,Released,House on Haunted Hill,5.5,209,Horror,Mystery,Thriller,,,Dark Castle Entertainment,Warner Bros.,,,,,
0,26367,English,2.242809,11-09-2009,0,01:53,Released,I Can Do Bad All By Myself,6,40,Drama,Comedy,,,,Lions Gate Films,,,,,,
27000000,385383,English,1.224105,22-07-2016,0,01:30,Released,Fight Valley,3.9,8,Action,Drama,,,,Cinestyle Media Group,,,,,,
19000000,41210,English,27.494037,11-05-2010,49830607,01:41,Released,The Switch,5.9,583,Comedy,Romance,Drama,,,Mandate Pictures,Bona Fide Productions,Echo Films,,,,
18000000,12090,English,18.47518,09-01-2003,101564935,01:35,Released,Just Married,5.3,404,Comedy,,,,,Twentieth Century Fox Film Corporation,Robert Simonds Productions,Mediastream Dritte Film GmbH & Co. Beteiligungs KG,,,,
19100000,62630,English,10.559414,11-02-2011,5728213,01:49,Released,The Devil's Double,6.5,208,Drama,Action,Thriller,Crime,War,Corrino Media Corporation,Corsan,Staccato Films,,,,
0,16110,English,1.916351,26-07-2000,0,01:25,Released,Thomas and the Magic Railroad,4.6,8,Animation,Drama,Family,Science Fiction,,Destination Films,Isle of Man Film,Britt Allcroft Productions,,,,
20000000,29427,English,28.867568,26-02-2010,54956140,01:41,Released,The Crazies,6.2,633,Mystery,Horror,Action,,,Penn Station Entertainment,Participant Media,Imagenation Abu Dhabi FZ,Overture Films,,,
15000000,129,Japanese,118.968562,20-07-2001,274925095,02:05,Released,Spirited Away,8.3,3840,Fantasy,Adventure,Animation,Family,,Studio Ghibli,,,,,,
0,244114,Chinese,3.376967,12-12-2013,0,01:50,Released,Firestorm,5.9,43,Action,Crime,,,,Focus Films,Sil-Metropole Organisation,Edko Films,,,,
25000000,2669,English,7.436491,04-05-1984,8613462,02:12,Released,The Bounty,6.5,108,Action,Drama,History,,,Dino De Laurentiis Company,,,,,,
0,203833,English,57.84156,08-11-2013,76586316,02:11,Released,The Book Thief,7.4,1486,Drama,,,,,Studio Babelsberg,Fox 2000 Pictures,Sunswept Entertainment,,,,
19000000,13523,English,17.952817,16-10-2008,18755936,01:49,Released,Sex Drive,6,342,Comedy,Adventure,Romance,,,"Summit Entertainment, LLC",Alloy Entertainment,Goldcrest Pictures,,,,
19000000,25195,English,21.959742,08-01-2010,29922472,01:40,Released,Leap Year,6.4,465,Romance,Comedy,,,,Universal Pictures,Spyglass Entertainment,Octagon Films,BenderSpink,,,
19000000,17277,English,4.229942,24-03-1964,4750000,03:08,Released,The Fall of the Roman Empire,6,33,Drama,History,,,,Paramount Pictures,Samuel Bronston Productions,,,,,
19000000,50725,English,11.766564,04-03-2011,6928068,01:37,Released,Take Me Home Tonight,6.2,208,Comedy,Drama,Romance,,,Imagine Entertainment,Rogue Pictures,Relativity Media,Internationale Filmproduktion Blackbird Dritte,,,
0,82631,English,2.366251,28-09-2012,5310554,02:01,Released,Won't Back Down,5.8,40,Drama,,,,,Gran Via Productions,Walden Media,Lemodeln Model & Talent Agency,,,,
19000000,73191,English,0.068228,24-11-1993,2119994,01:33,Released,The Nutcracker,5.6,5,Family,Fantasy,Music,,,Warner Bros. Family Entertainment,,,,,,
18000000,22479,English,5.380733,16-08-1996,0,01:56,Released,Kansas City,6.1,12,Thriller,Drama,Music,Crime,,Fine Line Features,CiBy 2000,Sandcastle 5 Productions,,,,
0,340611,English,5.625989,29-07-2016,0,01:50,Released,Indignation,6.8,69,Drama,,,,,Likely Story,,,,,,
19000000,10065,English,30.205943,15-04-2005,108047131,01:30,Released,The Amityville Horror,6,588,Horror,Thriller,Drama,,,Platinum Dunes,Dimension Films,Metro-Goldwyn-Mayer (MGM),Radar Pictures,,,
19000000,2757,English,26.441669,06-12-2002,32801173,01:54,Released,Adaptation.,7.3,638,Comedy,Crime,Drama,,,Beverly Detroit,Propaganda Films,Clinica Estetico,Intermedia,,,
15000000,11683,English,15.262492,24-06-2005,46770602,01:33,Released,Land of the Dead,6,381,Horror,,,,,Universal Pictures,Atmosphere Entertainment MM,Romero-Grunwald Productions,Exception Wild Bunch,,,
0,244339,Chinese,1.583918,10-03-2013,0,01:47,Released,Out of Inferno,5.8,11,Action,,,,,Sun Entertainment Culture,Universe Entertainment,,,,,
18500000,1878,English,44.511363,22-05-1998,10680275,01:58,Released,Fear and Loathing in Las Vegas,7.2,1301,Adventure,Drama,Comedy,,,Universal Pictures,Summit Entertainment,Rhino Films,Fear and Loathing LLC,,,
18500000,23082,English,16.665841,13-09-2009,31912793,01:40,Released,The Invention of Lying,6,518,Comedy,Romance,Fantasy,,,Media Rights Capital,Lin Pictures,Warner Bros.,Wintergreen Productions,,,
18000000,195589,English,36.471231,08-05-2014,268157400,01:36,Released,Neighbors,6.2,2713,Comedy,,,,,Universal Pictures,Point Grey Pictures,Good Universe,,,,
23000000,854,English,85.30318,29-07-1994,351583407,01:41,Released,The Mask,6.6,2472,Romance,Comedy,Crime,Fantasy,,New Line Cinema,Dark Horse Entertainment,,,,,
18000000,2280,English,20.716023,03-06-1988,151668774,01:44,Released,Big,6.9,993,Fantasy,Drama,Comedy,Romance,Family,Gracie Films,Twentieth Century Fox Film Corporation,American Entertainment Partners II L.P.,,,,
18000000,496,English,29.487784,01-11-2006,261572744,01:22,Released,Borat: Cultural Learnings of America for Make Benefit Glorious Nation of Kazakhstan,6.5,1579,Comedy,,,,,Twentieth Century Fox Film Corporation,Four By Two Productions,,,,,
18000000,8835,English,25.43954,13-07-2001,141774679,01:36,Released,Legally Blonde,6.1,882,Comedy,,,,,Marc Platt Productions,Metro-Goldwyn-Mayer (MGM),,,,,
18000000,157,English,15.314027,31-05-1984,87000000,01:45,Released,Star Trek III: The Search for Spock,6.4,434,Science Fiction,Action,Adventure,Thriller,,Paramount Pictures,,,,,,
19000000,8643,English,32.602868,09-09-2005,144216468,02:02,Released,The Exorcism of Emily Rose,6.3,659,Crime,Drama,Horror,Thriller,,Lakeshore Entertainment,Firm Films,Screen Gems,,,,
17000000,10402,English,9.832326,10-12-1999,65535067,01:28,Released,Deuce Bigalow: Male Gigolo,5.5,308,Comedy,,,,,Happy Madison Productions,Quinta Communications,Touchstone Pictures,,,,
16000000,218043,English,33.452469,03-10-2014,19682924,01:50,Released,Left Behind,3.7,392,Thriller,Action,Science Fiction,,,Stoney Lake Entertainment,,,,,,
0,9043,English,14.190837,14-12-2005,0,01:43,Released,The Family Stone,6.2,249,Comedy,Drama,Romance,,,Fox 2000 Pictures,,,,,,
18000000,21301,English,6.501815,20-01-2004,65070412,01:46,Released,Barbershop 2:  Back in Business,5.6,74,Comedy,Drama,,,,Metro-Goldwyn-Mayer (MGM),,,,,,
23000000,10147,English,26.58873,26-11-2003,76488889,01:31,Released,Bad Santa,6.5,656,Drama,Comedy,Crime,,,Columbia Pictures,Triptych Pictures,Dimension Films (US version),,,,
16500000,816,English,36.15716,02-05-1997,67683989,01:34,Released,Austin Powers: International Man of Mystery,6.5,1013,Science Fiction,Comedy,Crime,,,New Line Cinema,Capella International,Eric's Boy,,,,
18000000,302688,English,16.027955,23-03-2016,88923251,01:34,Released,My Big Fat Greek Wedding 2,5.5,322,Romance,Comedy,Family,,,Universal Pictures,Playtone,HBO Films,Gold Circle Films,,,
21000000,60307,English,14.329891,25-03-2011,72417394,01:39,Released,Diary of a Wimpy Kid: Rodrick Rules,6.3,238,Family,Comedy,,,,Fox 2000 Pictures,Color Force,,,,,
18000000,106,English,50.009408,11-06-1987,98235548,01:47,Released,Predator,7.3,2093,Science Fiction,Action,Adventure,Thriller,,Twentieth Century Fox Film Corporation,Lawrence Gordon Productions,Davis Entertainment,Silver Pictures,,,
18000000,279,English,31.82675,26-10-1984,51973029,02:40,Released,Amadeus,7.8,1076,Drama,History,Music,,,Warner Bros.,,,,,,
0,8617,English,9.642041,10-04-2008,14796236,01:28,Released,Prom Night,4.8,167,Crime,Horror,,,,Alliance Films,,,,,,
17000000,10625,English,36.423717,30-04-2004,129042871,01:37,Released,Mean Girls,6.9,2320,Comedy,,,,,Paramount Pictures,Broadway Video,M.G. Films,,,,
0,10934,English,12.309718,30-04-2003,0,01:53,Released,Under the Tuscan Sun,6.4,172,Comedy,Drama,Romance,,,Timnick Films,Blue Gardenia Productions,Touchstone Pictures,Tatiale Films,,,
19800000,5279,English,11.693272,07-11-2001,87754044,02:17,Released,Gosford Park,6.8,246,Drama,Mystery,Thriller,,,USA Films,,,,,,
18000000,10013,English,12.243887,05-10-1986,41382841,01:43,Released,Peggy Sue Got Married,5.9,136,Comedy,Drama,Fantasy,Romance,,American Zoetrope,TriStar Pictures,,,,,
18000000,194662,English,89.811154,27-08-2014,103215094,01:59,Released,Birdman,7.4,4535,Drama,Comedy,,,,Worldview Entertainment,New Regency Pictures,TSG Entertainment,Le Grisbi Productions,,,
18000000,160588,English,34.694216,25-07-2013,99206215,01:38,Released,Blue Jasmine,7,1098,Comedy,Drama,,,,Perdido Productions,,,,,,
15000000,9829,English,17.50138,28-04-2006,76286096,01:51,Released,United 93,6.9,367,Drama,History,Crime,Thriller,Action,Universal Pictures,StudioCanal,Sidney Kimmel Entertainment,Working Title Films,,,
18000000,10028,English,18.492655,24-11-2003,62646763,01:34,Released,Honey,6,303,Romance,Music,Family,,,Universal Pictures,Marc Platt Productions,NuAmerica Entertainment,,,,
18000000,10535,English,11.238522,24-05-1996,0,01:21,Released,Spy Hard,4.9,147,Action,Comedy,,,,Hollywood Pictures,,,,,,
1000000,790,English,14.518598,08-02-1980,21378361,01:29,Released,The Fog,6.4,311,Horror,,,,,AVCO Embassy Pictures,EDI,Debra Hill Productions,,,,
18000000,43959,English,19.234672,08-04-2011,47088990,01:46,Released,Soul Surfer,6.9,342,Action,Drama,,,,Mandalay Pictures,TriStar Pictures,Brookwell-McNamara Entertainment,FilmDistrict,,,
18000000,10364,English,4.504377,24-06-1970,24911670,02:01,Released,Catch-22,6.7,72,War,Comedy,Drama,,,Paramount Pictures,Filmways Productions,,,,,
0,16991,English,10.529143,10-04-2009,24007324,01:26,Released,Observe and Report,5.6,225,Comedy,Crime,Drama,,,Legendary Pictures,De Line Pictures,,,,,
18000000,9610,English,18.379124,29-06-1984,100000000,01:43,Released,Conan the Destroyer,5.8,383,Adventure,Fantasy,Action,,,De Laurentiis Entertainment Group,,,,,,
18000000,1578,English,35.524457,14-11-1980,23000000,02:09,Released,Raging Bull,7.7,938,Drama,,,,,United Artists,,,,,,
18000000,25643,English,13.472365,18-09-2009,36133014,01:49,Released,Love Happens,5.6,180,Drama,Romance,,,,Universal Pictures,Stuber Productions,Camp / Thompson Pictures,Relativity Media,,,
18000000,11904,English,8.321586,04-12-1985,0,01:49,Released,Young Sherlock Holmes,6.7,167,Action,Adventure,Crime,Drama,Family,Paramount Pictures,Amblin Entertainment,,,,,
0,28665,English,7.668063,01-01-2009,0,01:47,Released,Fame,5.5,135,Music,Comedy,Drama,Romance,,United Artists,Lakeshore Entertainment,Metro-Goldwyn-Mayer (MGM),,,,
18000000,44115,English,52.464877,05-11-2010,35692920,01:34,Released,127 Hours,7,2606,Adventure,Drama,Thriller,,,Fox Searchlight Pictures,Warner Bros.,Cloud Eight Films,Path\u00e9,,,
0,10569,English,11.423533,19-05-2000,0,01:34,Released,Small Time Crooks,6.4,155,Action,Comedy,Crime,,,DreamWorks SKG,,,,,,
18000000,10560,English,6.961736,12-05-2000,17200925,01:55,Released,Center Stage,6.8,90,Drama,Music,,,,Columbia Pictures,,,,,,
17000000,333348,English,9.191187,12-11-2015,24000000,01:47,Released,Love the Coopers,5.4,167,Comedy,Family,,,,Imagine Entertainment,Groundswell Productions,CBS Films,,,,
18000000,20483,English,4.492859,06-02-2004,16702864,01:32,Released,Catch That Kid,4.9,76,Family,Action,Adventure,,,Fox 2000 Pictures,Mad Chance,Nimbus Film Productions,Mediastream Dritte Film GmbH & Co. Beteiligungs KG,,,
18000000,11457,English,5.706767,25-10-2001,0,02:05,Released,Life as a House,7.2,120,Drama,,,,,New Line Cinema,,,,,,
30000000,321697,English,53.670525,09-10-2015,34441873,02:02,Released,Steve Jobs,6.8,1573,Drama,History,,,,Universal Pictures,Scott Rudin Productions,Legendary Pictures,The Mark Gordon Company,,,
18000000,19840,English,14.15192,10-07-2009,0,01:42,Released,"I Love You, Beth Cooper",5.1,197,Comedy,Romance,,,,Ingenious Film Partners,1492 Pictures,Fox Atomic,Dune Entertainment III,,,
18000000,22327,English,13.462544,11-09-2009,0,01:27,Released,Youth in Revolt,5.9,319,Drama,Comedy,Romance,,,Dimension Films,,,,,,
18000000,38665,English,11.725805,20-08-1981,2945600,01:38,Released,The Legend of the Lone Ranger,3.7,14,Action,Adventure,Romance,Western,,ITC Entertainment,,,,,,
21000000,2575,English,7.047975,11-02-2001,28008462,01:49,Released,The Tailor of Panama,6.2,92,Drama,Thriller,,,,Columbia Pictures,Merlin Films,,,,,
18000000,11644,English,13.628601,24-07-1981,12000000,01:48,Released,Blow Out,7.3,236,Drama,Mystery,Thriller,,,Cinema 77,,,,,,
18000000,146227,English,16.520516,29-08-2013,10501938,01:30,Released,Getaway,4.9,246,Action,Crime,,,,Dark Castle Entertainment,Signature Pictures,After Dark Films,Silver Reel,,,
18000000,68924,English,14.916264,27-09-1997,8038061,01:52,Released,The Ice Storm,6.9,176,Drama,,,,,Fox Searchlight Pictures,Good Machine,Canal+ Droits Audiovisuels,,,,
18000000,253235,English,9.633711,20-07-2014,25312387,01:34,Released,And So It Goes,5.7,164,Comedy,Drama,Romance,,,Castle Rock Entertainment,Envision Entertainment,ASIG Productions,,,,
0,22102,English,3.455018,22-03-1989,0,01:45,Released,Troop Beverly Hills,5.6,56,Adventure,Comedy,Family,,,Columbia Pictures,Weintraub Entertainment Group,,,,,
0,18701,English,1.946634,03-09-2004,0,01:44,Released,Being Julia,6.4,23,Comedy,Drama,Romance,,,Serendipity Point Films,,,,,,
17000000,10068,English,12.313143,14-02-1986,6735922,01:57,Released,Nine 1/2 Weeks,5.8,177,Drama,Romance,,,,Metro-Goldwyn-Mayer (MGM),Producers Sales Organization (PSO),Jonesfilm,Galactic Films,,,
18000000,848,English,3.258422,26-06-1981,14110013,01:48,Released,Dragonslayer,6.5,67,Fantasy,,,,,Paramount Pictures,Walt Disney Productions,,,,,
0,36811,English,3.659292,04-09-2009,0,01:52,Released,The Last Station,6.7,55,Drama,Romance,,,,Zephyr Films,Egoli Tossell Film,,,,,
18000000,522,English,24.548633,27-09-1994,5887457,02:07,Released,Ed Wood,7.3,630,Comedy,Drama,History,,,Touchstone Pictures,,,,,,
18000000,130150,English,17.683563,27-12-2013,20275812,01:51,Released,Labor Day,6.7,299,Drama,,,,,Mr. Mudd Production,Indian Paintbrush,Right of Way Films,,,,
18000000,12246,Russian,10.1449,20-09-2007,26527510,02:00,Released,Mongol: The Rise of Genghis Khan,6.5,158,History,,,,,Kinokompaniya CTB,X-Filme Creative Pool,Andreevsky Flag Film Company,Kinofabrika,,,
18000000,13809,English,31.887978,04-09-2008,25739015,01:54,Released,RockNRolla,6.9,836,Action,Crime,Thriller,,,StudioCanal,Dark Castle Entertainment,Toff Guy Films,Warner Bros.,,,
0,27380,English,1.110179,25-06-1982,0,01:39,Released,Megaforce,3.5,15,Adventure,Action,Science Fiction,,,Golden Harvest Company,Northshore Investments Ltd.,,,,,
0,10549,English,9.814785,25-12-1996,0,04:02,Released,Hamlet,7.3,117,Drama,,,,,Castle Rock Entertainment,Turner Pictures (I),,,,,
25000000,33870,English,1.876811,01-10-2009,20719451,01:57,Released,Mao's Last Dancer,6.8,28,Drama,Romance,,,,Great Scott Productions Pty. Ltd.,,,,,,
18000000,245703,English,32.717853,18-02-2016,6212282,01:52,Released,Midnight Special,6.2,694,Adventure,Drama,Science Fiction,,,Warner Bros.,Faliro House Productions,Tri-State Pictures,,,,
0,10739,English,8.945081,27-08-2003,0,01:48,Released,Anything Else,6.2,149,Comedy,Romance,,,,DreamWorks SKG,Granada Film Productions,Perdido Prod.,Canal+,,,
18000000,127560,English,13.916583,26-12-2013,22309223,01:56,Released,The Railway Man,6.7,273,Drama,History,,,,Archer Street Productions,Lionsgate,Pictures in Paradise,Silver Reel,,,
15238800,37903,German,17.94739,21-05-2009,0,02:24,Released,The White Ribbon,7.2,255,Crime,Drama,Mystery,,,Les Films du Losange,Wega Film,Lucky Red,X-Filme Creative Pool,,,
0,396152,English,2.525569,03-05-2016,0,01:30,Released,Restoration,5.3,11,Horror,,,,,[],,,,,,
2700000,10017,English,10.47644,21-11-1986,3500000,01:33,Released,The Wraith,5.9,108,Romance,Science Fiction,Horror,Action,Crime,New Century Entertainment Corporation,Alliance Entertainment,Turbo Productions,,,,
18000000,11468,English,10.991281,01-01-2002,676698,01:43,Released,Salton Sea,7,104,Drama,Mystery,Thriller,,,Castle Rock Entertainment,Darkwoods Productions,,,,,
18000000,193613,English,7.871686,25-09-2013,7972967,01:33,Released,Metallica: Through the Never,6.7,83,Music,,,,,Exclusive Media Group,Picturehouse Entertainment,,,,,
18000000,17436,English,6.333869,05-11-2008,382174,01:38,Released,The Informers,4.4,60,Drama,,,,,Senator Entertainment Co,,,,,,
18000000,43434,English,1.138383,19-05-2010,871279,05:38,Released,Carlos,6.7,50,Crime,Drama,Thriller,History,,Egoli Tossell Film AG,Canal+,Arte France,Films en Stock,,,
18000000,31166,English,8.266124,14-05-2009,0,01:54,Released,I Come with the Rain,5.6,20,Thriller,Drama,,,,Central-Europa Film,Canal+,TF1 International,Morena Films,,,
0,69848,English,0.910529,02-08-1999,0,02:01,Released,One Man's Hero,9.3,2,Western,Action,Drama,History,,Filmax,Silver Lion Films,Televisa S.A. de C.V.,Arco Films S.L,,,
3500000,8408,English,18.025206,19-07-1985,34000000,01:36,Released,Day of the Dead,6.9,270,Horror,Science Fiction,,,,Dead Films,Laurel Entertainment,Toei,,,,
18000000,332411,English,10.144222,14-04-2016,0,01:32,Released,I Am Wrath,4.5,179,Action,Crime,Drama,Thriller,,Patriot Pictures,Vallelonga Productions,Vengeance is Mine Productions,Hannibal Classics,,,
18000000,9389,French,9.244181,16-03-2006,1831348,01:45,Released,Renaissance,6.7,77,Action,Animation,Science Fiction,,,Onyx Films,Backup Films,France2 Cin\u00e9ma,Centre National de la Cin\u00e9matographie (CNC),,,
17900000,9626,English,12.752463,09-04-1985,6948633,01:29,Released,Red Sonja,5,206,Adventure,Fantasy,Action,,,Famous Films (II),Metro-Goldwyn-Mayer (MGM),Dino De Laurentiis Company,,,,
14000000,75638,English,22.748174,02-03-2012,13551174,01:59,Released,Red Lights,6,376,Thriller,,,,,First Generation Films,Antena 3 Films,Televisi\u00f3 de Catalunya TV3,Canal+ Espa\u00f1a,,,
20000000,8363,English,33.436092,17-08-2007,121463226,01:53,Released,Superbad,7,2100,Comedy,,,,,Columbia Pictures,Apatow Productions,,,,,
0,15670,English,3.107371,16-02-2009,90508336,01:43,Released,Madea Goes to Jail,6.4,52,Comedy,Crime,Drama,,,Lions Gate Films,"Tyler Perry Company, The",,,,,
18000000,290555,English,7.922639,28-08-2014,0,01:30,Released,Wolves,5.7,82,Horror,Action,,,,Copperheart Entertainment,Entertainment One,Dark Hero Studios,,,,
23000000,8328,English,28.973074,14-02-2008,150816700,01:38,Released,Step Up 2: The Streets,6.5,640,Music,Drama,Romance,,,Summit Entertainment,Offspring Entertainment,Touchstone Pictures,,,,
15000000,10982,English,23.980329,16-12-2005,51053787,01:20,Released,Hoodwinked!,5.9,479,Animation,Comedy,Family,,,The Weinstein Company,Kanbar Entertainment,Blue Yonder Films,,,,
17500000,205,English,28.60542,11-09-2004,38000000,02:01,Released,Hotel Rwanda,7.5,793,Drama,History,War,,,Lions Gate Films,United Artists,Industrial Development Corporation of South Africa,Endgame Entertainment,,,
24000000,1620,English,42.669304,21-11-2007,99965753,01:29,Released,Hitman,5.9,966,Action,Crime,Drama,Thriller,,Twentieth Century Fox Film Corporation,Dune Entertainment,Anka Film,EuropaCorp,,,
17500000,175541,English,7.180403,27-11-2013,7018189,01:33,Released,Black Nativity,5.8,16,Drama,Music,,,,Fox Searchlight Pictures,Malvern Pictures,,,,,
18000000,241254,English,21.638673,22-08-2014,266586800,01:33,Released,The Prince,4.6,218,Thriller,Action,,,,Grindstone Entertainment Group,Emmett/Furla Films,Oasis Films,Aperture Entertainment,,,
0,31932,English,2.64486,01-01-2002,0,01:56,Released,City of Ghosts,5.4,18,Thriller,,,,,[],,,,,,
0,1933,English,25.881355,02-08-2001,0,01:41,Released,The Others,7.4,1660,Horror,Drama,Mystery,Thriller,,Cruise/Wagner Productions,Canal Plus,Sogecine,Las Producciones del Escorpion,,,
18500000,679,English,67.66094,18-07-1986,183316455,02:17,Released,Aliens,7.7,3220,Horror,Action,Thriller,Science Fiction,,Twentieth Century Fox Film Corporation,SLM Production Group,Brandywine Productions,,,,
17000000,11113,English,20.786616,21-10-1964,72070731,02:50,Released,My Fair Lady,7.4,352,Drama,Family,Music,Romance,,Warner Bros.,,,,,,
17000000,3597,English,27.654472,17-10-1997,125586134,01:40,Released,I Know What You Did Last Summer,5.6,687,Horror,Thriller,Mystery,,,Columbia Pictures Corporation,Mandalay Entertainment,Summer Knowledge LLC,,,,
17000000,193893,English,70.668923,13-08-2014,136621271,01:44,Released,Let's Be Cops,6.4,1219,Comedy,,,,,Twentieth Century Fox Film Corporation,WideAwake,Genre Films,,,,
16000000,9675,English,23.425431,22-10-2004,109502303,02:06,Released,Sideways,6.9,478,Comedy,Drama,Romance,,,Fox Searchlight Pictures,Michael London Productions,Sideways Productions Inc.,,,,
17500000,9988,English,14.304444,25-08-2006,19179969,01:50,Released,Beerfest,5.8,172,Comedy,,,,,Broken Lizard Industries,,,,,,
300000,948,English,30.301307,25-10-1978,70000000,01:31,Released,Halloween,7.4,1035,Horror,Thriller,,,,Compass International Pictures,Falcon International Productions,,,,,
17000000,21765,English,3.56033,10-10-2003,0,01:27,Released,Good Boy!,4.7,30,Comedy,Family,Science Fiction,,,Jim Henson Pictures,Metro-Goldwyn-Mayer (MGM),,,,,
17000000,146304,English,7.210095,15-11-2013,71625195,02:03,Released,The Best Man Holiday,6.7,110,Comedy,,,,,Universal,,,,,,
17000000,7516,English,23.491962,09-12-2006,57103895,01:49,Released,Smokin' Aces,6.4,534,Action,Comedy,Crime,Thriller,,Universal Pictures,StudioCanal,Relativity Media,Scion Films,,,
20000000,41439,English,36.133536,21-10-2010,136150434,01:30,Released,Saw: The Final Chapter,5.8,730,Horror,Crime,,,,Lionsgate,Twisted Pictures,Serendipity Productions,,,,
17000000,2752,English,14.18136,01-03-2002,0,01:34,Released,40 Days and 40 Nights,5.2,297,Comedy,Romance,,,,Miramax Films,Universal Pictures,Working Title Films,,,,
17000000,9429,English,12.709227,01-10-1998,30331165,01:21,Released,A Night at the Roxbury,5.9,198,Comedy,,,,,Paramount Pictures,SNL Studios,,,,,
17000000,38117,English,24.054062,21-01-2011,43165571,01:26,Released,Beastly,6,849,Drama,Fantasy,Romance,,,CBS Films,Mel's Cite du Cinema,Storefront Films,,,,
15000000,9792,English,35.107857,10-03-2006,69623713,01:47,Released,The Hills Have Eyes,6.1,705,Horror,Thriller,,,,Fox Searchlight Pictures,Dune Entertainment,Major Studio Partners,Craven-Maddalena Films,,,
0,13778,English,10.149569,05-09-2003,0,01:38,Released,Dickie Roberts: Former Child Star,5.1,64,Comedy,,,,,Paramount Pictures,Happy Madison Productions,,,,,
0,228203,English,14.023082,20-02-2015,45710059,02:08,Released,"McFarland, USA",7.4,213,Drama,,,,,Walt Disney Pictures,Mayhem Pictures,,,,,
0,41382,English,9.054803,20-08-2010,0,01:39,Released,Lottery Ticket,5.6,54,Comedy,,,,,Cube Vision,Sweepstake Productions,,,,,
20000000,13960,English,5.422285,31-03-2006,21170563,01:45,Released,ATL,6,32,Drama,,,,,Warner Bros.,,,,,,
17000000,114150,English,32.746486,28-09-2012,115350426,01:52,Released,Pitch Perfect,7.3,2247,Comedy,Music,Romance,,,Brownstone Productions,,,,,,
34000000,26602,English,3.960098,22-08-2001,19693891,01:48,Released,Summer Catch,4.8,63,Drama,Comedy,Romance,,,Tollin/Robbins Productions,Warner Bros.,,,,,
0,10223,English,10.178917,11-12-1998,0,02:01,Released,A Simple Plan,6.9,187,Drama,Crime,Thriller,,,Paramount Pictures,,,,,,
17000000,16028,English,4.544216,01-11-2002,0,01:29,Released,They,4.6,74,Horror,Thriller,,,,Dimension Films,Focus Features,Good Machine,Radar Pictures,,,
0,15639,English,2.184708,24-03-2006,0,01:29,Released,Larry the Cable Guy: Health Inspector,3.3,17,Comedy,,,,,Parallel Pictures,,,,,,
0,16112,English,3.09159,01-10-1999,0,01:13,Released,The Adventures of Elmo in Grouchland,6.3,14,Family,,,,,Columbia Pictures,Children's Television Workshop,Jim Henson Pictures,,,,
17000000,26390,English,18.790102,16-01-2009,29536299,02:13,Released,Brooklyn's Finest,6.2,293,Crime,Drama,Thriller,,,Nu Image Films,Langley Productions,Thunder Road Productions,Fuqua Films,,,
17000000,27759,English,3.321095,06-05-1963,10000000,02:34,Released,55 Days at Peking,6.3,36,Action,Drama,History,,,Allied Artists Pictures,Samuel Bronston Productions,,,,,
17000000,109428,English,33.912116,05-04-2013,97542952,01:31,Released,Evil Dead,6.4,1723,Horror,,,,,TriStar Pictures,Ghost House Pictures,FilmDistrict,,,,
17000000,23049,English,5.787891,06-02-2009,20455276,01:35,Released,My Life in Ruins,5.6,101,Comedy,Romance,,,,Fox Searchlight Pictures,26 Films,,,,,
17000000,9310,English,7.864011,04-03-2006,7314027,01:47,Released,American Dreamz,4.9,95,Comedy,Drama,Family,,,Universal Pictures,Depth of Field,,,,,
17000000,11411,English,17.062117,23-07-1987,19300000,01:30,Released,Superman IV: The Quest for Peace,4.1,318,Action,Adventure,Science Fiction,,,Cannon Films,Warner Bros.,London-Cannon Films,Golan-Globus Productions,,,
0,16988,English,1.782666,25-01-2008,0,01:34,Released,How She Move,3,6,Drama,,,,,MTV Films,T\u00e9l\u00e9film Canada,Celluloid Dreams,Astral Media,,,
17000000,7304,English,19.311572,06-01-2006,9500000,02:02,Released,Running Scared,7,331,Action,Crime,Drama,Thriller,,International Production Company,True Grit Productions,Zero Gravity Management,Pierce/Williams Entertainment,,,
0,24747,English,2.897449,30-04-2004,0,02:00,Released,Bobby Jones: Stroke of Genius,5.5,19,Drama,,,,,Dean River Productions,Bobby Jones Films LLC,LIFE(n),McDongall Films,,,
17000000,58048,English,0.138564,29-08-1986,0,01:37,Released,Shanghai Surprise,2.9,15,Adventure,,,,,HandMade Films,"Vista Organisation, The",,,,,
40000000,1491,English,36.960953,18-08-2006,86915017,01:50,Released,The Illusionist,7.1,1615,Fantasy,Drama,Thriller,Romance,,Michael London Productions,Stillking Films,Bob Yari Productions,Bull's Eye Entertainment,,,
17000000,2989,English,1.15641,12-11-1981,2000000,01:42,Released,Roar,5.6,19,Adventure,Thriller,,,,American Filmworks,,,,,,
17000000,10629,English,9.583578,11-07-2003,1569918,01:38,Released,Veronica Guerin,6.8,59,Drama,Crime,Thriller,,,Jerry Bruckheimer Films,Touchstone Pictures,,,,,
17000000,255343,English,25.112567,11-10-2014,3758328,02:00,Released,Escobar: Paradise Lost,6.1,271,Thriller,Romance,,,,Nexus Factory,uFilm,Jaguar Films,Umedia,,,
17000000,4723,English,9.349386,15-05-2006,374743,02:24,Released,Southland Tales,5.2,153,Action,Adventure,Comedy,Drama,Science Fiction,Universal Pictures,Destination Films,Persistent Entertainment,Wild Bunch,,,
15000000,10800,French,8.884405,19-03-2008,0,01:20,Released,Dragon Hunters,6.5,129,Animation,Family,,,,Futurikon,,,,,,
17000000,25763,English,2.215261,10-09-1977,8720000,01:31,Released,Damnation Alley,5,27,Action,Adventure,Science Fiction,,,Twentieth Century Fox Film Corporation,,,,,,
17000000,79694,English,6.385234,23-08-2012,9627492,01:22,Released,The Apparition,4.5,140,Horror,Thriller,,,,StudioCanal,Dark Castle Entertainment,Warner Bros.,Studio Babelsberg Motion Pictures,,,
16500000,4032,English,20.935169,27-11-1991,0,01:42,Released,My Girl,7,428,Comedy,Drama,Family,,,Columbia Pictures,Imagine Entertainment,,,,,
16800000,18615,English,4.358255,30-08-2006,2281089,02:02,Released,Fur: An Imaginary Portrait of Diane Arbus,5.8,73,Drama,Mystery,Romance,,,River Road Entertainment,Edward R. Pressman Film,Iron Film,,,,
15000000,10673,English,24.898687,10-12-1987,43848069,02:06,Released,Wall Street,7,546,Crime,Drama,,,,Twentieth Century Fox Film Corporation,,,,,,
16500000,4584,English,20.898711,13-12-1995,135000000,02:16,Released,Sense and Sensibility,7.2,352,Drama,Romance,,,,Columbia Pictures Corporation,Mirage Enterprises,,,,,
16500000,2977,English,18.236284,02-03-2007,37311672,02:00,Released,Becoming Jane,6.9,317,Drama,Romance,,,,Ecosse Films,2 Entertain,Bueprint Pictures,,,,
16500000,10760,English,10.74648,21-09-2007,13620075,01:48,Released,Sydney White,6,236,Comedy,,,,,Morgan Creek Productions,Clifford Werber Productions,SW7D Productions,,,,
16500000,11093,English,12.102725,19-12-2003,16942795,02:06,Released,House of Sand and Fog,7,199,Drama,,,,,DreamWorks SKG,Cobalt Media Group,Bisgrove Entertainment,,,,
16400000,207,English,55.458584,02-06-1989,235860116,02:09,Released,Dead Poets Society,8.1,2705,Drama,,,,,Touchstone Pictures,Silver Screen Partners IV,,,,,
16000000,8467,English,35.777067,16-12-1994,247275374,01:47,Released,Dumb and Dumber,6.5,1859,Comedy,,,,,New Line Cinema,Motion Picture Corporation of America (MPCA),,,,,
16000000,639,English,18.430419,21-07-1989,92823546,01:36,Released,When Harry Met Sally...,7.3,950,Comedy,Romance,Drama,,,Castle Rock Entertainment,Nelson Entertainment,,,,,
16000000,24226,English,7.980632,08-12-1982,53977250,02:09,Released,The Verdict,7.4,131,Drama,,,,,Twentieth Century Fox Film Corporation,,,,,,
16000000,9285,English,14.759948,19-05-2000,119754278,01:33,Released,Road Trip,5.9,542,Comedy,Adventure,,,,DreamWorks SKG,The Montecito Picture Company,,,,,
0,14709,English,9.229999,15-01-1999,0,01:46,Released,Varsity Blues,6,122,Comedy,Drama,Romance,,,Paramount Pictures,MTV Films,,,,,
15000000,74643,English,29.943316,15-05-2011,133432856,01:40,Released,The Artist,7.3,1049,Drama,Comedy,Romance,,,France 3 Cin\u00e9ma,La Petite Reine,Studio 37,uFilm,,,
16000000,13788,English,15.788784,09-01-2009,76514050,01:27,Released,The Unborn,4.8,365,Horror,Thriller,Mystery,,,Rogue Pictures,Phantom Four,Platinum Dunes,Relativity Media,,,
16000000,83666,English,41.083914,16-05-2012,68263166,01:34,Released,Moonrise Kingdom,7.6,1662,Comedy,Drama,Romance,,,Scott Rudin Productions,Indian Paintbrush,Focus Features,American Empirical Pictures,,,
16000000,10781,English,21.380635,06-10-2006,0,01:31,Released,The Texas Chainsaw Massacre: The Beginning,5.9,402,Horror,,,,,New Line Cinema,Next Entertainment,Platinum Dunes,Vortex/Henkel/Hooper,,,
18500000,318850,English,1.884558,10-03-2016,6490401,02:00,Released,The Young Messiah,6.4,30,Drama,,,,,Focus Features,,,,,,
0,13908,English,4.382761,02-08-2002,0,01:20,Released,The Master of Disguise,3.7,78,Comedy,Family,,,,Columbia Pictures,Revolution Studios,Happy Madison Productions,,,,
19000000,1417,Spanish,90.809408,27-05-2006,83258226,01:58,Released,Pan's Labyrinth,7.6,3041,Fantasy,Drama,War,,,Estudios Picasso,Esperanto Filmoj,Tequila Gang,,,,
0,39180,English,6.579017,02-03-2001,0,01:34,Released,See Spot Run,4.8,44,Action,Comedy,Family,,,Village Roadshow Pictures,NPV Entertainment,Robert Simonds Productions,Warner Bros.,,,
16000000,16161,English,7.854989,27-06-2001,29381649,02:10,Released,Baby Boy,7.4,55,Crime,Drama,Romance,,,Columbia Pictures,New Deal Productions,,,,,
16000000,49950,English,11.807269,04-02-2011,40492759,01:31,Released,The Roommate,5.3,224,Thriller,Drama,Horror,,,Vertigo Entertainment,Screen Gems,,,,,
17700000,10956,English,15.976335,10-04-2001,30987695,01:31,Released,Joe Dirt,5.5,242,Mystery,Adventure,Comedy,Romance,Drama,Columbia Pictures,Happy Madison Productions,,,,,
15000000,9594,English,10.484642,10-08-1991,30102717,01:50,Released,Double Impact,5.3,215,Thriller,Action,Crime,Drama,,Stone Group Pictures,,,,,,
12000000,4638,English,38.623178,14-02-2007,80573774,02:01,Released,Hot Fuzz,7.4,2199,Crime,Action,Comedy,,,Universal Pictures,Big Talk Productions,StudioCanal,GAGA,,,
16000000,13972,English,8.8321,12-09-2008,50007546,01:54,Released,The Women,4.6,96,Comedy,Drama,Romance,,,New Line Cinema,,,,,,
15000000,5038,English,32.758254,15-08-2008,96408652,01:36,Released,Vicky Cristina Barcelona,6.7,1020,Drama,Romance,,,,The Weinstein Company,Gravier Productions,Antena 3 Films,Televisi\u00f3 de Catalunya (TV3),,,
25000000,13491,Swedish,6.091033,17-12-2007,0,02:19,Released,Arn: The Knight Templar,6.4,76,Action,Adventure,Drama,Romance,,Danmarks Radio (DR),Telepool,AMC Pictures,TV4 Sweden,,,
16000000,10571,English,9.119797,16-06-2000,20627372,01:34,Released,Boys and Girls,5.4,103,Comedy,Drama,Romance,,,Punch 21 Productions,,,,,,
0,10994,English,9.423866,11-10-2002,0,01:49,Released,White Oleander,7.2,108,Drama,,,,,Pandora Filmproduktion,John Wells Productions,Gaylord Films,Warner Bros.,,,
16000000,19994,English,32.257414,18-09-2009,31556061,01:40,Released,Jennifer's Body,5.3,837,Comedy,Horror,,,,Dune Entertainment,Fox Atomic,,,,,
16000000,25166,English,3.021835,03-03-2000,15427192,01:36,Released,Drowning Mona,5.4,43,Comedy,Crime,Mystery,,,Code Entertainment,Neverland Films,,,,,
16000000,30890,English,7.612849,30-01-1987,0,01:30,Released,Radio Days,7,127,Comedy,Drama,,,,Orion Pictures,,,,,,
20000000,23169,English,36.764666,12-03-2010,0,01:53,Released,Remember Me,6.9,948,Drama,Romance,,,,Summit Entertainment,,,,,,
0,17403,English,3.199784,18-07-2003,0,01:39,Released,How to Deal,5.7,42,Drama,Comedy,Romance,,,Golden Mean,Focus Features,Radar Pictures,,,,
20000000,12120,English,9.455596,09-12-1988,13854000,01:48,Released,My Stepmother is an Alien,5.3,131,Comedy,Science Fiction,,,,Weintraub Entertainment Group,The Catalina Production Group,,,,,
26000000,9800,English,44.301745,22-12-1993,206678440,02:05,Released,Philadelphia,7.6,988,Drama,,,,,TriStar Pictures,Clinica Estetico,,,,,
16000000,1090,English,19.890428,16-04-1999,18564088,01:40,Released,The Thirteenth Floor,6.8,378,Thriller,Science Fiction,Mystery,,,Columbia Pictures,Centropolis Film Productions,,,,,
16000000,18475,English,0.830596,03-09-2004,12,01:37,Released,The Cookout,4.6,10,Comedy,Drama,,,,Cookout Productions,,,,,,
0,40160,English,2.637355,19-10-1979,0,01:47,Released,Meteor,5.1,36,Action,Science Fiction,Thriller,,,Palladium Productions,American International Pictures (AIP),Meteor Joint Venture,,,,
0,18074,English,2.25453,09-09-2000,0,01:52,Released,Duets,5.5,34,Comedy,Drama,Music,,,Hollywood Pictures,Beacon Pictures,Seven Arts Pictures,,,,
16000000,9689,English,8.711782,03-05-2002,0,01:52,Released,Hollywood Ending,6.4,113,Comedy,Drama,,,,DreamWorks SKG,,,,,,
6500000,9781,English,5.700333,13-08-1999,4217115,01:35,Released,Detroit Rock City,6.7,100,Comedy,Music,,,,New Line Cinema,Base 12 Productions,Corrupter Production Service Ltd.,Takoma Entertainment,,,
16000000,8009,English,29.253833,07-03-1986,5900000,01:56,Released,Highlander,6.8,624,Adventure,Action,Fantasy,,,Davis-Panzer Productions,Thorn EMI Screen Entertainment,,,,,
16000000,3877,English,8.842869,26-09-2007,2849142,01:53,Released,Things We Lost in the Fire,6.7,90,Drama,,,,,DreamWorks SKG,Neal Street Productions,DreamWorks Pictures,Province of British Columbia Production Services Tax Credit,,,
16000000,8854,English,2.848727,15-08-1997,1686429,01:37,Released,Steel,4.3,48,Science Fiction,Action,Adventure,,,Quincy Jones-David Salzman Entertainment,Warner Bros.,DC Entertainment,,,,
16000000,152599,English,13.832464,03-07-2013,5867686,01:57,Released,The Immigrant,6.2,250,Drama,Romance,,,,Kingsgate Films,Worldview Entertainment,,,,,
0,18840,English,4.488547,30-10-2005,0,02:15,Released,The White Countess,6.9,21,Drama,History,Family,Romance,,Sony Pictures Classics,Shanghai Film Group,Merchant Ivory Productions,,,,
20000000,68727,English,38.802415,27-03-2013,24261569,01:41,Released,Trance,6.5,956,Thriller,Crime,Drama,Mystery,,Cloud Eight Films,Path\u00e9,Decibel Films,Film4,,,
16000000,12657,English,9.400404,28-05-2004,14822346,01:26,Released,Soul Plane,4.7,108,Romance,Comedy,,,,Metro-Goldwyn-Mayer (MGM),,,,,,
11000000,8265,French,18.923181,09-01-2008,53191886,01:46,Released,Welcome to the Sticks,6.8,615,Comedy,,,,,Centre National de la Cin\u00e9matographie,TF1 Films Productions,Path\u00e9 Renn Productions,Hirsch,,,
0,12410,English,2.397987,11-12-2008,0,01:36,Released,Good,6.3,29,Drama,,,,,[],,,,,,
13000000,34647,English,20.39955,05-05-2009,754249,02:41,Released,Enter the Void,7.2,387,Fantasy,Drama,,,,BIM Distribuzione,Wild Bunch,,,,,
16000000,73935,English,7.251897,25-08-2012,0,01:33,Released,Vamps,4.8,91,Comedy,Romance,Horror,,,Lucky Monkey Pictures,Red Hour Films,,,,,
16000000,28178,English,43.217089,13-06-2009,47801389,01:33,Released,Hachi: A Dog's Tale,7.7,1717,Drama,Family,,,,Grand Army Entertainment,Scion Films,Inferno Distribution,Stage 6 Films,,,
16000000,185567,English,14.529496,04-12-2013,0,01:50,Released,Zulu,6.7,172,Crime,Drama,Thriller,,,Eskwad,M6 Films,Canal+,Path\u00e9,,,
16000000,264656,English,20.59148,18-05-2014,3442853,02:02,Released,The Homesman,6.4,258,Western,Drama,,,,The Javelina Film Company,EuropaCorp,Ithaca Pictures,,,,
15600000,35696,English,2.244947,21-06-2002,0,01:31,Released,Juwanna Mann,4.2,20,Comedy,Drama,,,,Warner Bros.,Morgan Creek Productions,,,,,
0,16351,English,1.326264,20-05-2002,0,01:55,Released,Ararat,5.7,16,War,Drama,,,,Alliance Atlantis Communications,Serendipity Point Films,Ego Film Arts,,,,
0,38717,English,0.212108,23-01-2001,0,01:39,Released,Madison,5.3,3,Action,Adventure,Drama,,,[],,,,,,
15500000,18777,English,6.630856,12-09-2005,1237615,01:33,Released,Slow Burn,5.5,16,Mystery,Crime,Drama,Thriller,,Sidney Kimmel Entertainment,Greenestreet Films,Longfellow Pictures,Bonnie Timmermann Productions,,,
15300000,2110,French,18.20957,31-10-2001,0,01:34,Released,Wasabi,6.2,283,Drama,Action,Comedy,,,Canal Plus,TF1 Films Productions,Tobis,Destiny,,,
15500000,9035,English,17.327279,31-03-2006,0,01:35,Released,Slither,6.3,317,Comedy,Horror,Science Fiction,,,Universal Pictures,,,,,,
15000000,90,English,29.843818,29-11-1984,316360478,01:45,Released,Beverly Hills Cop,6.8,961,Action,Comedy,Crime,,,Paramount Pictures,Eddie Murphy Productions,,,,,
18000000,771,English,2.186927,09-11-1990,476684675,01:43,Released,Home Alone,7.1,2414,Comedy,Family,,,,Twentieth Century Fox Film Corporation,Hughes Entertainment,,,,,
0,12154,Spanish,12.335827,27-11-1987,0,01:42,Released,Three Men and a Baby,5.8,253,Family,Comedy,Drama,,,Touchstone Pictures,Interscope Communications,,,,,
21000000,9576,English,20.818567,16-12-1982,177200000,01:56,Released,Tootsie,6.9,421,Comedy,Romance,,,,Columbia Pictures Corporation,Mirage Enterprises,Punch Productions,Delphi Films,,,
15000000,744,English,58.900647,16-05-1986,356830601,01:50,Released,Top Gun,6.7,1698,Action,Romance,War,,,Paramount Pictures,,,,,,
17000000,146,Chinese,45.742254,01-10-2000,213525736,02:00,Released,"Crouching Tiger, Hidden Dragon",7.2,927,Adventure,Drama,Action,Romance,,Sony Pictures Classics,China Film Co-Production Corporation,Columbia Pictures Film Production Asia,Good Machine,,,
15000000,14,English,80.878605,15-09-1999,356296601,02:02,Released,American Beauty,7.9,3313,Drama,,,,,DreamWorks SKG,Jinks/Cohen Company,,,,,
15000000,45269,English,54.053576,06-09-2010,414211549,01:58,Released,The King's Speech,7.6,2752,Drama,History,,,,The Weinstein Company,UK Film Council,Bedlam Productions,See-Saw Films,,,
15000000,9493,English,17.638286,09-12-1988,216614388,01:47,Released,Twins,5.7,559,Comedy,,,,,Universal Pictures,,,,,,
15000000,22556,English,3.803495,17-12-2008,317000,01:42,Released,The Yellow Handkerchief,6.4,52,Drama,Romance,,,,area japan,,,,,,
15000000,873,English,17.571533,18-12-1985,146292009,02:34,Released,The Color Purple,7.7,338,Drama,,,,,Amblin Entertainment,The Guber-Peters Company,Warner Bros.,,,,
16000000,33196,Korean,4.628525,06-06-2009,11301649,02:00,Released,Tidal Wave,6.5,48,Action,Adventure,Drama,Thriller,,Polygon Entertainment,CJ Entertainment,Doosabu Film,,,,
14000000,205596,English,145.364591,14-11-2014,233555708,01:53,Released,The Imitation Game,8,5723,History,Drama,Thriller,War,,Black Bear Pictures,Bristol Automotive,,,,,
0,10765,English,12.18838,06-10-1980,0,01:49,Released,Private Benjamin,6,102,Comedy,,,,,Warner Bros.,,,,,,
15000000,16769,English,3.826685,07-03-1980,67182787,02:05,Released,Coal Miner's Daughter,7.2,67,Drama,Music,,,,Universal Pictures,,,,,,
15000000,33217,English,21.095489,19-03-2010,75700498,01:32,Released,Diary of a Wimpy Kid,5.9,355,Comedy,Family,,,,Dune Entertainment,Color Force,Dayday Films,,,,
15000000,132232,English,47.455148,17-01-2013,146497771,01:40,Released,Mama,6,1401,Horror,,,,,Universal Pictures,Toma 78,De Milo,,,,
15000000,11153,English,22.838834,28-07-1983,61399552,01:38,Released,National Lampoon's Vacation,7.1,410,Comedy,Adventure,Romance,,,Warner Bros.,,,,,,
15000000,208134,English,27.165222,22-10-2013,151831537,01:32,Released,Bad Grandpa,6,680,Comedy,,,,,Paramount Pictures,MTV Films,Dickhouse Productions,,,,
15000000,1165,English,19.113278,15-09-2006,123384128,01:43,Released,The Queen,6.8,338,Drama,,,,,BIM Distribuzione,Granada Film Productions,Scott Rudin Productions,Path\u00e9 Renn Productions,,,
15000000,4011,English,58.553213,29-02-1988,73326666,01:32,Released,Beetlejuice,7.1,1444,Fantasy,Comedy,,,,"Geffen Company, The",Warner Bros.,,,,,
15000000,17202,English,2.005111,12-10-2007,55184721,01:53,Released,Why Did I Get Married?,6.1,33,Comedy,Drama,,,,Lions Gate Films,,,,,,
18000000,9587,English,16.418639,21-12-1994,0,01:55,Released,Little Women,7,215,Drama,Romance,,,,Columbia Pictures,,,,,,
17000000,65086,English,43.675191,01-02-2012,127730736,01:35,Released,The Woman in Black,6.1,1206,Drama,Horror,Thriller,,,Hammer Film Productions,UK Film Council,Alliance Films,Film i V\u00e4st,,,
15000000,10053,English,4.688212,03-02-2006,66966987,01:27,Released,When a Stranger Calls,5.4,268,Horror,Thriller,,,,Davis Entertainment,Screen Gems,,,,,
15000000,11870,English,9.125594,08-02-2002,52970014,01:28,Released,Big Fat Liar,5.6,197,Comedy,Family,,,,Universal Pictures,,,,,,
15000000,11778,English,19.786392,08-12-1978,50000000,03:03,Released,The Deer Hunter,7.8,921,Drama,War,,,,Universal Pictures,EMI Films Ltd.,,,,,
15000000,586,English,13.581966,25-12-1997,64256513,01:37,Released,Wag the Dog,6.7,270,Comedy,Drama,,,,New Line Cinema,Tribeca Productions,Baltimore Pictures,,,,
17000000,18736,English,11.927667,25-04-2003,55534455,01:34,Released,The Lizzie McGuire Movie,5.7,280,Family,Comedy,,,,Walt Disney Pictures,Teen Life Productions,,,,,
35000000,134411,English,30.556135,21-02-2013,42930462,01:52,Released,Snitch,5.8,1138,Thriller,Drama,,,,Front Street Productions,Participant Media,Imagenation Abu Dhabi FZ,Exclusive Media Group,,,
15000000,287903,English,31.565117,26-11-2015,61548707,01:38,Released,Krampus,5.9,584,Horror,Comedy,Fantasy,,,Universal Pictures,Legendary Pictures,,,,,
15000000,9276,English,21.535126,25-12-1998,40283321,01:44,Released,The Faculty,6.2,492,Horror,Mystery,Science Fiction,,,Dimension Films,Los Hooligans Productions,,,,,
0,15765,English,7.921311,09-06-1993,0,01:58,Released,What's Love Got to Do with It,6.9,72,Drama,Music,,,,Touchstone Pictures,,,,,,
15000000,2142,English,19.284129,15-08-1997,44862187,01:44,Released,Cop Land,6.6,382,Action,Crime,Drama,,,Miramax Films,Across the River Productions,Woods Entertainment,,,,
16000000,11397,English,23.423082,07-12-2001,66468332,01:29,Released,Not Another Teen Movie,5.5,431,Comedy,,,,,Original Film,Columbia Pictures Corporation,Neal H. Moritz Productions,,,,
7000000,77016,English,49.517264,20-09-2012,48126384,01:49,Released,End of Watch,7.2,1170,Crime,Drama,Thriller,,,Emmett/Furla Films,Exclusive Media Group,Hedge Fund Film Partners,Crave Films,,,
15000000,11478,English,11.375032,31-03-2000,35007180,01:46,Released,The Skulls,5.8,156,Crime,Drama,Thriller,,,Universal Pictures,Original Film,Newmarket Capital Group,Cranium Films,,,
15000000,266856,English,61.182331,26-11-2014,123726688,02:03,Released,The Theory of Everything,7.8,3311,Drama,Romance,,,,Working Title Films,,,,,,
0,13411,English,7.314796,10-04-2003,0,01:26,Released,Malibu's Most Wanted,4.7,77,Comedy,Crime,,,,Karz Entertainment,Big Ticket Productions,Warner Bros.,,,,
15000000,10564,English,6.857923,27-04-2000,33771174,02:00,Released,Where the Heart Is,6.9,155,Comedy,Drama,Romance,,,Twentieth Century Fox Film Corporation,Wind Dancer Films,,,,,
15000000,947,English,41.286336,10-12-1962,69995385,03:36,Released,Lawrence of Arabia,7.8,851,Adventure,Drama,History,War,,Horizon Pictures (II),,,,,,
15000000,24150,English,12.929525,28-08-2009,39421467,01:45,Released,Halloween II,5.1,267,Horror,,,,,Dimension Films,Spectacle Entertainment Group,Trancas International Films,,,,
15000000,228970,English,42.952942,05-12-2014,52501541,01:55,Released,Wild,7,951,Drama,,,,,Fox Searchlight Pictures,Pacific Standard,bob industries,,,,
15000000,18405,English,19.760383,13-03-2009,32721635,01:50,Released,The Last House on the Left,6.2,440,Crime,Thriller,Horror,Drama,,Rogue Pictures,Film Afrika,Sean S. Cunningham Films,,,,
15000000,6961,English,10.194097,04-02-2005,47175038,01:28,Released,The Wedding Date,6.2,230,Comedy,Romance,,,,26 Films,Gold Circle Films,Visionview Production,,,,
13000000,11442,English,11.045593,01-07-2002,37664855,01:34,Released,Halloween: Resurrection,4.5,228,Horror,Thriller,,,,Dimension Films,,,,,,
16000000,2493,English,44.533612,18-09-1987,30857814,01:38,Released,The Princess Bride,7.6,1486,Adventure,Family,Fantasy,Comedy,Romance,Act III Communications,The Princess Bride Ltd.,Buttercup Films Ltd.,,,,
15000000,14047,English,10.84158,27-12-2007,30226144,02:06,Released,The Great Debaters,6.9,151,Drama,,,,,The Weinstein Company,Harpo Films,Marshall Production,,,,
15000000,64690,English,49.294864,06-08-2011,78054825,01:40,Released,Drive,7.4,3725,Drama,Action,Thriller,Crime,,Bold Films,Marc Platt Productions,Odd Lot Entertainment,FilmDistrict,,,
15000000,11132,English,7.424798,17-02-2004,29331068,01:29,Released,Confessions of a Teenage Drama Queen,5.1,221,Comedy,,,,,Walt Disney Pictures,,,,,,
15000000,17127,English,5.164281,17-04-1998,46905889,01:51,Released,The Object of My Affection,5.6,72,Comedy,Drama,Romance,,,Twentieth Century Fox Film Corporation,,,,,,
15000000,1562,English,34.759855,26-04-2007,64238440,01:40,Released,28 Weeks Later,6.5,1197,Horror,Thriller,Science Fiction,,,DNA Films,Figment Films,Sociedad General de Cine S.A.,UK Film Council,,,
15000000,232679,English,7.297757,22-08-2014,30127963,01:55,Released,When the Game Stands Tall,6.3,130,Drama,,,,,Mandalay Pictures,Affirm Films,,,,,
14000000,17880,English,3.334804,18-02-2005,32645546,01:46,Released,Because of Winn-Dixie,6.1,61,Comedy,Drama,Family,,,Twentieth Century Fox Film Corporation,,,,,,
20000000,14736,English,2.027393,21-04-2000,27728118,02:04,Released,Love & Basketball,7.4,88,Action,Comedy,Drama,Romance,,40 Acres & A Mule Filmworks,,,,,,
0,9434,English,13.817269,11-04-1997,28084357,01:47,Released,Grosse Pointe Blank,6.9,275,Action,Comedy,Thriller,Romance,,Caravan Pictures,Hollywood Pictures,Roger Birnbaum Productions,,,,
15000000,23706,English,13.237835,04-09-2009,40105542,01:39,Released,All About Steve,4.7,295,Comedy,,,,,Dune Entertainment,Fox 2000 Pictures,Fortis Films,Dune Entertainment III,,,
0,11531,English,3.890223,27-10-2000,0,01:30,Released,Book of Shadows: Blair Witch 2,4.3,212,Mystery,Thriller,Horror,,,Artisan Entertainment,Haxan Films,,,,,
15000000,9100,English,19.517239,03-05-1996,24769466,01:41,Released,The Craft,6.3,380,Drama,Fantasy,Horror,Thriller,,Columbia Pictures,,,,,,
15000000,116,English,30.669913,26-10-2005,85306374,02:04,Released,Match Point,7.3,1105,Drama,Thriller,Crime,Romance,,DreamWorks,,,,,,
0,38843,English,9.681147,23-07-2010,0,01:43,Released,Ramona and Beezus,6.1,245,Comedy,Family,,,,Dune Entertainment,DiNovi Pictures,,,,,
11500000,1245,English,15.355589,05-11-1993,23237911,02:14,Released,The Remains of the Day,7.5,202,Drama,Romance,,,,Columbia Pictures,Merchant Ivory Productions,,,,,
15000000,4995,English,19.85579,11-09-1997,43101594,02:35,Released,Boogie Nights,7.5,796,Drama,,,,,New Line Cinema,Ghoulardi Film Company,Lawrence Gordon Productions,,,,
0,10413,English,11.689337,15-01-1993,0,01:34,Released,Nowhere to Run,5.5,119,Action,Adventure,Drama,Thriller,,Columbia Pictures,,,,,,
15000000,14012,English,3.043589,20-10-2006,21000000,01:35,Released,Flicka,6.1,52,Drama,,,,,Twentieth Century Fox Film Corporation,Fox 2000 Pictures,Zucker/Netter Productions,,,,
15000000,9793,English,17.141376,22-03-2007,0,01:29,Released,The Hills Have Eyes 2,5.2,351,Horror,Thriller,,,,Dune Entertainment,Craven-Maddalena Films,Fox Atomic,,,,
14000000,12212,English,8.885017,19-09-2000,38574362,01:37,Released,Urban Legends: Final Cut,4.4,100,Horror,,,,,Original Film,Phoenix Pictures,Canal+ Droits Audiovisuels,,,,
0,13768,English,4.115398,11-10-2002,0,01:30,Released,Tuck Everlasting,6.4,128,Fantasy,Drama,Science Fiction,Romance,Family,Walt Disney Pictures,,,,,,
20000000,8975,English,7.679336,13-10-2006,22165608,01:32,Released,The Marine,5,163,Action,Adventure,Drama,Thriller,,Twentieth Century Fox Film Corporation,Pacific Film and Television Commission,WWE Studios,,,,
15000000,342521,English,18.268009,21-04-2016,20566327,01:34,Released,Keanu,6,421,Action,Comedy,,,,New Line Cinema,,,,,,
15000000,45272,English,7.809701,22-12-2010,20529194,01:57,Released,Country Strong,5.9,80,Drama,Romance,,,,Maguire Entertainment,Screen Gems,Sony Pictures Home Entertainment,,,,
15000000,9424,English,9.378688,24-07-1998,17507368,01:24,Released,Disturbing Behavior,5.5,104,Mystery,Horror,Science Fiction,,,Village Roadshow Pictures,Beacon Communications,Hoyts Film Partnership,Metro-Goldwyn-Mayer (MGM),,,
15000000,97367,English,35.395129,20-03-2013,35485608,02:20,Released,The Place Beyond the Pines,6.8,1653,Drama,Crime,,,,Sidney Kimmel Entertainment,Electric City Entertainment,Verisimilitude,,,,
15000000,254904,English,45.317278,27-08-2014,32556119,01:48,Released,The November Man,6,639,Crime,Action,Thriller,,,Irish Dreamtime,Relativity Media,SPD Films,,,,
15000000,18681,English,4.302941,04-09-1999,0,01:49,Released,Eye of the Beholder,5.3,42,Drama,Mystery,Thriller,,,Destination Films,,,,,,
15000000,12162,English,47.006162,10-10-2008,42000000,02:11,Released,The Hurt Locker,7.2,1840,Drama,Thriller,War,,,Summit Entertainment,Kingsgate Films,Grosvenor Park Media Ltd.,Voltage Pictures,,,
15000000,11495,English,11.379652,11-05-1984,17080167,01:54,Released,Firestarter,5.9,173,Fantasy,Drama,Horror,Action,Thriller,Universal Pictures,Dino De Laurentiis Company,,,,,
15000000,64689,English,24.612603,20-09-2012,37930465,01:37,Released,Killing Them Softly,5.8,742,Crime,Thriller,,,,Plan B Entertainment,1984 Private Defense Contractors,Annapurna Pictures,Inferno Entertainment,,,
15000000,157849,English,26.708193,25-07-2014,31554855,02:01,Released,A Most Wanted Man,6.5,541,Thriller,,,,,Senator Film Produktion,Lionsgate,FilmNation Entertainment,Film4,,,
0,13166,English,8.710294,18-04-2001,0,01:27,Released,Freddy Got Fingered,4.6,115,Comedy,,,,,Regency Enterprises,Epsilon Motion Pictures,New Regency Pictures,MBST/Lloyd Productions,,,
0,15511,English,1.800119,11-01-2008,0,01:25,Released,VeggieTales: The Pirates Who Don't Do Anything,5.9,25,Adventure,Animation,Comedy,Science Fiction,Family,Starz Animation,Big Idea Productions,Arc Productions,,,,
15000000,37003,English,0.335195,19-05-2007,22730842,01:25,Released,U2 3D,6.7,10,Music,Documentary,,,,National Geographic Entertainment,3ality Digital Entertainment,,,,,
25000000,12211,English,11.782725,01-09-2000,15843608,01:27,Released,Highlander: Endgame,4.4,104,Action,Fantasy,Science Fiction,,,Davis-Panzer Productions,Dimension Films,,,,,
0,13816,English,2.711955,25-08-2006,0,02:01,Released,Idlewild,5.1,17,Crime,Drama,Music,,,Atlas Entertainment,Forensic Films,HBO Films,,,,
15000000,51828,English,16.629173,02-03-2011,59389433,01:47,Released,One Day,7,978,Drama,Romance,,,,Film 4,Color Force,,,,,
15000000,22798,English,20.05902,13-09-2009,16633035,01:51,Released,Whip It,6.7,357,Drama,,,,,Dune Entertainment,Mandate Pictures,Vincent Pictures,Barry Mendel Productions,,,
15000000,7501,English,8.113634,07-09-2001,12000000,01:32,Released,Knockaround Guys,5.9,97,Crime,Thriller,,,,Lawrence Bender Productions,,,,,,
0,10743,English,9.87419,25-04-2003,0,01:37,Released,Confidence,6.4,126,Action,Comedy,Thriller,Crime,,Cinerenta Medienbeteiligungs KG,Lionsgate,Ignite Entertainment,,,,
0,37718,English,2.857936,27-08-1999,0,01:37,Released,The Muse,5.3,31,Fantasy,Comedy,,,,October Films,,,,,,
20000000,15237,English,3.138118,02-07-2004,0,02:05,Released,De-Lovely,6.3,32,Drama,Music,,,,Metro-Goldwyn-Mayer (MGM),Winkler Films,Potboiler Productions,,,,
15000000,9686,English,6.684096,10-03-1989,0,02:04,Released,New York Stories,6.2,64,Comedy,Drama,Romance,,,Touchstone Pictures,,,,,,
0,17644,English,0.722911,01-01-1998,0,01:16,Released,Barney's Great Adventure,2.9,8,Family,,,,,PolyGram Filmed Entertainment,Lyrick Studios,,,,,
15000000,97430,English,17.672021,02-11-2012,15608545,01:36,Released,The Man with the Iron Fists,5.2,358,Action,,,,,Arcade Pictures,Iron Fists,,,,,
15000000,12257,English,3.033471,25-11-1998,10443316,01:33,Released,Home Fries,4.8,32,Drama,Comedy,Romance,,,Warner Bros.,Baltimore Pictures,Kasdan Pictures,,,,
0,13539,English,3.313257,23-03-2000,0,01:36,Released,Here On Earth,5.4,48,Romance,,,,,Fox 2000 Pictures,Friendly Productions,,,,,
15000000,68,English,41.089863,20-02-1985,0,02:12,Released,Brazil,7.5,861,Comedy,Science Fiction,,,,Embassy International Pictures,,,,,,
15000000,14024,English,10.9071,10-08-2004,14867514,01:43,Released,Raise Your Voice,6,211,Music,Drama,Romance,,,New Line Cinema,FilmEngine,Brookwell-McNamara Entertainment,ChickFlick Productions,,,
15000000,115,English,49.230089,06-03-1998,46189568,01:57,Released,The Big Lebowski,7.8,2926,Comedy,Crime,,,,Gramercy Pictures,PolyGram Filmed Entertainment,Working Title Films,,,,
15000000,7874,English,11.429607,08-12-2006,10903846,01:56,Released,Black Snake Moan,6.6,243,Drama,,,,,Paramount Classics,,,,,,
15000000,4911,English,6.373316,14-12-2002,9237470,01:58,Released,Dark Blue,6.5,85,Action,Crime,Drama,Thriller,,United Artists,Intermedia Films,IM Filmproduktion,Cosmic Pictures,,,
16000000,1988,English,9.717392,01-01-2007,18928871,01:40,Released,A Mighty Heart,6.7,95,Drama,Thriller,,,,Plan B Entertainment,Revolution Films,Paramount Vantage,,,,
15000000,16222,English,8.074807,31-03-2000,9902115,01:34,Released,Whatever It Takes,5,37,Drama,Comedy,Romance,,,Columbia Pictures Corporation,,,,,,
20000000,9557,English,7.034752,01-10-2002,8586376,01:34,Released,Boat Trip,4.7,146,Comedy,,,,,Motion Picture Corporation of America,Artisan Entertainment,,,,,
0,9026,English,7.250379,17-05-2002,0,01:37,Released,The Importance of Being Earnest,6.7,127,Comedy,Drama,History,Romance,,Ealing Studios,,,,,,
0,57943,English,0.116873,01-02-1998,0,01:38,Released,The Love Letter,4.7,3,Comedy,Drama,Fantasy,Romance,,[],,,,,,
0,18276,English,7.712206,05-05-2006,0,01:31,Released,Hoot,5.5,44,Drama,Family,,,,The Kennedy/Marshall Company,Hoot Productions LLC,Walden Media,,,,
15000000,8321,English,25.329493,08-02-2008,34533783,01:47,Released,In Bruges,7.4,1388,Comedy,Drama,Crime,,,Blueprint Pictures,Scion Films,Film4,Focus Features,,,
15,72359,English,5.112809,09-05-2013,0,01:35,Released,Peeples,5.6,26,Comedy,,,,,34th Street Films,Homegrown Pictures,,,,,
15000000,10186,English,13.832376,20-08-2008,8762890,01:42,Released,The Rocker,5.6,156,Comedy,Music,,,,Fox Atomic,,,,,,
15000000,25704,English,7.446069,21-08-2009,6405245,01:29,Released,Post Grad,5,100,Comedy,,,,,Dune Entertainment,Cold Spring Pictures,The Montecito Picture Company,Fox Atomic,,,
15000000,133694,English,13.568302,23-09-2012,8138788,01:46,Released,Promised Land,6,243,Drama,,,,,Participant Media,Imagenation Abu Dhabi FZ,Focus Features,Media Farm,,,
15000000,19265,English,21.857387,19-06-2009,35097815,01:32,Released,Whatever Works,6.8,350,Comedy,Romance,,,,Sony Pictures Classics,Wild Bunch,Gravier Productions,Perdido Productions,,,
15000000,36047,English,0.249245,19-07-2000,5217498,01:45,Released,The In Crowd,4.7,15,Thriller,,,,,Morgan Creek Productions,,,,,,
15000000,8053,English,12.163832,17-11-2005,12036149,02:01,Released,The Three Burials of Melquiades Estrada,7,177,Adventure,Crime,Drama,Mystery,Western,The Javelina Film Company,EuropaCorp,,,,,
0,2290,English,8.962245,16-09-1999,0,02:00,Released,Jakob the Liar,6,90,Comedy,Drama,History,,,Columbia Pictures,Global Entertainment Productions GmbH & Company Medien KG,Blue Wolf,Kasso Inc. Productions,,,
15000000,5236,English,32.690038,05-09-2005,15785148,01:43,Released,Kiss Kiss Bang Bang,7.2,886,Action,Comedy,Crime,Mystery,,Silver Pictures,Warner Bros.,,,,,
25000000,6552,English,8.583217,30-04-1999,4152230,01:32,Released,Idle Hands,6.1,182,Thriller,Comedy,Horror,,,Columbia Pictures Corporation,Team Todd,Licht/Mueller Film Corporation,,,,
15000000,1018,English,31.60985,16-05-2001,20117339,02:27,Released,Mulholland Drive,7.6,1477,Thriller,Drama,Mystery,,,Asymmetrical Productions,Les Films Alain Sarde,Babbo Inc.,The Picture Factory,,,
0,10075,English,12.295216,26-01-2007,0,01:38,Released,Blood and Chocolate,5.4,87,Drama,Fantasy,Horror,Romance,,Lakeshore Entertainment,Metro-Goldwyn-Mayer (MGM),Daniel Bobker Productions,Berrick Filmproduktion,,,
22000000,38031,English,12.4654,23-05-2010,0,01:38,Released,You Will Meet a Tall Dark Stranger,5.8,251,Comedy,Drama,Romance,,,Antena 3 Films,,,,,,
15000000,42188,English,30.983397,15-09-2010,9455232,01:44,Released,Never Let Me Go,6.8,737,Drama,Romance,Science Fiction,,,Fox Searchlight Pictures,DNA Films,Film4,,,,
0,112430,English,1.485324,05-08-2007,0,04:36,Released,The Company,7,12,Drama,,,,,[],,,,,,
15000000,6687,English,11.428903,18-01-2008,5926410,01:51,Released,Transsiberian,6.5,195,Thriller,Crime,Mystery,,,Lietuvos Kinostudija,Scout Productions,Telecinco Cinema,Castelao Producciones,,,
15000000,13853,English,5.484679,17-01-1986,0,01:38,Released,The Clan of the Cave Bear,4.8,27,Adventure,Drama,,,,The Guber-Peters Company,Warner Bros.,Producers Sales Organization (PSO),Jonesfilm,,,
0,31306,English,5.770246,22-10-1999,0,01:51,Released,Crazy in Alabama,6.5,12,Comedy,Drama,,,,Columbia Pictures,Green Moon Productions,,,,,
15000000,8461,English,15.175289,20-10-2007,7938872,01:52,Released,Funny Games,6.3,545,Horror,Thriller,Crime,,,Celluloid Dreams,Tartan Films,Film4,Warner Independent Pictures (WIP),,,
0,331592,English,2.414721,11-09-2015,0,01:40,Released,Listening,5.5,31,Drama,Thriller,Science Fiction,,,Young Medium,Listen Film,,,,,
0,47692,English,0.470645,24-11-1999,0,01:56,Released,Felicia's Journey,6.6,23,Drama,,,,,Alliance Atlantis Communications,Icon Entertainment International,Marquis Films Ltd,,,,
92620000,19,German,32.351527,10-01-1927,650422,02:33,Released,Metropolis,8,657,Drama,Science Fiction,,,,Paramount Pictures,Universum Film (UFA),,,,,
12000000,10045,French,17.493735,09-11-2004,9584131,01:24,Released,District B13,6.5,565,Action,Thriller,Science Fiction,,,Canal Plus,TF1 Films Production,EuropaCorp,,,,
8000000,400,English,6.932221,01-12-1995,529766,01:56,Released,Things to Do in Denver When You're Dead,6.7,85,Drama,Crime,,,,Miramax Films,,,,,,
15000000,253450,Chinese,8.142166,27-08-2015,632542,01:45,Released,The Assassin,6.6,157,Action,Drama,History,,,Media Asia Films,Sil-Metropole Organisation,Central Motion Pictures,Zhejiang Huace Film & TV,,,
15000000,9104,English,6.329672,08-09-2001,0,01:38,Released,Buffalo Soldiers,6.5,93,Drama,Comedy,War,Crime,Thriller,Grosvenor Park Films LLP,Film4,Good Machine,,,,
0,11190,Russian,7.744166,25-06-2003,0,01:45,Released,The Return,7.4,100,Thriller,Drama,Mystery,,,Ren Film,,,,,,
8500000,16353,Thai,9.029489,04-12-2008,8936663,01:38,Released,Ong Bak 2,6,152,Adventure,Action,Thriller,,,Iyara Films,,,,,,
12000000,23759,English,22.708647,15-02-2010,6814789,01:37,Released,Centurion,5.9,386,Adventure,Action,Drama,,,Path\u00e9 Pictures International,UK Film Council,Celador Films,Canal+,,,
15000000,24206,English,2.609057,26-06-1996,76382,01:33,Released,Silent Trigger,5,22,Drama,Action,Thriller,,,Newmarket Capital Group,Cine Grande Corporation,Filmline International,Conquistador Entertainment,,,
15000000,10185,English,19.913961,07-08-2008,3533227,01:38,Released,The Midnight Meat Train,6,290,Mystery,Drama,Crime,Thriller,Horror,Lions Gate Films,Lakeshore Entertainment,GreeneStreet Films,Midnight Picture Show,,,
15000000,75033,English,1.897761,16-09-2011,0,01:47,Released,Winnie Mandela,5.2,5,Drama,,,,,[],,,,,,
15000000,74536,English,7.701186,04-11-2011,0,01:30,Released,The Son of No One,4.8,92,Drama,Thriller,Crime,,,Millennium Films,,,,,,
15000000,31668,English,1.833058,14-10-2001,23000,01:39,Released,All The Queen's Men,6.1,7,Action,Comedy,Drama,History,,[],,,,,,
15000000,13501,English,12.185204,25-01-2007,20380,01:33,Released,The Good Night,5.7,41,Comedy,Drama,Romance,Fantasy,Music,Destination Films,Tempesta Films,Good Night Productions,,,,
0,15208,English,2.500218,04-07-2008,0,02:21,Released,Bathory: Countess of Blood,5.6,31,Drama,Fantasy,,,,Lunar Films,Fonds Eurimages du Conseil de l'Europe,Eurofilm St\u00fadi\u00f3,St\u00e1tn\u00ed Fond CR pro Podporu a Rozvoj Cesk\u00e9 Kinematografie,,,
20000000,172391,English,6.459787,18-07-2013,27187375,01:25,Released,Khumba,5.8,72,Animation,Adventure,Family,,,Triggerfish Animation,,,,,,
7000000,262543,English,49.808505,09-10-2014,0,01:50,Released,Automata,5.6,670,Thriller,Science Fiction,,,,Green Moon Productions,Nu Boyana Viburno,,,,,
0,9288,English,4.901936,01-01-2005,0,01:45,Released,Dungeons & Dragons: Wrath of the Dragon God,4.8,36,Action,Adventure,Fantasy,,,Skyline Films,Sweetpea Entertainment,Studio Hamburg WorldWide Pictures,Zinc Entertainment Inc.,,,
15000000,370980,Italian,0.738646,03-12-2015,0,00:00,Released,Chiamatemi Francesco - Il Papa della gente,7.3,12,Drama,,,,,Taodue Film,,,,,,
15000000,20083,Chinese,5.294319,22-03-2009,0,01:59,Released,Shinjuku Incident,6.7,65,Drama,Action,Thriller,Crime,,JCE Movies,,,,,,
0,40880,English,0.165367,29-06-2001,0,02:04,Released,Pandaemonium,4.5,2,Drama,Foreign,,,,Arts Council of England,,,,,,
14600000,137,English,52.744331,11-02-1993,70906973,01:41,Released,Groundhog Day,7.4,2301,Romance,Fantasy,Drama,Comedy,,Columbia Pictures,,,,,,
14800000,264999,English,29.660993,01-07-2015,122513057,01:55,Released,Magic Mike XXL,6.3,706,Comedy,Drama,Music,,,Warner Bros.,Iron Horse Entertainment (II),,,,,
14500000,454,English,41.493042,31-10-1996,147298761,02:00,Released,Romeo + Juliet,6.7,1374,Drama,Romance,,,,Bazmark Films,Twentieth Century Fox Film Corporation,,,,,
10000000,53457,French,10.072199,16-09-2010,17511906,01:51,Released,Sarah's Key,7.2,196,Drama,War,,,,France 2 Cin\u00e9ma,Studio 37,Canal+,TPS Star,,,
14500000,288980,English,4.389363,21-08-2014,0,01:38,Released,Freedom,5.8,9,Drama,,,,,Production One,,,,,,
14000000,33,English,37.380435,07-08-1992,159157447,02:11,Released,Unforgiven,7.7,1113,Western,,,,,Malpaso Productions,Warner Bros.,,,,,
14200000,1951,Danish,7.05145,16-05-2005,674918,02:19,Released,Manderlay,6.9,78,Drama,,,,,Zentropa Entertainments,Danmarks Radio (DR),Arte,Memfis Film,,,
15000000,12405,English,59.258969,12-05-2008,377910544,02:00,Released,Slumdog Millionaire,7.6,2827,Drama,Romance,,,,Fox Searchlight Pictures,Celador Films,Warner Bros.,Film4,,,
14000000,10998,English,16.742972,11-09-1987,320145693,01:59,Released,Fatal Attraction,6.6,291,Drama,Romance,Thriller,,,Paramount Pictures,,,,,,
14000000,114,English,45.473484,23-03-1990,463000000,01:59,Released,Pretty Woman,7,1746,Romance,Comedy,,,,Touchstone Pictures,Silver Screen Partners IV,,,,,
0,9396,English,15.474831,19-05-1988,239606210,01:50,Released,Crocodile Dundee II,5.5,303,Adventure,Comedy,,,,Paramount Pictures,,,,,,
0,319910,English,4.289676,15-03-2015,0,01:41,Released,Broken Horses,5,10,Thriller,Mystery,Drama,Crime,,Reliance Entertainment,,,,,,
14000000,2604,English,25.949277,20-12-1989,161001698,02:25,Released,Born on the Fourth of July,6.7,395,Drama,War,,,,Universal Pictures,Ixtlan,,,,,
14000000,864,English,22.409117,30-09-1993,154864401,01:38,Released,Cool Runnings,6.8,491,Comedy,,,,,Walt Disney,,,,,,
15000000,14435,English,13.706357,16-01-2009,100734718,01:41,Released,My Bloody Valentine,5.3,299,Mystery,Horror,,,,Lionsgate,,,,,,
13000000,1931,English,6.92205,16-05-2007,75511123,01:54,Released,Stomp the Yard,6.1,88,Drama,Music,,,,Rainforest Films,,,,,,
14000000,691,English,27.17347,07-07-1977,185438673,02:05,Released,The Spy Who Loved Me,6.6,507,Adventure,Action,Thriller,,,United Artists,Eon Productions,Danjaq,,,,
14000000,9877,English,12.159009,25-09-1998,72527595,01:39,Released,Urban Legend,5.6,290,Horror,Thriller,,,,Original Film,TriStar Pictures,Phoenix Pictures,Canal+ Droits Audiovisuels,,,
0,62008,English,4.448494,23-02-2012,0,01:51,Released,Good Deeds,6.2,45,Comedy,Drama,Romance,,,[],,,,,,
14000000,12227,English,13.13724,18-01-1991,34793160,01:47,Released,White Fang,6.5,135,Action,Adventure,Drama,Family,,Walt Disney Pictures,Silver Screen Partners IV,Hybrid Productions Inc.,,,,
0,13824,English,4.04701,08-10-1999,0,01:21,Released,Superstar,5.1,83,Comedy,Family,,,,SNL Studios,,,,,,
13000000,71688,English,23.3784,30-12-2011,114956699,01:45,Released,The Iron Lady,6.2,527,History,Drama,,,,UK Film Council,Canal+,DJ Films,Cin\u00e9Cin\u00e9ma,,,
0,15173,English,1.446172,04-10-2002,0,01:22,Released,Jonah: A VeggieTales Movie,6.4,22,Action,Adventure,Animation,Comedy,Family,Big Idea Productions,,,,,,
14000000,8291,English,3.650857,23-07-1993,27515786,01:49,Released,Poetic Justice,6.9,47,Drama,Romance,,,,Columbia Pictures,,,,,,
14000000,13950,English,5.102258,08-03-2002,25482931,01:35,Released,All About the Benjamins,5.8,48,Action,Adventure,Comedy,,,New Line Cinema,,,,,,
14000000,12158,English,6.772615,27-10-1995,19800000,01:40,Released,Vampire in Brooklyn,4.5,111,Comedy,Horror,Romance,,,Paramount Pictures,,,,,,
14000000,11586,English,11.543363,17-06-1977,30749142,01:58,Released,Exorcist II: The Heretic,4.5,133,Horror,Thriller,Fantasy,,,Warner Bros.,,,,,,
0,10008,English,7.436315,05-05-2005,0,01:23,Released,An American Haunting,5.3,142,Horror,Thriller,,,,Media Pro Pictures,Allan Zeman Productions,After Dark Films,Remstar Productions,,,
14000000,2830,English,14.813614,21-08-2003,0,01:23,Released,My Boss's Daughter,4.4,180,Comedy,Romance,,,,Dimension Films,,,,,,
14000000,12403,English,20.792603,08-06-2009,22852638,01:38,Released,A Perfect Getaway,6.2,351,Thriller,Mystery,Adventure,,,Davis Entertainment,Relativity Media,Rogue,QED International,,,
14000000,34563,English,6.733485,12-03-2010,21409028,01:43,Released,Our Family Wedding,5.7,39,Comedy,,,,,Fox Searchlight Pictures,Dune Entertainment,Sneak Preview Entertainment,Pointe Studios,,,
0,14557,English,7.708227,21-08-1998,0,01:36,Released,Dead Man on Campus,5.6,49,Comedy,,,,,Paramount Pictures,MTV Films,,,,,
12000000,10368,English,2.238646,25-03-1999,21001563,01:57,Released,Tea with Mussolini,5.8,32,Comedy,Drama,War,,,Medusa Produzione,Cattleya,Cineritmo,Film and General Productions,,,
0,10280,English,7.866961,25-10-1996,0,01:32,Released,Thinner,5.5,124,Horror,Thriller,,,,Paramount Pictures,Spelling Films,,,,,
0,12637,English,3.876242,21-06-1977,0,02:35,Released,"New York, New York",6.1,67,Drama,Music,Romance,,,United Artists,Chartoff-Winkler Productions,,,,,
0,34152,English,1.89218,13-05-1994,0,01:55,Released,Crooklyn,6.7,31,Comedy,Drama,,,,Universal Pictures,40 Acres & A Mule Filmworks,,,,,
11000000,14434,English,4.536745,16-03-2007,13196245,01:30,Released,I Think I Love My Wife,5,55,Comedy,Romance,,,,Fox Searchlight Pictures,,,,,,
11000000,11470,English,11.220643,24-07-2001,16951798,01:31,Released,Jason X,4.5,291,Horror,Science Fiction,,,,New Line Cinema,Sean S. Cunningham Films,Crystal Lake Entertainment,,,,
0,10741,English,11.706309,05-09-2006,0,02:00,Released,Bobby,6.4,119,History,Drama,,,,The Weinstein Company,Bold Films,Holly Wiersma Productions,,,,
14000000,24940,English,4.66723,02-02-2001,10424470,01:26,Released,Head Over Heels,5.3,73,Comedy,Romance,,,,Universal Studios,,,,,,
14000000,82679,English,7.487843,25-10-2012,11417362,01:27,Released,Fun Size,5.5,134,Comedy,,,,,Paramount Pictures,Nickelodeon Movies,Anonymous Content,Fake Empire,,,
14000000,2013,French,13.65494,22-05-2007,19777647,01:52,Released,The Diving Bell and the Butterfly,7.4,283,Drama,,,,,France 3 Cin\u00e9ma,The Kennedy/Marshall Company,Path\u00e9 Renn Productions,Banques Populaire Image 7,,,
26000000,1440,English,11.942862,06-10-2006,14821658,02:16,Released,Little Children,6.9,240,Romance,Drama,,,,New Line Cinema,Standard Film Company,Bona Fide Productions,,,,
14000000,18041,English,5.833687,21-04-2000,5108820,01:30,Released,Gossip,5.5,68,Drama,Mystery,Thriller,,,Village Roadshow Pictures,NPV Entertainment,Warner Bros.,Outlaw Productions (I),,,
14000000,28029,English,6.370267,29-01-1999,0,01:47,Released,A Walk on the Moon,6.2,21,Drama,Romance,,,,Miramax Films,Village Roadshow Pictures,Groucho II Film Partnership,Punch 21 Productions,,,
0,1123,English,4.052219,27-10-2006,4291965,01:41,Released,Catch a Fire,6.4,25,Action,Drama,Thriller,,,Mirage Enterprises,Studio Canal,Working Title Films,,,,
0,14033,English,3.231848,06-09-2001,0,01:24,Released,Soul Survivors,4.4,49,Horror,Mystery,Thriller,,,[],,,,,,
14000000,87729,English,0.900442,31-03-1995,2474000,02:19,Released,Jefferson in Paris,5.2,10,Drama,Romance,,,,Merchant Ivory Productions,Touchstone Pictures,,,,,
0,16899,English,8.387573,01-01-2008,0,01:33,Released,Easy Virtue,6.3,108,Comedy,Romance,,,,BBC Films,Endgame Entertainment,Ealing Studios,Fragile Films,,,
0,41317,English,0.633004,02-11-1978,0,02:07,Released,Caravans,5.8,1,Action,Adventure,Drama,Romance,,Universal Pictures,Ibex Films,FIDCI,,,,
0,245700,English,9.242554,31-10-2014,5405500,02:30,Released,Mr. Turner,6.3,204,History,Drama,,,,Film4,Lipsync Productions,Thin Man Films,Focus Features International (FFI),,,
0,37842,French,1.866443,20-05-2009,0,01:44,Released,Wild Grass,5.8,22,Drama,Romance,,,,France 2 Cin\u00e9ma,BIM Distribuzione,Centre National de la Cin\u00e9matographie,Eurimages,,,
0,9045,French,5.930533,13-02-2002,0,02:12,Released,Amen.,7.1,75,Drama,History,,,,Renn Productions,TF1 Films Production,Canal+,K.G Productions,,,
12000000,44092,Chinese,4.930129,01-09-2010,0,01:57,Released,Reign of Assassins,6.7,57,History,Action,,,,Lion Rock Productions,Media Asia Films,Beijing Gallop Horse Film & TV Production,Lumiere Motion Picture Company,,,
0,16005,English,8.747922,26-09-2008,0,01:53,Released,The Lucky Ones,6.3,55,Comedy,Drama,History,,,[],,,,,,
14000000,44754,English,4.898424,30-09-2011,46495,02:29,Released,Margaret,6.1,86,Drama,,,,,Fox Searchlight Pictures,Scott Rudin Productions,Mirage Enterprises,Gilbert Films,,,
108,23988,English,7.410523,27-10-2009,0,01:30,Released,Stan Helsing,4,97,Comedy,Horror,,,,Insight Productions,,,,,,
14000000,43949,English,24.210698,06-08-2010,1755212,01:29,Released,Flipped,7.4,418,Romance,Drama,,,,Reiner / Greisman Productions,,,,,,
14000000,142,English,44.135568,02-09-2005,178043761,02:14,Released,Brokeback Mountain,7.5,1480,Drama,Romance,,,,River Road Entertainment,Alberta Film Entertainment,Focus Features,Good Machine,,,
12000000,9603,English,16.051328,19-07-1995,0,01:37,Released,Clueless,6.9,803,Comedy,Drama,Romance,,,Paramount Pictures,,,,,,
13500000,10712,English,9.982885,01-09-2002,29027914,01:47,Released,Far from Heaven,6.9,144,Drama,Romance,,,,Clear Blue Sky Productions,,,,,,
14000000,243938,English,16.618874,20-02-2015,12314651,01:33,Released,Hot Tub Time Machine 2,5,354,Comedy,,,,,Paramount Pictures,United Artists,Metro-Goldwyn-Mayer (MGM),,,,
13500000,10876,English,7.261196,22-11-2000,7060876,02:04,Released,Quills,6.8,128,Drama,,,,,Fox Searchlight Pictures,Industry Entertainment,Walrus & Associates,Hollywood Partners,,,
15000000,86838,English,32.306455,07-09-2012,19422261,01:50,Released,Seven Psychopaths,6.7,1206,Comedy,Crime,,,,Blueprint Pictures,CBS Films,British Film Institute (BFI),Film4,,,
0,25208,English,4.722403,19-01-2001,0,01:45,Released,The Caveman's Valentine,6,27,Drama,Mystery,Thriller,,,Franchise Pictures,Focus Features,Jersey Shore,,,,
18339750,613,German,32.445895,08-09-2004,92180910,02:36,Released,Downfall,7.7,1037,Drama,History,War,,,Degeto Film,EOS Entertainment,Rai Cinema,\u00d6sterreichischer Rundfunk (ORF),,,
12806000,1913,Spanish,17.363739,03-09-2004,38535221,02:05,Released,The Sea Inside,7.2,219,Drama,,,,,Canal Plus,Sogecine,Himen\u00f3ptero,Eurimages,,,
13300000,97370,English,29.782161,14-03-2014,5380251,01:48,Released,Under the Skin,6,1102,Thriller,Science Fiction,Drama,,,Scottish Screen,UK Film Council,FilmNation Entertainment,Nick Wechsler Productions,,,
13000000,801,English,18.362333,23-12-1987,123922370,02:01,Released,"Good Morning, Vietnam",7.1,642,Comedy,Drama,War,,,Silver Screen Partners III,Touchstone Pictures,,,,,
13400000,70829,English,0.680753,29-12-2010,16700000,01:40,Released,The Last Godfather,4.7,7,Action,Comedy,Thriller,,,[],,,,,,
13000000,54518,English,6.735922,11-02-2011,98441954,01:45,Released,Justin Bieber: Never Say Never,4.8,154,Documentary,Music,Family,,,Insurge Pictures,Magical Elves Productions,Scooter Braun Films,,,,
13000000,44214,English,91.285683,02-12-2010,327803731,01:48,Released,Black Swan,7.3,4430,Drama,Thriller,,,,Fox Searchlight Pictures,Dune Entertainment,Protozoa Pictures,Cross Creek Pictures,,,
13000000,240,English,105.792936,20-12-1974,47542841,03:20,Released,The Godfather: Part II,8.3,3338,Drama,Crime,,,,Paramount Pictures,The Coppola Company,,,,,
13000000,9816,English,9.969624,12-01-2001,91038276,01:52,Released,Save the Last Dance,6.3,352,Drama,Family,Romance,Music,,MTV Films,Cort/Madden Productions,,,,,
7000000,10131,English,17.113408,19-08-1988,72500000,01:39,Released,A Nightmare on Elm Street 4: The Dream Master,5.8,281,Horror,Thriller,,,,New Line Cinema,,,,,,
16000000,339984,English,10.248439,17-03-2016,77000000,01:57,Released,Miracles from Heaven,6.7,186,Drama,,,,,TriStar Pictures,Sony Pictures Entertainment,,,,,
13000000,8859,English,25.316146,15-12-2000,73180723,01:23,Released,"Dude, Where’s My Car?",5.2,509,Comedy,,,,,Twentieth Century Fox Film Corporation,Alcon Entertainment,,,,,
13000000,11967,English,9.499325,12-08-1988,44726644,01:47,Released,Young Guns,6.6,258,Crime,Action,Adventure,Drama,Western,Twentieth Century Fox Film Corporation,Morgan Creek Productions,,,,,
13000000,239563,English,43.791745,09-10-2014,54837234,01:42,Released,St. Vincent,7.1,763,Comedy,,,,,The Weinstein Company,Crescendo Productions,Chernin Entertainment,Goldenlight Films,,,
12500000,222899,English,11.828068,14-02-2014,49002684,01:40,Released,About Last Night,6,210,Comedy,Romance,,,,"Screen Gems, Inc.",Rainforest Films,Olive Bridge Entertainment,,,,
16000000,4951,English,54.550275,30-03-1999,53478166,01:37,Released,10 Things I Hate About You,7.3,1701,Comedy,Romance,Drama,,,Mad Chance,Jaret Entertainment,Touchstone Pictures,,,,
13000000,10985,English,13.525704,10-05-2002,0,01:28,Released,The New Guy,5.7,151,Comedy,Family,,,,Revolution Studios,Frontier Pictures,Bedlam Pictures,,,,
0,9644,English,12.963328,04-02-1993,0,01:24,Released,National Lampoon's Loaded Weapon 1,5.7,157,Comedy,,,,,New Line Cinema,,,,,,
17000000,332567,English,60.829621,24-06-2016,119100758,01:26,Released,The Shallows,6.2,1567,Horror,Drama,Thriller,,,Columbia Pictures,Ombra Films,Weimaraner Republic Pictures,,,,
13000000,1954,English,73.307513,22-01-2004,96060858,01:53,Released,The Butterfly Effect,7.3,2060,Science Fiction,Thriller,,,,New Line Cinema,FilmEngine,Katalyst Films,BenderSpink,,,
0,15489,English,7.964289,11-02-2000,0,01:29,Released,Snow Day,4.8,51,Comedy,Family,,,,Paramount Pictures,Nickelodeon Movies,,,,,
13000000,15250,English,2.388918,27-11-2007,0,01:57,Released,This Christmas,7.1,29,Comedy,Drama,,,,Screen Gems,,,,,,
12000000,22345,English,4.580081,12-03-1999,36450736,01:37,Released,Baby Geniuses,3.3,75,Science Fiction,Comedy,Family,,,TriStar Pictures,Crystal Sky Worldwide,Triumph,,,,
13000000,9448,English,6.425528,24-04-1998,27007143,01:31,Released,The Big Hit,6.1,109,Action,Adventure,Comedy,Thriller,,TriStar Pictures,,,,,,
12000000,38223,English,4.63093,10-07-1996,0,01:40,Released,Harriet the Spy,5.7,46,Comedy,Drama,Family,,,Paramount Pictures,Rastar Pictures,Nickelodeon Movies,,,,
13000000,11186,English,16.681567,09-11-1990,35763605,01:24,Released,Child's Play 2,5.8,308,Drama,Horror,,,,Universal Pictures,,,,,,
13200000,136835,English,24.656068,10-09-2014,53830415,01:23,Released,No Good Deed,5.6,181,Crime,Thriller,,,,Will Packer Productions,,,,,,
18000000,5876,English,37.104353,21-11-2007,57096190,02:06,Released,The Mist,6.7,1399,Science Fiction,Horror,Thriller,,,Darkwoods Productions,Dimension Films,,,,,
15000000,264660,English,95.130041,21-01-2015,36869414,01:48,Released,Ex Machina,7.6,4737,Drama,Science Fiction,,,,DNA Films,Universal Pictures International (UPI),Film4,A24,,,
13000000,492,English,27.546914,30-09-1999,22863596,01:52,Released,Being John Malkovich,7.3,1101,Fantasy,Drama,Comedy,,,Gramercy Pictures,Propaganda Films,Single Cell Pictures,,,,
6000000,25462,English,2.27213,07-09-2001,0,01:30,Released,Two Can Play That Game,6.6,17,Comedy,Romance,,,,Screen Gems,,,,,,
13000000,238603,English,17.371327,14-06-2014,45300000,01:29,Released,Earth to Echo,5.7,290,Family,Adventure,Science Fiction,,,Walt Disney Studios Motion Pictures,Panay Films,,,,,
13000000,10691,English,6.130096,29-06-2001,16929123,01:39,Released,Crazy/Beautiful,6.6,96,Drama,Romance,,,,Touchstone Pictures,Ufland,,,,,
19000000,1251,English,24.47248,19-12-2006,68673228,02:21,Released,Letters from Iwo Jima,7.2,541,Action,Adventure,Drama,War,,DreamWorks SKG,Amblin Entertainment,Malpaso Productions,Warner Bros.,,,
13000000,5172,English,6.764437,15-10-2006,11130889,01:44,Released,The Astronaut Farmer,6.2,123,Adventure,Comedy,Drama,Science Fiction,,Polish Brothers Construction,,,,,,
13000000,58680,English,1.750054,08-05-1998,8026971,01:24,Released,Woo,5.5,10,Comedy,Romance,,,,New Line Cinema,New Deal Productions,Gotham Entertainment Group,,,,
6000000,264644,English,66.11334,16-10-2015,35401758,01:57,Released,Room,8.1,2757,Drama,Thriller,,,,T\u00e9l\u00e9film Canada,Film 4,Element Pictures,Irish Film Board,,,
0,14577,English,9.066881,12-06-1998,0,01:22,Released,Dirty Work,6.5,66,Comedy,,,,,Robert Simonds Productions,Metro-Goldwyn-Mayer (MGM),,,,,
13000000,11592,English,6.170139,13-04-1994,7820688,01:35,Released,Serial Mom,6.4,135,Comedy,Crime,Horror,Thriller,,Savoy Pictures,Polar Entertainment,,,,,
13000000,16406,English,4.742537,04-08-1999,27500000,01:34,Released,Dick,5.7,67,Comedy,,,,,Columbia Pictures,,,,,,
0,19052,English,1.212956,04-11-1999,0,01:39,Released,Light It Up,6.6,7,Drama,Thriller,,,,[],,,,,,
13000000,3682,English,11.880899,28-08-1998,16757163,01:46,Released,54,5.5,135,Music,Drama,,,,Redeemable Features,FilmColony,Miramax,Dollface,,,
0,9683,English,10.131123,24-08-2001,0,01:24,Released,Bubble Boy,5.1,163,Adventure,Comedy,Drama,Romance,,Touchstone Pictures,,,,,,
13000000,2084,English,5.831302,06-09-2001,0,01:33,Released,Birthday Girl,6.1,103,Comedy,Crime,Thriller,,,HAL Films,Mirage Enterprises,Film4,,,,
13000000,107811,English,35.522027,01-03-2013,48065672,01:33,Released,21 & Over,5.7,737,Comedy,,,,,Relativity Media,Virgin Produced,Mandeville Films,SkyLand Entertainment,,,
13000000,2266,French,10.573191,16-05-2006,4857367,02:00,Released,"Paris, je t'aime",6.8,207,Drama,Romance,,,,Filmazure,Pirol Stiftung,Victoires International,,,,
0,13074,English,4.898437,14-06-2007,0,01:52,Released,Resurrecting the Champ,5.9,60,Drama,,,,,Battleplan Productions,Yari Film Group,Alberta Film Entertainment,Phoenix Pictures,,,
13000000,144340,English,17.632446,21-03-2013,18000000,01:47,Released,Admission,5.4,304,Comedy,Drama,Romance,,,Focus Features,,,,,,
0,48217,English,1.780065,01-01-2000,0,01:52,Released,The Widow of Saint-Pierre,6.7,11,Romance,Drama,,,,Cin\u00e9maginaire Inc.,Epithete films,France2 Cin\u00e9ma,,,,
15000000,28211,English,26.373864,25-03-2009,8459458,01:36,Released,Chloe,5.9,498,Drama,Thriller,Mystery,,,StudioCanal,"Montecito Picture Company, The",Outpost Studios,,,,
13000000,47502,English,1.647335,03-04-1996,9789900,01:31,Released,Faithful,4.8,4,Comedy,Crime,Drama,,,New Line Cinema,Miramax Films,,,,,
13000000,9950,English,12.321302,16-03-2006,2636637,02:05,Released,Find Me Guilty,6.5,138,Drama,Action,Comedy,Crime,,Yari Film Group,,,,,,
13000000,84892,English,43.444135,20-09-2012,33400000,01:42,Released,The Perks of Being a Wallflower,7.7,2968,Drama,Romance,,,,Summit Entertainment,Mr. Mudd Production,,,,,
3000000,24227,English,1.279106,14-05-1993,1200000,01:27,Released,Excessive Force,4.5,10,Action,,,,,New Line Cinema,Ian Page Productions,3 Arts Entertainment,,,,
13000000,9672,English,3.680896,16-11-2006,1151330,01:50,Released,Infamous,6.4,60,Drama,,,,,Killer Films,Longfellow Pictures,Warner Independent Pictures (WIP),Jack and Henry Productions Inc.,,,
0,44853,English,2.996284,29-12-2000,0,02:00,Released,The Claim,5.6,17,Drama,Romance,Western,,,Revolution Films,Arts Council of England,Alliance Atlantis Communications,Path\u00e9 Pictures International,,,
13000000,157544,English,10.475368,24-07-2015,1784763,01:31,Released,The Vatican Tapes,4.6,243,Thriller,Horror,,,,Lakeshore Entertainment,Lionsgate,H2F Entertainment,Pantelion Films,,,
14350531,59678,English,30.952377,12-05-2011,3964682,01:28,Released,Attack the Block,6.3,733,Action,Comedy,Science Fiction,,,UK Film Council,Studio Canal,Film4,,,,
10000000,79777,English,4.267466,23-12-2011,303877,02:07,Released,In the Land of Blood and Honey,5.8,45,Drama,Romance,War,,,FilmDistrict,,,,,,
13000000,158011,English,34.532418,14-03-2013,68572378,01:34,Released,The Call,6.6,1257,Crime,Thriller,,,,TriStar Pictures,WWE Studios,Troika Pictures,Emergency Films,,,
0,407887,Korean,6.116436,27-07-2016,0,01:50,Released,Operation Chromite,5.8,29,History,Drama,War,Action,,Taewon Entertainment,,,,,,
0,17043,English,1.714972,26-07-2002,33082548,01:30,Released,The Crocodile Hunter: Collision Course,5.3,34,Family,Action,Adventure,,,Cheyenne Enterprises,Discovery Channel Pictures,Metro-Goldwyn-Mayer (MGM),J&M Entertainment,,,
13000000,8952,English,19.664699,18-01-2009,10652035,01:38,Released,I Love You Phillip Morris,6.4,503,Comedy,Drama,Romance,,,EuropaCorp,,,,,,
12000000,62204,Unknown,6.537986,15-12-1981,55260558,01:40,Released,Quest for Fire,7.1,109,Adventure,Drama,,,,Belstar Productions,St\u00e9phan Films,,,,,
12500000,13435,English,13.349012,19-12-2002,23367586,02:00,Released,Antwone Fisher,6.7,137,Drama,Romance,,,,Fox Searchlight Pictures,Mundy Lane Entertainment,,,,,
0,17187,English,6.796079,22-11-2002,0,01:48,Released,The Emperor's Club,6.9,96,Drama,Romance,,,,Universal Pictures,,,,,,
12500000,319,English,35.268557,09-09-1993,12281551,02:00,Released,True Romance,7.5,749,Action,Thriller,Crime,Romance,,Davis-Films,August Entertainment,Warner Bros.,Morgan Creek Productions,,,
3100000,59457,English,7.453347,15-07-2010,0,01:51,Released,Womb,5.9,92,Romance,Science Fiction,,,,Razor Film Produktion GmbH,,,,,,
12500000,9504,English,13.939054,15-09-1992,10725228,01:40,Released,Glengarry Glen Ross,7.5,323,Crime,Drama,Mystery,,,New Line Cinema,GGR,Zupnik Cinema Group II,,,,
13000000,37414,English,11.892615,19-02-2010,0,01:49,Released,The Killer Inside Me,6,173,Crime,Drama,Thriller,,,Revolution Films,Indion Entertainment Group,,,,,
0,6217,English,5.69872,02-04-1982,0,01:58,Released,Cat People,6,94,Drama,Fantasy,Horror,Thriller,,Universal Pictures,RKO Pictures,,,,,
12500000,26688,English,8.780512,09-09-2009,27206120,01:41,Released,Sorority Row,5.4,177,Horror,Mystery,Thriller,,,Summit Entertainment,Karz Entertainment,,,,,
0,43867,English,4.021389,03-09-1937,0,01:41,Released,The Prisoner of Zenda,8.4,11,Adventure,Drama,Romance,,,United Artists,Selznick International Pictures,,,,,
12000000,6615,English,15.817096,12-10-2007,11293663,01:46,Released,Lars and the Real Girl,7.1,509,Comedy,Romance,Drama,,,Sidney Kimmel Entertainment,Metro-Goldwyn-Mayer (MGM),Lars Productions,,,,
12500000,14574,English,34.821223,07-05-2008,20416563,01:34,Released,The Boy in the Striped Pyjamas,7.7,1451,War,Drama,,,,Miramax Films,BBC Films,Heyday Films,,,,
12800000,16,English,22.022228,17-05-2000,40031879,02:20,Released,Dancer in the Dark,7.6,377,Drama,Crime,Music,,,Fine Line Features,Zentropa Entertainments,Danmarks Radio (DR),SVT Drama,,,
0,39780,English,0.139384,31-12-1997,0,02:12,Released,Oscar and Lucinda,6.2,25,Drama,Romance,,,,Fox Searchlight Pictures,Australian Film Finance Corporation (AFFC),Dalton Films,,,,
12500000,21612,English,2.950618,26-01-1996,1227324,01:39,Released,The Funeral,7.3,31,Crime,Drama,,,,C&P Productions,,,,,,
15000000,36691,English,7.497306,07-09-2009,5024782,01:30,Released,Solitary Man,5.8,84,Comedy,Drama,Romance,,,Smartest Man Productions,Millennium Films,Paul Schiff Productions,,,,
20000000,23631,English,26.396191,01-09-2010,31327899,01:45,Released,Machete,6.3,1150,Action,Comedy,Thriller,,,Dune Entertainment,Dune Entertainment III,Troublemaker Studios,Overnight Films,,,
12500000,45324,English,6.546037,16-09-2010,1083683,01:48,Released,Casino Jack,6,94,Crime,Comedy,Drama,,,An Olive Branch Productions,Rollercoaster Entertainment,Vortex Words Pictures,Hannibal Pictures,,,
12300000,12144,English,28.670193,18-11-1988,84460846,01:09,Released,The Land Before Time,7,640,Animation,Adventure,Family,,,Lucasfilm,Universal Pictures,Amblin Entertainment,Sullivan Bluth Studios,,,
0,11658,Korean,9.572705,05-02-2004,15,02:20,Released,Tae Guk Gi: The Brotherhood of War,7.4,133,Action,Adventure,Drama,History,War,Showbox Entertainment,,,,,,
12500000,56601,English,0.903529,01-04-2010,3878993,01:58,Released,The Perfect Game,6.3,30,Drama,Family,,,,HighRoad Entertainment,Prelude Pictures,Lone Runner Entertainment,Kenio Films,,,
8000000,9552,English,47.584643,26-12-1973,441306145,02:02,Released,The Exorcist,7.5,2005,Drama,Horror,Thriller,,,Warner Bros.,Hoya Productions,,,,,
7000000,578,English,50.152327,18-06-1975,470654000,02:04,Released,Jaws,7.5,2542,Horror,Thriller,Adventure,,,Universal Pictures,Zanuck/Brown Productions,,,,,
11000000,2105,English,60.767168,09-07-1999,235483004,01:35,Released,American Pie,6.4,2296,Comedy,Romance,,,,Universal Pictures,Summit Entertainment,Newmarket Capital Group,Zide-Perry Productions,,,
12516654,126319,French,11.103202,12-12-2012,8109160,01:18,Released,Ernest & Celestine,7.6,142,Animation,Comedy,Drama,Family,,StudioCanal,La Parti Productions,Les Armateurs,Melusine Productions,,,
25000000,10136,English,15.26213,12-12-1986,79817939,01:34,Released,The Golden Child,5.6,304,Action,Adventure,Comedy,,,Paramount Pictures,,,,,,
12000000,67660,English,6.035152,16-04-2012,96070507,02:02,Released,Think Like a Man,6.9,281,Comedy,Romance,,,,Rainforest Films,,,,,,
12000000,10611,English,10.297189,01-04-2002,75781642,01:42,Released,Barbershop,6.2,137,Comedy,Drama,,,,Metro-Goldwyn-Mayer (MGM),,,,,,
12000000,154,English,22.434102,03-06-1982,96800000,01:53,Released,Star Trek II: The Wrath of Khan,7.3,675,Action,Adventure,Science Fiction,Thriller,,Paramount Pictures,,,,,,
15000000,3049,English,41.249004,04-02-1994,107217396,01:26,Released,Ace Ventura: Pet Detective,6.4,1648,Comedy,Mystery,,,,Warner Bros.,Morgan Creek Productions,,,,,
12000000,860,English,23.161754,03-06-1983,79567667,01:54,Released,WarGames,7,504,Thriller,Science Fiction,,,,United Artists,Sherwood Productions,,,,,
12000000,9281,English,19.195399,08-02-1985,68706993,01:53,Released,Witness,7,375,Crime,Drama,Romance,Thriller,,Paramount Pictures,,,,,,
12000000,75674,English,21.958055,24-02-2012,81272766,01:50,Released,Act of Valor,6.3,417,Action,Thriller,War,,,Relativity Media,Bandito Brothers,,,,,
12000000,9762,English,45.477802,11-08-2006,114194847,01:44,Released,Step Up,6.7,1060,Music,Drama,Romance,Crime,,Summit Entertainment,Offspring Entertainment,Touchstone Pictures,Eketahuna LLC,,,
12000000,3179,English,12.60629,15-12-1996,0,01:21,Released,Beavis and Butt-Head Do America,6.5,168,Animation,Comedy,,,,Paramount Pictures,Geffen Pictures,MTV Films,,,,
12000000,184,English,40.631671,24-12-1997,39673162,02:34,Released,Jackie Brown,7.3,1514,Comedy,Crime,Romance,,,Miramax Films,,,,,,
12000000,13335,English,26.219598,25-04-2008,43493123,01:47,Released,Harold & Kumar Escape from Guantanamo Bay,6.2,497,Comedy,Adventure,,,,New Line Cinema,,,,,,
15000000,76726,English,64.504747,01-02-2012,145000000,01:24,Released,Chronicle,6.6,1935,Science Fiction,Drama,Thriller,,,Twentieth Century Fox Film Corporation,Dune Entertainment,Davis Entertainment,Adam Schroeder Productions,,,
12000000,10269,English,3.389249,18-11-1983,30400000,02:12,Released,Yentl,6.2,51,Music,Drama,Romance,,,United Artists,Barwood Films,Ladbroke,,,,
5000000,36819,English,14.779537,13-07-1981,42365581,01:56,Released,Time Bandits,6.6,249,Family,Fantasy,Science Fiction,Adventure,Comedy,Handmade Films Ltd.,,,,,,
12000000,17130,English,6.703319,15-02-2002,61141030,01:33,Released,Crossroads,4.7,158,Action,Adventure,Comedy,Drama,Family,Paramount Pictures,MTV Films,,,,,
12000000,57214,English,49.070321,01-03-2012,100000000,01:28,Released,Project X,6.5,1564,Comedy,Crime,,,,Silver Pictures,Green Hat Films,,,,,
12000000,11202,English,21.933822,25-01-1970,89800000,02:52,Released,Patton,7.3,323,Drama,History,War,,,Twentieth Century Fox Film Corporation,,,,,,
12000000,9357,English,20.624896,21-08-2002,52223306,01:36,Released,One Hour Photo,6.6,435,Horror,Thriller,,,,Fox Searchlight Pictures,Catch 23 Entertainment,,,,,
12000000,13812,English,8.083995,10-10-2008,40855419,01:29,Released,Quarantine,5.5,339,Horror,Science Fiction,Thriller,,,Vertigo Entertainment,Screen Gems,Andale Pictures,,,,
12000000,9030,English,11.135734,01-02-2008,56309766,01:38,Released,The Eye,5.5,281,Drama,Horror,Thriller,,,Paramount Vantage,VN Productions,,,,,
12000000,19084,English,4.623609,07-04-2004,31179516,01:37,Released,Johnson Family Vacation,4.7,30,Comedy,Family,,,,Fox Searchlight Pictures,Bird and a Bear Entertainment,Hallway Pictures,Catch Productions,,,
12000000,8386,English,11.510281,21-12-2001,31155435,01:33,Released,How High,6.3,218,Comedy,,,,,Universal Pictures,Jersey Films,Native Pictures Productions,,,,
0,10437,English,15.085981,10-12-1992,27281507,01:25,Released,The Muppet Christmas Carol,7.2,212,Comedy,Family,Fantasy,Drama,,Walt Disney Pictures,"Jim Henson Company, The",,,,,
12000000,1360,English,18.422327,29-08-2002,56298474,02:03,Released,Frida,7.3,383,Drama,Romance,,,,Miramax Films,Lions Gate Films,Ventanarosa Productions,Handprint Entertainment,,,
12000000,101267,English,8.410688,28-06-2012,32726956,01:33,Released,Katy Perry: Part of Me,6.5,85,Documentary,Music,,,,Paramount Pictures,Imagine Entertainment,MTV Films,Insurge Pictures,,,
12000000,222935,English,74.358971,16-05-2014,307166834,02:05,Released,The Fault in Our Stars,7.6,3759,Romance,Drama,,,,Fox 2000 Pictures,Temple Hill Entertainment,TSG Entertainment,,,,
12000000,10220,English,18.422008,11-09-1998,22921898,02:01,Released,Rounders,6.9,439,Drama,Crime,,,,Miramax Films,Spanky Pictures,,,,,
0,284296,English,15.896312,12-12-2014,25434291,01:42,Released,Top Five,6.3,210,Drama,Comedy,,,,Paramount Pictures,IAC Film,Jax Media,,,,
12000000,31915,English,8.61659,01-01-1979,54000000,01:42,Released,Prophecy,5.4,25,Horror,Science Fiction,,,,Paramount Pictures,,,,,,
12000000,11601,English,6.044161,10-09-1999,21133087,01:39,Released,Stir of Echoes,6.5,330,Horror,Mystery,Thriller,,,Artisan Entertainment,,,,,,
12000000,205220,English,29.019504,01-11-2013,100129872,01:38,Released,Philomena,7.4,579,Drama,,,,,BBC Films,The Weinstein Company,Baby Cow Productions,Path\u00e9,,,
0,11354,English,6.2464,23-01-2005,0,01:58,Released,The Upside of Anger,6.4,72,Comedy,Drama,,,,New Line Cinema,,,,,,
0,16241,English,5.315213,05-10-1978,0,02:05,Released,The Boys from Brazil,6.6,101,Horror,Drama,Thriller,Science Fiction,,Producers Circle,Incorporated Television Company,,,,,
12000000,14191,English,16.931846,03-03-2006,23006849,01:44,Released,Aquamarine,5.8,364,Fantasy,Romance,Family,Comedy,,Fox 2000 Pictures,Storefront Pictures,,,,,
12000000,286565,English,64.610671,18-06-2015,85512300,01:49,Released,Paper Towns,6.1,1937,Drama,Mystery,Romance,,,Fox 2000 Pictures,,,,,,
0,26710,English,4.480167,09-01-2004,51,01:26,Released,My Baby's Daddy,4.3,15,Comedy,,,,,[],,,,,,
12000000,129670,English,29.223881,21-09-2013,17654912,01:55,Released,Nebraska,7.4,636,Drama,Adventure,,,,Paramount Vantage,Bona Fide Productions,,,,,
0,9059,English,7.710797,13-01-1995,0,01:32,Released,Tales from the Crypt: Demon Knight,6.7,94,Horror,Comedy,Thriller,,,Universal Pictures,Tales From The Crypt Holdings,,,,,
12000000,34549,English,1.081822,05-10-2001,17292381,01:26,Released,Max Keeble's Big Move,5.4,33,Comedy,Family,Fantasy,Science Fiction,,Walt Disney Pictures,Karz Entertainment,,,,,
12000000,57157,English,16.183746,16-12-2011,22939027,01:34,Released,Young Adult,5.6,364,Comedy,Drama,,,,Paramount Pictures,Denver and Delilah Productions,Indian Paintbrush,,,,
12000000,1948,English,47.992817,31-08-2006,42931041,01:28,Released,Crank,6.6,1151,Action,Thriller,Crime,,,Lions Gate Films,Lakeshore Entertainment,GreeneStreet Films,Radical Media,,,
0,28353,English,1.20245,06-08-1997,13960203,01:33,Released,Def Jam's How to Be a Player,5.3,8,Comedy,Romance,,,,Island Pictures,Def Pictures,,,,,
12000000,46889,English,0.700792,30-10-1998,12902790,01:40,Released,Living Out Loud,5.3,11,Comedy,Drama,Romance,,,New Line Cinema,Jersey Films,,,,,
0,38093,English,10.409253,14-05-2010,21520719,01:40,Released,Just Wright,6.1,99,Comedy,Drama,Romance,,,Fox Searchlight Pictures,Dune Entertainment,Flavor Unit Entertainment,,,,
0,14976,English,14.345428,03-10-2008,0,01:53,Released,Rachel Getting Married,6.1,163,Drama,,,,,Clinica Estetico,,,,,,
12000000,11027,English,6.803763,20-03-1981,0,02:02,Released,The Postman Always Rings Twice,6.4,110,Romance,Crime,Drama,,,Lorimar Film Entertainment,CIP Filmproduktion GmbH,Northstar International,,,,
0,3635,English,19.944479,31-08-2003,31466789,01:41,Released,Girl with a Pearl Earring,6.4,377,Drama,Romance,,,,Wild Bear Films,Archer Street Productions,Delux Productions,,,,
14000000,387,German,26.967494,16-09-1981,85000000,02:29,Released,Das Boot,7.9,613,Action,Drama,History,War,Adventure,Radiant Film GmbH,S\u00fcddeutscher Rundfunk,Bavaria Film,Westdeutscher Rundfunk (WDR),,,
12000000,6020,English,3.444542,22-03-2002,0,01:33,Released,Sorority Boys,4.6,47,Comedy,,,,,Touchstone Pictures,,,,,,
0,122906,English,74.817641,16-08-2013,87100449,02:03,Released,About Time,7.8,2067,Comedy,Drama,Science Fiction,,,Working Title Films,Translux,,,,,
0,9550,Chinese,21.064082,19-05-2004,92863945,01:59,Released,House of Flying Daggers,7.1,439,Adventure,Drama,Action,Romance,,Beijing New Picture Film Co. Ltd.,,,,,,
12000000,60599,English,16.40512,14-09-2012,35485056,01:40,Released,Arbitrage,6.1,294,Drama,Thriller,,,,Lionsgate,Artina Films,Lucky Monkey Pictures,Green Room Films,,,
12000000,227719,English,32.940597,30-01-2015,32248241,01:46,Released,Project Almanac,6.4,933,Science Fiction,Thriller,,,,Paramount Pictures,MTV Films,Platinum Dunes,Insurge Pictures,,,
12000000,14299,English,13.427427,05-12-2008,0,01:49,Released,Cadillac Records,6.9,86,Drama,History,Music,,,Parkwood Entertainment,,,,,,
0,19419,English,5.359381,12-05-2000,0,01:21,Released,Screwed,4.9,23,Action,Comedy,,,,Universal Pictures,Robert Simonds Productions,,,,,
8000000,12088,English,8.708229,30-09-1992,6739141,01:35,Released,Fortress,5.7,168,Action,Thriller,Science Fiction,,,Village Roadshow Pictures,Davis Entertainment,Fortress Films,,,,
12000000,14799,English,4.330428,22-11-2006,5542025,01:26,Released,For Your Consideration,5.9,43,Comedy,Drama,,,,Shangri-La Entertainment,,,,,,
0,9466,English,7.594593,07-09-1998,0,01:53,Released,Celebrity,6,111,Drama,Comedy,,,,Sweetland Films,Magnolia Productions,,,,,
12000000,7510,English,4.770195,27-10-2006,6754898,01:56,Released,Running with Scissors,5.8,78,Drama,Comedy,,,,TriStar Pictures,,,,,,
12000000,31246,English,1.623338,20-06-2003,4922166,01:30,Released,From Justin to Kelly,3,23,Comedy,Romance,,,,19 Entertainment,,,,,,
12000000,61752,English,2.993939,22-03-1996,4939939,01:48,Released,Girl 6,5.7,16,Comedy,,,,,Fox Searchlight Pictures,40 Acres & A Mule Filmworks,,,,,
12000000,10944,English,10.536092,09-09-2003,23,01:59,Released,In the Cut,4.6,89,Mystery,Thriller,,,,Pathe Productions,Red Turtle,,,,,
12000000,10362,English,8.290636,19-11-2008,3148182,01:50,Released,Two Lovers,6.6,154,Drama,Romance,,,,2929 Productions,Wild Bunch,Tempesta Films,,,,
0,14778,English,3.603842,10-09-2001,0,01:49,Released,Last Orders,6,22,Comedy,Drama,,,,Scala Productions,MBP (Germany),Future Films,winchester films,,,
11000000,1255,Korean,27.65527,27-07-2006,88489643,01:59,Released,The Host,6.7,537,Horror,Drama,Science Fiction,,,Cineclick Asia,Happinet Pictures,Cheongeoram,CJ Capital Investment,,,
0,45226,English,1.379643,13-11-1981,0,01:40,Released,The Pursuit of D.B. Cooper,6.8,4,Adventure,Crime,Thriller,,,[],,,,,,
12000000,10212,English,9.164386,16-03-1999,0,01:40,Released,Ravenous,6.9,141,Comedy,Horror,Thriller,Western,,Twentieth Century Fox Film Corporation,Fox 2000 Pictures,ETIC Films,Heyday Films,,,
12000000,8669,English,9.779444,22-02-2008,0,01:37,Released,Charlie Bartlett,6.5,225,Comedy,Drama,,,,Metro-Goldwyn-Mayer (MGM),,,,,,
12400000,179144,Italian,32.523573,21-05-2013,8371085,02:22,Released,The Great Beauty,7.3,720,Comedy,Drama,,,,France 2 Cin\u00e9ma,Indigo Film,Mediaset,Babe Films,,,
0,16857,English,2.24888,14-06-2002,0,01:44,Released,The Dangerous Lives of Altar Boys,6.4,53,Comedy,Drama,,,,Egg Pictures,Trilogy Entertainment Group,Initial Entertainment Group (IEG),,,,
12000000,86825,English,27.322212,28-02-2013,12077441,01:39,Released,Stoker,6.5,882,Drama,Horror,Thriller,,,Fox Searchlight Pictures,Scott Free Productions,Indian Paintbrush,,,,
12000000,844,Chinese,12.664787,20-05-2004,19271312,02:09,Released,2046,6.9,206,Fantasy,Drama,Science Fiction,Romance,,Paradis Films,Orly Films,Shanghai Film Group Corporation,Jet Tone Films,,,
12000000,8060,English,3.004432,12-09-2007,0,01:30,Released,Married Life,6.1,38,Crime,Drama,Romance,,,Sidney Kimmel Entertainment,Firm Films,Anonymous Content,,,,
12000000,15907,English,4.795244,22-04-2005,0,01:40,Released,Duma,6.9,41,Adventure,Drama,Family,,,John Wells Productions,Pandora Pictures,Gaylord Films,Warner Bros.,,,
12000000,38448,English,5.841285,14-09-2009,1644755,01:51,Released,Ondine,6.5,84,Drama,Romance,,,,Octagon Films,Irish Film Board,Wayfare Entertainment,Little Wave Productions,,,
12000000,327,Japanese,5.327714,09-09-2000,15250000,01:54,Released,Brother,6.8,107,Crime,Drama,Thriller,,,Bandai Visual Company,Office Kitano,Tokyo FM Broadcasting Co.,Recorded Picture Company (RPC),,,
1200000,9260,English,3.582733,24-05-2002,0,01:26,Released,Welcome to Collinwood,6.2,50,Comedy,,,,,Section Eight,Pandora Cinema,Gaylord Films,Warner Bros.,,,
0,61337,English,2.678715,31-10-1997,0,01:47,Released,Critical Care,6.1,9,Comedy,Drama,,,,Live Entertainment,Mediaworks,ASQA Film Partnership,,,,
8000000,13079,English,9.728143,08-09-2007,0,01:30,Released,The Life Before Her Eyes,6.1,88,Thriller,Drama,Mystery,,,2929 Productions,,,,,,
0,89325,English,2.303865,20-04-2012,0,01:43,Released,Darling Companion,5.3,22,Drama,Romance,,,,Kasdan Pictures,Werc Werk Works,,,,,
12000000,4170,English,11.237374,23-01-2007,0,02:00,Released,Trade,6.8,67,Drama,Thriller,,,,Centropolis Film Productions,,,,,,
0,41508,Hungarian,1.906807,10-02-2005,0,02:20,Released,Fateless,6.5,28,War,Drama,,,,[],,,,,,
12000000,12479,English,2.695896,13-02-1999,0,01:50,Released,Breakfast of Champions,5.2,28,Comedy,,,,,Hollywood Pictures,,,,,,
0,44555,Chinese,1.416796,11-12-2009,0,01:35,Released,"A Woman, a Gun and a Noodle Shop",4.8,13,Comedy,Drama,Thriller,,,Beijing New Picture Film Co. Ltd.,Film Partner International,,,,,
7500000,10133,English,11.636883,01-10-2002,0,01:35,Released,Cypher,6.7,192,Thriller,Science Fiction,Mystery,,,Miramax Films,Pandora Cinema,,,,,
12000000,21345,Chinese,4.793348,22-04-2009,10652498,02:12,Released,City of Life and Death,7.6,55,Drama,History,War,,,Media Asia Films,China Film Group Corporation (CFGC),Stellar Megamedia,Jiangsu Broadcasting System,,,
19000000,173931,Chinese,0.738652,01-01-2011,2570000,01:29,Released,Legend of a Rabbit,3,3,Animation,Family,Action,Adventure,Comedy,[],,,,,,
12000000,61984,Japanese,5.158067,01-12-2010,11212294,02:11,Released,Space Battleship Yamato,6.3,59,Science Fiction,,,,,Tokyo Broadcasting System (TBS),Mainichi Broadcasting System (MBS),Sedic,Tokyo FM Broadcasting Co.,,,
20000000,50601,English,5.727602,14-04-2011,17479,01:53,Released,5 Days of War,5.8,62,War,Drama,,,,Midnight Sun Pictures,Dispictures,Georgia International Films,Rex Media,,,
12000000,26466,English,25.496926,16-10-2009,0,01:39,Released,Triangle,6.9,612,Horror,,,,,Dan Films,UK Film Council,Pictures in Paradise,Pacific Film and Television Commission,,,
1200000,345003,English,0.489271,20-11-2015,0,01:51,Released,10 Days in a Madhouse,4.3,5,Drama,,,,,[],,,,,,
12000000,236751,English,11.150261,16-04-2014,101332962,01:39,Released,Heaven is for Real,6,229,Drama,,,,,TriStar Pictures,Screen Gems,Roth Films,,,,
10000000,107,English,53.595686,01-09-2000,83557872,01:43,Released,Snatch,7.7,2912,Thriller,Crime,,,,Columbia Pictures Corporation,Screen Gems,SKA Films,,,,
0,357837,Czech,0.186234,16-10-2015,0,01:29,Post Production,Dancin' It's On,4.3,2,Drama,Romance,,,,[],,,,,,
11500000,8913,English,20.747994,21-04-1989,57469467,01:43,Released,Pet Sematary,6.4,407,Drama,Horror,,,,Paramount Pictures,,,,,,
0,13889,Japanese,2.930853,17-04-1993,0,02:14,Released,Madadayo,7.5,20,Drama,,,,,Tokuma Shoten,Kurosawa Production Co.,DENTSU Music And Entertainment,Daiei Motion Picture Company,,,
11500000,18530,English,4.75919,07-02-2009,0,01:41,Released,The Cry of the Owl,5.5,29,Drama,,,,,MACT Productions,Myriad Pictures,Sienna Films,Studio Hamburg International Production (SHIP),,,
0,358451,Chinese,0.753362,28-08-2015,0,02:10,Released,A Tale of Three Cities,6.3,5,Drama,History,Romance,,,Huayi Brothers,Film Workshop,Edko Films,,,,
11000000,927,English,45.072136,07-06-1984,153083102,01:46,Released,Gremlins,6.9,1596,Fantasy,Horror,Comedy,,,Amblin Entertainment,Warner Bros.,,,,,
11000000,11,English,126.393695,25-05-1977,775398007,02:01,Released,Star Wars,8.1,6624,Adventure,Action,Science Fiction,,,Lucasfilm,Twentieth Century Fox Film Corporation,,,,,
11500000,291870,English,56.805781,21-01-2016,94073028,01:42,Released,Dirty Grandpa,5.7,1406,Comedy,,,,,Lionsgate,Josephson Entertainment,QED International,Ninjas Runnin' Wild Productions,,,
11000000,907,English,12.854853,22-12-1965,111858363,03:17,Released,Doctor Zhivago,7.4,247,Drama,Romance,War,,,Metro-Goldwyn-Mayer (MGM),,,,,,
0,206563,Portuguese,14.637357,09-10-2014,0,01:52,Released,Trash,7.1,242,Adventure,Crime,Drama,Thriller,,O2 Filmes,Working Title Films,PeaPie Films,,,,
0,11887,English,21.801188,22-10-2008,0,01:56,Released,High School Musical 3: Senior Year,6.2,821,Comedy,Drama,Family,Music,Romance,Walt Disney Pictures,,,,,,
25000000,45317,English,31.019381,17-12-2010,93617009,01:56,Released,The Fighter,7.2,1486,Drama,,,,,Paramount Pictures,,,,,,
11000000,12094,English,11.227087,22-09-2006,72778712,01:35,Released,Jackass Number Two,6.4,298,Action,Comedy,Documentary,,,Paramount Pictures,,,,,,
11000000,10377,English,19.231507,13-03-1992,64088552,02:00,Released,My Cousin Vinny,7.3,384,Comedy,Drama,,,,Twentieth Century Fox Film Corporation,Palo Vista Productions,Peter V. Miller Investment Corp.,,,,
11000000,249164,English,31.162838,21-08-2014,78874843,01:46,Released,If I Stay,7.3,1368,Drama,,,,,New Line Cinema,Metro-Goldwyn-Mayer (MGM),,,,,
12000000,256092,English,3.94487,26-05-2014,0,01:36,Released,Drive Hard,3.9,74,Action,Comedy,Crime,,,Odyssey Media,Silver Wings Films,,,,,
11000000,9942,English,7.559192,16-02-1989,49797148,01:47,Released,Major League,6.6,217,Comedy,,,,,Paramount Pictures,Mirage Enterprises,,,,,
0,10748,English,7.377587,21-12-2007,0,01:41,Released,St. Trinian's,5.6,142,Comedy,Family,Science Fiction,,,Ealing Studios,Fragile Films,Entertainment Film Distributors,,,,
13000000,1817,English,38.018085,09-09-2002,97837138,01:21,Released,Phone Booth,6.7,1062,Thriller,Drama,,,,Fox 2000 Pictures,,,,,,
11000000,10229,English,33.283554,25-01-2002,41227069,01:41,Released,A Walk to Remember,7.5,1018,Drama,Romance,,,,DiNovi Pictures,Pandora Pictures,Gaylord Films,Warner Bros.,,,
11000000,687,English,15.864928,29-12-1995,39363635,02:02,Released,Dead Man Walking,7.3,337,Drama,,,,,Havoc,PolyGram Filmed Entertainment,Working Title Films,,,,
10500000,796,English,23.449703,05-03-1999,75902208,01:37,Released,Cruel Intentions,6.6,827,Drama,Romance,Thriller,,,Columbia Pictures,Cruel Productions,Newmarket Capital Group,,,,
11000000,22804,English,31.900899,22-10-2009,68233629,01:30,Released,Saw VI,6,722,Horror,Mystery,,,,Lionsgate,Twisted Pictures,,,,,
11000000,10156,English,14.282314,12-06-1981,31672907,01:32,Released,History of the World: Part I,6.5,204,Comedy,,,,,Twentieth Century Fox Film Corporation,Brooksfilms,,,,,
11000000,12837,English,7.645979,17-09-2008,38105395,01:54,Released,The Secret Life of Bees,7.4,158,Adventure,,,,,Fox Searchlight Pictures,Donners' Company,Dune Entertainment III,Overbrook Entertainment,,,
11000000,17708,English,3.495758,12-10-2001,23978402,01:26,Released,Corky Romano,4.1,54,Action,Comedy,Crime,,,Robert Simonds Productions,Touchstone Pictures,,,,,
12000000,13937,English,7.558959,07-08-1992,37170057,01:31,Released,Raising Cain,5.9,65,Drama,Horror,Thriller,Crime,,Universal Pictures,Pacific Western,,,,,
11,28932,English,3.375208,26-04-1978,11,02:25,Released,F.I.S.T.,6.4,29,Drama,Action,,,,United Artists,chateau productions,,,,,
12000000,31909,English,4.234269,01-01-1986,4884663,01:40,Released,Invaders from Mars,5.5,57,Science Fiction,,,,,Cannon Pictures,,,,,,
11000000,167073,English,39.337949,20-10-2015,62076141,01:51,Released,Brooklyn,7.2,1213,Drama,Romance,,,,Wildgaze Films,Irish Film Board,Item 7,Parallel Film Productions,,,
11000000,3175,English,29.543331,18-12-1975,20000000,03:04,Released,Barry Lyndon,7.7,505,Drama,Romance,War,,,Hawk Films,Warner Bros.,Peregrine,,,,
24000000,14369,English,4.12064,21-11-2001,14782676,01:29,Released,Out Cold,5.8,53,Comedy,,,,,Spyglass Entertainment,Donners' Company,Epsilon Motion Pictures,Touchstone Pictures,,,
24000000,16888,English,2.259537,13-10-2000,13700000,01:24,Released,The Ladies Man,5.7,34,Comedy,,,,,SNL Studios,,,,,,
11000000,121826,English,7.722021,08-09-2012,59520298,01:38,Released,Quartet,6.3,139,Drama,Comedy,Romance,,,BBC Films,Headline Pictures,,,,,
11000000,10646,English,7.063053,30-03-2001,23430766,01:35,Released,Tomcats,4.9,74,Comedy,Romance,,,,Columbia Pictures,Revolution Studios,,,,,
11000000,12149,English,16.003958,17-11-2001,13110448,01:40,Released,Frailty,7,334,Drama,Thriller,Crime,,,Cinerenta Medienbeteiligungs KG,American Entertainment Partners L.P.,David Kirschner Productions,,,,
11000000,304357,English,21.204929,10-04-2015,61619773,02:00,Released,Woman in Gold,7.3,440,Drama,,,,,BBC Films,Origin Pictures,,,,,
0,11184,English,6.799314,04-09-2004,0,01:58,Released,Kinsey,6.6,131,Drama,,,,,Fox Searchlight Pictures,American Zoetrope,Myriad Pictures,Qwerty Films,,,
11000000,766,English,33.758281,09-10-1992,0,01:21,Released,Army of Darkness,7.3,838,Fantasy,Horror,Comedy,,,Universal Pictures,Renaissance Pictures,Metro-Goldwyn-Mayer (MGM),Dino De Laurentiis Company,,,
14000000,20009,English,9.371811,01-02-2002,6413915,01:26,Released,Slackers,5.4,60,Comedy,Romance,,,,Sony Pictures,Screen Gems,,,,,
11000000,1587,English,33.282794,17-12-1993,30000000,01:58,Released,What's Eating Gilbert Grape,7.5,919,Romance,Drama,,,,Paramount Pictures,,,,,,
10000000,30973,English,3.208172,11-09-2003,4069090,02:05,Released,The Visual Bible: The Gospel of John,8.2,12,Drama,History,,,,Gospel of John Ltd.,Toronto Film Studios,Visual Bible International,,,,
11000000,11109,English,4.131918,22-10-2004,0,02:05,Released,Vera Drake,6.8,80,Crime,Drama,,,,Ingenious Film Partners,Les Films Alain Sarde,UK Film Council,Inside Track 1,,,
0,9027,English,4.093288,21-08-2002,0,01:31,Released,The Guru,5.1,75,Comedy,Romance,,,,Universal Pictures,Studio Canal,,,,,
11000000,63020,English,1.187671,12-05-1995,2832826,01:53,Released,The Perez Family,6.6,9,Comedy,Drama,Romance,,,"Samuel Goldwyn Company, The",,,,,,
11000000,86829,English,36.319205,06-10-2013,32935319,01:45,Released,Inside Llewyn Davis,7.2,834,Drama,Music,,,,StudioCanal,CBS Films,Anton Capital Entertainment (ACE),,,,
0,11065,English,4.146752,31-08-2001,16017403,01:35,Released,O,5.8,75,Drama,Romance,Thriller,,,FilmEngine,Chickie The Cop Production,Daniel Fried Productions,Rhulen Entertainment,,,
11000000,13888,English,9.705589,02-08-1991,2807854,01:38,Released,Return to the Blue Lagoon,5.1,153,Drama,Adventure,Romance,,,Columbia Pictures Corporation,,,,,,
11000000,42345,English,1.396985,27-01-1970,2200000,02:04,Released,The Molly Maguires,5.9,16,Drama,History,,,,Paramount Pictures,Tamm Productions,,,,,
0,13994,English,4.056774,13-09-2005,2945242,01:45,Released,Romance & Cigarettes,6,33,Comedy,Music,Romance,,,United Artists,,,,,,
11000000,1590,English,5.062687,10-09-2006,0,01:44,Released,Copying Beethoven,6.2,42,Drama,,,,,Sidney Kimmel Entertainment,Anomaly Entertainment,,,,,
0,62728,English,3.122152,13-09-2010,0,01:51,Released,Brighton Rock,5.6,35,Drama,Thriller,Crime,,,BBC Films,StudioCanal,UK Film Council,,,,
10800000,11917,English,32.943848,23-10-2008,113857533,01:32,Released,Saw V,5.9,820,Horror,Thriller,Crime,,,Lionsgate,Twisted Pictures,,,,,
0,45138,Italian,0.700127,01-04-1969,0,01:56,Released,Machine Gun McCain,7.3,6,Drama,Action,Thriller,Crime,Foreign,Euro International Film (EIA),Euroatlantica,,,,,
11000000,80271,English,31.763201,10-02-2012,0,01:37,Released,LOL,5.9,881,Drama,Comedy,Romance,,,Double Feature Films,Mandate Pictures,PIC Agency,Lol Productions,,,
0,4657,English,8.950864,20-07-2006,0,02:03,Released,Jindabyne,5.7,25,Crime,Drama,Mystery,Thriller,,Australian Film Finance Corporation (AFFC),The New South Wales Film and Television Office,RGM Films,April Films,,,
7400000,14395,Hindi,3.246903,11-08-2006,17000000,03:13,Released,Kabhi Alvida Naa Kehna,6.1,42,Drama,Romance,,,,Yash Raj Films,Dharma Productions,,,,,
14000000,24137,English,4.519523,15-04-1999,18535191,01:37,Released,An Ideal Husband,6.3,46,Drama,Comedy,Romance,,,Miramax Films,Pyramide Productions,,,,,
0,190847,English,18.764453,11-08-2013,0,01:38,Released,The Last Days on Mars,5.2,302,Science Fiction,Thriller,Horror,,,Qwerty Films,Irish Film Board,Canal+,British Film Institute (BFI),,,
0,11056,English,6.340135,02-10-2002,0,01:42,Released,Darkness,5.6,112,Horror,,,,,V\u00eda Digital,Filmax Entertainment,Dimension Films,Castelao Producciones,,,
10500000,62,English,86.201184,10-04-1968,68700000,02:29,Released,2001: A Space Odyssey,7.9,2998,Science Fiction,Mystery,Adventure,,,Stanley Kubrick Productions,Metro-Goldwyn-Mayer (MGM),,,,,
10500000,601,English,56.105798,03-04-1982,792910554,01:55,Released,E.T. the Extra-Terrestrial,7.3,3269,Science Fiction,Adventure,Family,Fantasy,,Universal Pictures,Amblin Entertainment,,,,,
10000000,13067,English,12.792446,16-04-2007,17500000,01:37,Released,In the Land of Women,5.8,160,Romance,Comedy,Drama,,,Castle Rock Entertainment,Land Films Inc.,Anonymous Content,,,,
0,25379,English,1.985552,20-02-2004,0,01:37,Released,The Blue Butterfly,6.8,6,Adventure,Drama,Family,,,Palpable Productions,Galafilm Productions,Global Arts Productions,,,,
10500000,88641,English,0.037073,02-09-1994,123509,01:39,Released,There Goes My Baby,8.5,2,Drama,Comedy,,,,Nelson Entertainment,,,,,,
0,58051,Hindi,0.12082,30-04-2010,0,02:15,Released,Housefull,5.2,29,Drama,Comedy,Romance,Foreign,,[],,,,,,
11000000,14877,English,3.646848,17-05-2007,0,01:50,Released,September Dawn,5,16,Drama,Action,History,Western,Romance,September Dawn,Voice Pictures,Black Diamond Pictures,,,,
12000000,96399,English,5.759545,01-06-2012,9622846,02:25,Released,For Greater Glory - The True Story of Cristiada,6.4,35,History,Drama,,,,Dos Corazones,,,,,,
11000000,304410,French,25.302978,17-12-2014,0,01:45,Released,The Bélier Family,7,766,Comedy,Drama,Music,,,France 2 Cin\u00e9ma,Mars Films,Nexus Factory,Umedia,,,
10000000,489,English,43.734886,05-12-1997,225933435,02:06,Released,Good Will Hunting,7.9,2811,Drama,,,,,Miramax Films,Lawrence Bender Productions,Be Gentlemen Limited Partnership,,,,
11000000,373314,English,10.016909,05-02-2016,0,01:46,Released,Misconduct,5.3,149,Drama,Thriller,,,,Lionsgate,Mike and Marty Productions,,,,,
10000000,214,English,33.124871,27-10-2006,163876815,01:48,Released,Saw III,6.1,1071,Horror,Thriller,Crime,,,Lions Gate Films,Twisted Pictures,Evolution Entertainment,,,,
10000000,10890,English,10.892398,25-06-1981,85300000,01:46,Released,Stripes,6.5,249,Action,Comedy,,,,Columbia Pictures Industries,,,,,,
28000000,1588,English,14.754281,25-08-2000,90449929,01:38,Released,Bring It On,5.8,568,Comedy,,,,,Beacon Communications,,,,,,
10000000,316727,English,53.727146,29-06-2016,118587880,01:45,Released,The Purge: Election Year,6.1,1306,Action,Horror,Thriller,,,Universal Pictures,Why Not Productions,Platinum Dunes,Blumhouse Productions,,,
10000000,10314,English,8.9876,29-01-1999,103166989,01:35,Released,She's All That,5.7,418,Comedy,Romance,,,,Miramax Films,Tapestry Films,FilmColony,,,,
10000000,663,English,29.244768,25-10-2007,139352633,01:33,Released,Saw IV,5.9,903,Horror,Thriller,Crime,,,Lions Gate Films,Twisted Pictures,,,,,
10000000,11804,English,14.447723,07-01-2005,91196419,01:41,Released,White Noise,5.6,261,Drama,Horror,Thriller,,,Universal Pictures,Brightlight Pictures,Endgame Entertainment,The Movie Network (TMN),,,
6000000,16781,English,5.882208,24-02-2006,57231524,01:50,Released,Madea's Family Reunion,6,77,Drama,Comedy,Romance,,,Lions Gate Films,,,,,,
13800000,11873,English,17.3393,07-10-1986,52293982,01:59,Released,The Color of Money,6.7,291,Drama,,,,,Silver Screen Partners,Touchstone Pictures,,,,,
10000000,9289,English,19.524972,25-09-1962,50100000,02:58,Released,The Longest Day,7.2,234,Action,Drama,History,War,,Twentieth Century Fox Film Corporation,Darryl F. Zanuck Productions,,,,,
10000000,10414,English,8.932837,01-10-1992,50752337,01:41,Released,The Mighty Ducks,6.4,198,Comedy,Family,,,,Walt Disney,,,,,,
10000000,1970,English,35.695442,22-10-2004,183474602,01:32,Released,The Grudge,5.8,865,Horror,Mystery,Thriller,,,Ghost House Pictures,Vertigo Entertainment,Senator International,Colombia Pictures,,,
12000000,9614,English,26.598884,16-02-1996,41205099,01:32,Released,Happy Gilmore,6.5,755,Comedy,,,,,Universal Pictures,Brillstein-Grey Entertainment,Robert Simonds Productions,,,,
10000000,8922,English,23.316208,01-07-2001,59217789,01:30,Released,Jeepers Creepers,6.1,720,Horror,Thriller,,,,United Artists,American Zoetrope,Cinerenta Medienbeteiligungs KG,Cinerenta-Cinebeta,,,
10000000,1648,English,25.929893,17-02-1989,40485039,01:30,Released,Bill & Ted's Excellent Adventure,6.7,454,Adventure,Comedy,Science Fiction,,,Orion Pictures,,,,,,
10000000,17917,English,8.305998,26-09-1968,37402877,02:33,Released,Oliver!,7,103,Drama,Family,Music,,,Columbia Pictures Corporation,Warwick Film Productions,Romulus Films,,,,
10000000,74534,English,21.258991,28-11-2011,136836156,02:04,Released,The Best Exotic Marigold Hotel,6.9,459,Drama,Comedy,,,,Participant Media,Imagenation Abu Dhabi FZ,,,,,
10000000,19405,English,5.699058,27-01-2001,44460850,01:23,Released,Recess: School's Out,6.6,67,Science Fiction,Animation,Comedy,Family,,Walt Disney Television Animation,Disney Toon Studio,,,,,
12305523,9355,English,36.582038,29-06-1985,36230219,01:47,Released,Mad Max Beyond Thunderdome,5.9,748,Action,Adventure,Science Fiction,,,Kennedy Miller Productions,,,,,,
10000000,10999,English,34.224204,03-10-1985,57500000,01:30,Released,Commando,6.4,742,Action,Adventure,Thriller,,,Twentieth Century Fox Film Corporation,SLM Production Group,Silver Pictures,,,,
10000000,321258,English,38.179483,22-01-2016,64188367,01:37,Released,The Boy,5.8,1102,Horror,Mystery,Thriller,,,Lakeshore Entertainment,Vertigo Entertainment,Diamond Films,Showtime Networks,,,
10000000,44040,English,30.934688,13-01-2010,33583175,01:20,Released,Devil,5.8,816,Horror,Mystery,Thriller,,,Universal Pictures,Media Rights Capital,Night Chronicles,Relativity Media,,,
20000000,10426,English,7.499639,22-11-2002,33526835,01:25,Released,Friday After Next,6,100,Comedy,,,,,New Line Cinema,,,,,,
10000000,280092,English,45.946524,04-06-2015,104303851,01:37,Released,Insidious: Chapter 3,6.2,983,Drama,Horror,Thriller,,,Sony Pictures,,,,,,
10000000,13938,English,4.928777,22-03-1985,25754284,01:48,Released,The Last Dragon,6.4,69,Action,Adventure,Comedy,,,TriStar Pictures,Motown Productions,Delphi III Productions,,,,
10000000,10163,English,10.125029,05-03-1992,32101000,01:48,Released,The Lawnmower Man,5.4,197,Horror,Thriller,Science Fiction,,,New Line Cinema,Allied Vision,,,,,
9000000,12182,English,20.452449,03-10-2008,32973937,01:29,Released,Nick and Norah's Infinite Playlist,6.4,379,Comedy,Music,Romance,,,Columbia Pictures,Mandate Pictures,Depth of Field,Screen Gems,,,
10000000,1832,English,14.543435,12-11-1999,30652890,02:10,Released,Dogma,6.8,823,Fantasy,Comedy,Adventure,,,Lions Gate,View Askew Productions,,,,,
10000000,9034,English,6.015354,20-09-2002,0,01:38,Released,The Banger Sisters,5.5,62,Comedy,Drama,,,,Fox Searchlight Pictures,,,,,,
10000000,15301,English,12.902975,24-06-1983,29450919,01:41,Released,Twilight Zone: The Movie,6.2,161,Drama,Fantasy,Horror,Science Fiction,Thriller,Warner Bros.,,,,,,
15000000,10135,English,6.216203,19-05-1989,30050028,01:54,Released,Road House,6.3,252,Action,Thriller,,,,United Artists,Star Partners II Ltd.,Silver Pictures,,,,
10000000,26352,English,3.290639,23-11-1994,29392418,01:40,Released,A Low Down Dirty Shame,6,31,Action,Comedy,Crime,,,Caravan Pictures,Hollywood Pictures,,,,,
8500000,20616,English,4.844451,06-09-2002,34411240,01:24,Released,Swimfan,5,70,Drama,Thriller,,,,Twentieth Century Fox Film Corporation,Greenestreet Films,Cobalt Media Group,Furthur Films,,,
12000000,9794,English,9.559737,06-10-2006,38368909,01:43,Released,Employee of the Month,5.3,153,Comedy,Romance,,,,Lionsgate,,,,,,
10000000,15037,English,11.350382,12-06-1998,25605015,01:40,Released,Can't Hardly Wait,6.1,122,Comedy,Drama,Romance,,,Columbia Pictures,,,,,,
10000000,227,English,13.455373,25-03-1983,33697647,01:31,Released,The Outsiders,6.9,291,Crime,Drama,,,,American Zoetrope,Warner Bros.,,,,,
65000000,294272,English,31.974359,10-08-2016,143695338,01:42,Released,Pete's Dragon,6.2,679,Adventure,Family,Fantasy,,,Walt Disney Pictures,Walt Disney Studios Motion Pictures,,,,,
10000000,11336,English,16.78512,21-10-1983,20766616,01:43,Released,The Dead Zone,6.9,311,Horror,Science Fiction,Thriller,,,Paramount Pictures,Lorimar Film Entertainment,Dino De Laurentiis Company,,,,
10000000,283445,English,26.090495,19-08-2015,52882018,01:37,Released,Sinister 2,5.4,581,Horror,,,,,Alliance Films,Blumhouse Productions,IM Global,Automatik Entertainment,,,
14000000,88036,English,2.698185,17-08-2012,24637469,01:56,Released,Sparkle,5.8,36,Drama,Music,,,,TriStar Pictures,Phoenix Pictures,Stage 6 Films,Akil Production Company,,,
0,10984,English,5.904126,01-02-2001,0,01:36,Released,Valentine,5,114,Horror,Thriller,,,,Village Roadshow Pictures,NPV Entertainment,Warner Bros.,,,,
10000000,22824,English,22.888173,06-11-2009,42333295,01:38,Released,The Fourth Kind,5.8,441,Mystery,Science Fiction,Thriller,,,Universal Pictures,Saga Film,Focus Films,Gold Circle Films,,,
10000000,9526,English,5.025446,09-06-2006,0,01:45,Released,A Prairie Home Companion,6.4,81,Drama,Comedy,Music,,,River Road Entertainment,GreeneStreet Films,Picturehouse Entertainment,Sandcastle 5 Productions,,,
0,39349,English,2.580808,25-02-1994,0,02:03,Released,Sugar Hill,5.2,13,Drama,Action,Thriller,,,Beacon Communications,Beacon Pictures,South Street Films,Ghiznoz Productions,,,
0,15983,English,4.192064,27-09-1985,0,01:47,Released,Invasion U.S.A.,5.3,49,Action,Thriller,,,,Cannon Films,,,,,,
0,14544,English,2.596338,23-09-2005,0,01:52,Released,Roll Bounce,6.1,27,Comedy,Drama,Family,,,Fox Searchlight Pictures,,,,,,
9000000,11545,English,18.289303,17-09-1998,17096053,01:33,Released,Rushmore,7.5,676,Comedy,Drama,,,,Touchstone Pictures,,,,,,
10000000,42684,English,26.268209,11-11-2010,66821036,01:40,Released,Skyline,4.7,507,Science Fiction,,,,,Rogue Pictures,Relativity Media,Hydraulx,Rat Entertainment,,,
10000000,268238,English,17.592299,26-02-2015,85978266,02:02,Released,The Second Best Exotic Marigold Hotel,6.3,272,Drama,Comedy,,,,Fox Searchlight Pictures,Participant Media,Blueprint Pictures,,,,
0,8359,English,6.27141,02-07-2008,0,01:41,Released,Kit Kittredge: An American Girl,6.4,34,Comedy,Drama,Family,,,New Line Cinema,Goldsmith-Thomas Productions,Red Om Films,HBO Films,,,
0,15648,English,11.158906,17-06-2005,0,01:40,Released,The Perfect Man,5.5,203,Comedy,Drama,Family,Romance,,Universal Pictures,,,,,,
10000000,41823,English,3.079862,03-08-1990,16153593,02:09,Released,Mo' Better Blues,6.3,47,Drama,Romance,,,,Universal Pictures,40 Acres & A Mule Filmworks,,,,,
0,11891,English,8.288813,25-01-2002,0,01:21,Released,Kung Pow: Enter the Fist,6.1,159,Action,Comedy,,,,Twentieth Century Fox Film Corporation,O Entertainment,,,,,
11000000,9362,English,32.579697,19-01-1990,48572000,01:36,Released,Tremors,6.6,864,Action,Horror,,,,Universal Pictures,No Frills Film Production,,,,,
12600000,9902,English,33.555764,30-05-2003,28650575,01:24,Released,Wrong Turn,6,635,Horror,Thriller,,,,Summit Entertainment,Newmarket Capital Group,Regency Enterprises,Constantin Film Produktion,,,
10000000,14729,English,2.959547,12-05-1980,15795189,01:39,Released,The Long Riders,6.6,50,Western,History,,,,United Artists,,,,,,
25000000,9455,English,4.068107,12-03-1999,15156200,01:50,Released,The Corruptor,6,57,Action,Crime,Mystery,Thriller,,New Line Cinema,Illusion Entertainment Group,,,,,
10000000,103731,English,17.663353,01-05-2013,21587700,02:10,Released,Mud,7,1068,Drama,,,,,FilmNation Entertainment,Everest Entertainment,,,,,
10000000,10090,English,4.207456,23-02-2007,20342161,01:24,Released,Reno 911!: Miami,5.6,72,Action,Adventure,Comedy,Crime,,Paramount Pictures,Double Feature Films,Jersey Films,Twentieth Century Fox Film Corporation,,,
10000000,164558,English,7.944457,28-08-2013,0,01:32,Released,One Direction: This Is Us,8,201,Documentary,Music,,,,Columbia Pictures,Sony Pictures,,,,,
10000000,19905,English,3.352702,14-08-2009,0,01:30,Released,"The Goods: Live Hard, Sell Hard",5.4,58,Comedy,,,,,Paramount Vantage,Kevin Messick Productions,Gary Sanchez Productions,,,,
0,17710,English,5.856363,28-06-2002,0,01:16,Released,Hey Arnold! The Movie,5.6,62,Animation,Family,,,,Paramount Pictures,Nickelodeon Movies,Nickelodeon Animation Studios,Paramount Animation,,,
6400000,75900,English,21.006078,17-10-2011,35057696,01:39,Released,My Week with Marilyn,6.6,406,Drama,,,,,BBC Films,The Weinstein Company,UK Film Council,Lip Sync Post,,,
10000000,9515,English,5.647538,12-05-2005,17297244,01:36,Released,The Matador,6.2,136,Action,Comedy,Crime,Drama,Thriller,Miramax Films,,,,,,
10000000,27322,English,1.000178,14-03-1997,0,01:44,Released,Love Jones,8.1,12,Comedy,Drama,Romance,,,New Line Cinema,Addis Wechsler Pictures,,,,,
5000000,328425,English,27.247013,30-07-2015,58978653,01:48,Released,The Gift,6.7,1049,Thriller,Mystery,,,,Blumhouse Productions,Blue-Tongue Films,Huayi Brothers Media,STX Entertainment,,,
0,14120,English,1.83428,02-12-2005,0,01:48,Released,End of the Spear,6.1,15,Adventure,Drama,,,,Bearing Fruit Entertainment,every tribe entertainment,,,,,
10000000,10050,English,11.592129,08-03-2001,0,01:27,Released,Get Over It,5.5,75,Comedy,Romance,,,,Miramax,,,,,,
10000000,1542,English,18.366362,19-02-1999,12827813,01:29,Released,Office Space,7.4,1050,Comedy,Crime,,,,Twentieth Century Fox Film Corporation,Cubicle Inc.,,,,,
10000000,10490,English,6.736274,23-07-1999,10571408,01:38,Released,Drop Dead Gorgeous,6.4,86,Comedy,,,,,New Line Cinema,Capella International,KC Medien AG,,,,
10000000,87093,English,28.570174,24-12-2014,28883511,01:45,Released,Big Eyes,6.8,1196,Drama,,,,,The Weinstein Company,Silverwood Films,Electric City Entertainment,Tim Burton Productions,,,
30000000,10029,English,5.671691,11-09-1998,9898412,01:40,Released,Very Bad Things,6.2,179,Comedy,Crime,Thriller,,,Initial Entertainment Group (IEG),Interscope Communications,VBT Productions,Ballpark Productions Partnership,,,
0,9893,English,5.842299,09-07-2004,0,01:29,Released,Sleepover,5.3,101,Comedy,Family,,,,[],,,,,,
10000000,11507,English,9.525626,25-10-1984,8801940,01:54,Released,Body Double,6.4,137,Crime,Mystery,Horror,Thriller,,Columbia Pictures Corporation,Delphi II Productions,,,,,
10000000,37931,English,14.038512,21-05-2010,6110000,01:30,Released,MacGruber,5.1,179,Action,Adventure,Comedy,,,Relativity Media,,,,,,
0,3472,English,9.177896,05-09-2002,0,01:37,Released,Dirty Pretty Things,6.8,131,Crime,Drama,Thriller,,,Miramax Films,BBC Films,Celador Productions,Jonescompany Productions,,,
6000000,87818,English,35.350303,01-01-2013,32438988,01:30,Released,Movie 43,4.4,797,Comedy,,,,,Greenestreet Films,Relativity Media,Virgin Produced,Wessler Entertainment,,,
10000000,13160,English,12.067921,01-02-2008,0,01:35,Released,Over Her Dead Body,5.3,145,Comedy,,,,,The Safran Company,Gold Circle Films,Dead Fianc\u00e9e Productions,,,,
10000000,88005,English,30.863082,22-06-2012,9636289,01:41,Released,Seeking a Friend for the End of the World,6.3,700,Comedy,Drama,Romance,Science Fiction,,Mandate Pictures,Indian Paintbrush,Anonymous Content,Focus Features,,,
0,52067,English,10.254807,11-02-2011,6861102,01:27,Released,Cedar Rapids,5.9,135,Comedy,,,,,Ad Hominem Enterprises,,,,,,
20000000,73,English,73.567232,30-10-1998,23875127,01:59,Released,American History X,8.2,3016,Drama,,,,,New Line Cinema,The Turman-Morrissey Company,Savoy Pictures,,,,
0,134597,English,16.361743,21-09-2012,6842058,01:34,Released,The Collection,5.9,289,Horror,Thriller,,,,Fortress Features,LD Entertainment,,,,,
10000000,24034,English,1.374409,16-01-2004,0,01:14,Released,Teacher's Pet,5.5,2,Animation,Drama,Family,Music,,Walt Disney Pictures,Walt Disney Television Animation,,,,,
18000000,14283,English,6.18869,10-09-1998,9495408,02:11,Released,The Red Violin,7.3,99,Drama,Thriller,Mystery,Music,Romance,Rhombus Media,Channel Four Films,,,,,
10000000,404,English,15.280261,15-10-1999,0,01:52,Released,The Straight Story,7.7,306,Drama,,,,,Walt Disney Pictures,Channel Four Films,Asymmetrical Productions,Les Films Alain Sarde,,,
0,13201,English,0.753481,03-05-2002,0,01:36,Released,Deuces Wild,5.5,34,Action,Crime,Drama,Romance,,United Artists,,,,,,
9500000,209403,English,14.105392,06-09-2013,7800000,01:28,Released,Bad Words,6.4,334,Comedy,,,,,Darko Entertainment,Aggregate Film,,,,,
10000000,7942,English,14.905357,06-09-2007,33000000,01:40,Released,"Run, Fatboy, Run",6.2,238,Comedy,Romance,,,,Entertainment Films,Material Entertainment,Beech Hill Films,,,,
10000000,73247,English,0.518056,18-12-1981,2154696,01:19,Released,Heartbeeps,3.8,6,Comedy,Romance,Family,,,Universal Pictures,,,,,,
9000000,253331,English,12.172131,06-09-2014,21571189,02:01,Released,Black or White,6.5,115,Drama,,,,,Treehouse Pictures,,,,,,
0,34043,English,3.084874,26-10-2001,0,01:25,Released,On the Line,4.1,10,Comedy,Family,Romance,,,Miramax Films,Tapestry Films,A Happy Place,,,,
10000000,9952,English,17.078656,09-09-2006,7177143,02:06,Released,Rescue Dawn,6.9,336,Adventure,Drama,War,,,Metro-Goldwyn-Mayer (MGM),,,,,,
10000000,256924,English,16.318608,19-03-2015,10835752,01:47,Released,Danny Collins,6.6,183,Comedy,Drama,Music,,,Big Indie Pictures,ShivHans Pictures,,,,,
10000000,82532,English,10.409155,13-09-2011,4417580,01:23,Released,"Jeff, Who Lives at Home",6.1,217,Drama,Comedy,,,,Indian Paintbrush,,,,,,
0,41110,Italian,5.355763,05-09-2009,0,02:00,Released,I Am Love,6.9,73,Drama,Romance,,,,Rai Cinema,,,,,,
0,134371,English,4.725357,12-10-2012,0,01:52,Released,Atlas Shrugged Part II,5.4,41,Drama,Science Fiction,Mystery,,,Cinema Vehicle Services,Atlas 2 Productions,,,,,
11500000,2088,English,4.850402,13-09-1993,3275585,01:40,Released,Romeo Is Bleeding,5.7,36,Action,Crime,Drama,Thriller,,Working Title Films,Polygram Filmed Entertainment,Hilary Henkin,,,,
10000000,10388,English,8.902102,15-05-1999,3193102,01:29,Released,The Limey,6.6,105,Action,Crime,Drama,Mystery,Thriller,Artisan Entertainment,,,,,,
6500000,1640,English,28.223163,13-01-2004,98410061,01:52,Released,Crash,7.2,1149,Drama,,,,,Blackfriars Bridge Films,Yari Film Group,Bob Yari Productions,ApolloProScreen Filmproduktion,,,
10000000,25520,English,3.007816,23-09-2000,5164404,02:20,Released,The House of Mirth,6.4,25,Drama,Romance,,,,Granada Film Productions,Arts Council of England,Diaphana Films,The Glasgow Film Fund,,,
0,27342,English,1.610132,01-05-1987,0,01:32,Released,Malone,6.8,15,Action,Thriller,,,,Orion Pictures,,,,,,
0,13689,English,8.326131,30-03-2006,0,02:00,Released,Peaceful Warrior,7.3,90,Drama,Romance,,,,Universal,,,,,,
10000000,67911,English,3.919057,09-09-2011,0,01:37,Released,Bucky Larson: Born to Be a Star,4.4,51,Comedy,,,,,Columbia Pictures,Happy Madison Productions,,,,,
0,24664,English,2.23411,06-10-2000,0,02:15,Released,Bamboozled,6.3,24,Comedy,Drama,,,,New Line Cinema,40 Acres & A Mule Filmworks,,,,,
10000000,329440,English,19.865989,07-01-2016,40055439,01:35,Released,The Forest,4.8,448,Horror,Thriller,,,,Lava Bear Films,AI-Film,Phantom Four Films,,,,
14000000,47890,English,0.310513,11-02-1981,439564,01:58,Released,Sphinx,6,2,Adventure,Mystery,Thriller,,,Orion Pictures,S & L Films,,,,,
10000000,252512,English,19.263477,03-04-2015,7587485,01:37,Released,While We're Young,5.8,383,Comedy,Drama,Mystery,,,Scott Rudin Productions,A24,,,,,
10000000,55720,English,4.123533,24-06-2011,1759252,01:38,Released,A Better Life,7,54,Drama,,,,,Summit Entertainment,Witt/Thomas Productions,Depth of Field,McLaughlin Films,,,
0,9613,English,6.948401,13-12-2002,0,01:38,Released,Spider,6.4,168,Drama,Mystery,Thriller,,,T\u00e9l\u00e9film Canada,Capitol Films,Canadian Film or Video Production Tax Credit (CPTC),Metropolitan Films,,,
10000000,29076,English,3.988432,04-02-2000,1631839,01:41,Released,Gun Shy,5.4,24,Action,Comedy,Romance,Thriller,,Hollywood Pictures,Fortis Films,,,,,
0,29339,English,5.099923,27-12-2002,0,02:12,Released,Nicholas Nickleby,6.8,49,Adventure,Drama,Action,Family,,United Artists Corporation,Hart-Sharp Entertainment,Potboiler Productions,,,,
20000000,68812,English,19.494703,01-09-2012,1969193,01:45,Released,The Iceman,6.4,365,Thriller,Crime,Drama,,,Bleiberg Entertainment,Millennium Films,,,,,
0,32740,Hindi,3.759988,23-06-2006,0,02:34,Released,Krrish,5.5,46,Action,Science Fiction,,,,[],,,,,,
10000000,14195,English,4.176066,17-05-2000,0,01:27,Released,Cecil B. Demented,6.2,51,Thriller,Comedy,Crime,,,Canal+,Artic Productions LLC,Polar Entertainment Corporation,,,,
10000000,73567,English,16.436178,10-09-2011,3665069,01:42,Released,Killer Joe,6.5,425,Crime,Drama,Thriller,,,Voltage pictures,Worldview Entertainment,ANA Media,Picture Perfect (I),,,
10000000,41479,English,14.979375,13-09-2009,7022728,01:36,Released,The Joneses,6.1,210,Comedy,Drama,,,,Echo Lake Productions,Premiere Picture,,,,,
0,15394,English,8.045488,02-05-2003,0,01:44,Released,Owning Mahowny,6.8,37,Crime,Drama,Thriller,,,Alliance Atlantis Communications,Natural Nylon Entertainment,T\u00e9l\u00e9film Canada,Astral Media,,,
0,10071,English,8.312153,07-09-2007,0,01:33,Released,The Brothers Solomon,4.9,46,Comedy,,,,,Revolution Studios,TriStar Pictures,Carsey-Werner Company,,,,
10000000,1989,English,10.733761,16-05-2007,21786738,01:51,Released,My Blueberry Nights,6,190,Drama,Romance,,,,Block 2 Pictures,Jet Tone Production,StudioCanal,Lou Yi Inc.,,,
0,91076,English,0.111313,21-05-1998,0,01:59,Released,Illuminata,6.3,7,Drama,,,,,Overseas FilmGroup,GreeneStreet Films,JVC Entertainment Networks,Sogepaq,,,
10000000,12779,English,4.570043,11-10-2002,598645,01:29,Released,Swept Away,4.8,50,Comedy,Romance,,,,Screen Gems,SKA Films,Codi S.p.a.,,,,
5000000,13191,English,6.265659,28-04-2008,1296184,01:46,Released,"War, Inc.",5.6,86,Action,Adventure,Comedy,Thriller,,[],,,,,,
0,11770,Chinese,17.54768,12-07-2001,42776760,01:53,Released,Shaolin Soccer,6.6,491,Action,Comedy,,,,Star Overseas,Universe Entertainment,,,,,
10000000,12703,English,3.412162,27-08-2004,0,01:33,Released,The Brown Bunny,5.5,62,Drama,,,,,Wild Bunch,Kin\u00e9tique Inc.,Vincent Gallo Productions,,,,
0,64559,French,0.627964,15-10-1997,0,01:45,Released,The Swindle,6.4,5,Comedy,Crime,Thriller,,,Rh\u00f4ne-Alpes Cin\u00e9ma,TF1 Films Production,Canal+,T\u00e9l\u00e9vision Suisse-Romande (TSR),,,
0,222649,English,5.75555,07-11-2014,0,01:43,Released,Rosewater,6.5,98,Drama,,,,,Odd Lot Entertainment,International Traders,Busboy Productions,,,,
0,115872,English,1.031142,10-10-1997,0,01:40,Released,The Chambermaid on the Titanic,5.3,3,Drama,,,,,[],,,,,,
7700000,101173,English,7.554799,14-02-2011,1072602,02:03,Released,Coriolanus,5.9,131,Drama,Thriller,,,,BBC Films,Synchronistic Pictures,Icon Entertainment International,Lipsync Productions,,,
10000000,25350,English,2.85283,14-09-2004,0,01:51,Released,Imaginary Heroes,6.3,29,Comedy,Drama,,,,Signature Pictures,Art Linson Productions,ApolloProMedia GmbH & Co. 1. Filmproduktion KG (I),QI Quality International GmbH & Co. KG,,,
0,10034,English,1.769593,16-07-2001,0,01:26,Released,High Heels and Low Lifes,6.4,12,Action,Crime,Comedy,,,Fragile Films,Touchstone Pictures,,,,,
10000000,20178,English,9.805551,20-08-2009,295750,01:39,Released,World's Greatest Dad,6.5,177,Comedy,Romance,,,,Magnolia Pictures,Jerkschool Productions,,,,,
0,5072,English,12.898984,19-05-2006,0,01:36,Released,Severance,6.4,169,Horror,Comedy,Thriller,,,Qwerty Films,Dan Films,Isle of Man Film,HanWay Films,,,
10000000,18191,English,2.803642,31-08-2005,0,01:22,Released,Edmond,6,50,Drama,Thriller,,,,First Independent Pictures,,,,,,
0,31007,English,6.085879,29-10-2010,42145,01:50,Released,Welcome to the Rileys,6.4,139,Drama,,,,,Destination Films,Scott Free Productions,Film Rites,Samuel Goldwyn Films,,,
0,11546,English,11.946898,09-06-1994,126247,01:23,Released,Police Academy: Mission to Moscow,4.1,178,Comedy,Crime,,,,Warner Bros.,,,,,,
0,41894,English,0.397341,01-02-2010,0,00:00,Released,Blood Done Sign My Name,6,5,Drama,Crime,,,,[],,,,,,
10000000,184374,Spanish,0.072085,03-05-2013,0,02:05,Released,Cinco de Mayo: La Batalla,5.8,14,War,History,Drama,,,Estudios Churubusco Azteca,Gala Films,Gobierno del Estado de Puebla,,,,
10000000,268171,English,2.849895,07-03-2014,0,01:44,Released,Elsa & Fred,6.2,31,Comedy,Family,Romance,,,Riverside Entertainment,Rio Negro,Media House Capital,Cuatro Plus Films,,,
10000000,78149,English,0.666218,20-02-1998,45779,01:26,Released,"An Alan Smithee Film: Burn, Hollywood, Burn",3,9,Comedy,,,,,Hollywood Pictures,Cinergi Pictures Entertainment,,,,,
0,24663,English,1.388136,07-02-2009,0,01:30,Released,The Open Road,4.8,19,Comedy,Drama,Romance,,,[],,,,,,
3200000,39037,English,2.631688,25-04-2009,0,01:30,Released,The Good Guy,5.4,59,Comedy,Romance,,,,Belladonna Productions,Whitest Pouring Films,,,,,
0,22805,English,10.955567,21-01-2009,0,01:30,Released,Motherhood,4.7,44,Comedy,Drama,,,,John Wells Productions,,,,,,
0,39055,English,0.122874,24-12-2008,140987,01:34,Released,Free Style,5.8,4,Drama,Family,,,,Rigel Entertainment,,,,,,
10000000,245846,English,5.145655,01-07-2015,17472,01:51,Released,Strangerland,5.1,83,Drama,Thriller,,,,Worldview Entertainment,,,,,,
10000000,25186,English,1.728816,16-10-2009,9069,01:25,Released,Janky Promoters,7,5,Comedy,,,,,Cube Vision,Dimension Films,,,,,
10000000,15017,English,3.064563,21-12-2007,0,01:33,Released,Blonde Ambition,3.9,29,Comedy,Romance,,,,[],,,,,,
14100000,12245,English,9.318033,18-01-2008,0,01:47,Released,The Oxford Murders,5.7,188,Crime,Mystery,Thriller,,,La Fabrique de Films,Telecinco Cinema,,,,,
0,49787,English,7.245108,15-05-2010,0,01:34,Released,The Reef,5.4,130,Drama,Horror,Thriller,,,Lightning Entertainment,Screen Australia,Screen NSW,ProdigyMovies,,,
0,16358,English,9.085482,15-10-2004,0,01:31,Released,Eulogy,6.4,34,Comedy,Drama,,,,Myriad Pictures,Artisan Entertainment,Eulogy Productions LLC,Ovation Entertainment,,,
0,7006,English,6.814247,05-01-2007,0,01:39,Released,White Noise 2: The Light,5.6,80,Thriller,Drama,Horror,Fantasy,,Brightlight Pictures,Gold Circle Films,,,,,
10000000,66767,English,2.873796,10-06-2011,0,01:31,Released,Beat the World,4.3,16,Music,Drama,,,,The Harold Greenberg Fund,Ontario Media Development Corporation (OMDC),Telefilm Canada - Equity Investment Program,Inner City Films,,,
0,17622,English,4.481897,10-09-2008,0,01:57,Released,Fifty Dead Men Walking,6.1,35,Action,Thriller,,,,T\u00e9l\u00e9film Canada,Brightlight Pictures,Canadian Film or Video Production Tax Credit (CPTC),Future Films,,,
0,283671,English,1.413934,07-08-2014,0,01:25,Released,Jungle Shuffle,6.5,1,Family,Animation,Adventure,,,Wonderworld Studios,Animation Picture Company,Avikoo Studios,,,,
10000000,18516,English,2.574014,08-08-2008,0,01:46,Released,Adam Resurrected,6.4,22,Drama,War,,,,3L Filmproduktion GmbH,Bleiberg Entertainment,Adam Productions,July August Productions,,,
10,217708,Icelandic,1.617943,30-08-2013,11,01:25,Released,Of Horses and Men,6.9,26,Drama,Romance,Comedy,,,Filmhuset Gruppen,Leiknar Myndir,,,,,
0,42057,English,1.259968,07-05-2010,0,01:39,Released,It's a Wonderful Afterlife,4.3,9,Comedy,Romance,,,,Studio 18,Bend It Films,Indian Film Company,,,,
10000000,17577,English,5.099472,26-05-2009,0,01:30,Released,The Devil's Tomb,4,53,Action,Horror,Thriller,Science Fiction,,Ice Cold Productions,Empyreal Entertainment,Ringleader Studios,,,,
0,14608,English,2.131524,02-02-2007,0,01:56,Released,Partition,6.4,6,Drama,Foreign,Romance,,,Partition Films%2C Inc.,Khussro Films,,,,,
0,34417,English,0.304566,09-03-2010,0,01:25,Released,Good Intentions,5,6,Comedy,,,,,Shadowlight Productions,,,,,,
10000000,15067,Korean,11.847324,16-07-2008,0,02:10,Released,"The Good, The Bad, The Weird",7.1,193,Action,Adventure,Comedy,Western,,Cineclick Asia,CJ Entertainment,Grimm Pictures,Barunson,,,
10,78383,English,10.013629,28-09-2013,10000000,01:39,Released,Nurse 3-D,4.9,119,Horror,Thriller,,,,Lions Gate,Lions Gate Entertainments,,,,,
10000000,43090,English,3.753703,30-04-2010,0,01:29,Released,Gunless,6.7,27,Drama,Action,Comedy,Western,,Rhombus Media,T\u00e9l\u00e9film Canada,The Harold Greenberg Fund,Brightlight Pictures,,,
9500000,16614,English,19.978021,03-04-2009,17164377,01:47,Released,Adventureland,6.4,737,Comedy,,,,,Miramax Films,Sidney Kimmel Entertainment,This Is That Productions,,,,
9600000,9700,English,3.588529,03-09-2005,4386236,02:24,Released,The Lost City,6,24,Drama,Romance,,,,Lions Gate Films,,,,,,
11000000,10471,English,9.337388,12-01-2000,59827328,01:38,Released,Next Friday,6.4,135,Comedy,,,,,New Line Cinema,,,,,,
10000000,250066,English,11.431434,11-09-2014,0,01:34,Released,American Heist,4.3,158,Action,,,,,NGN Productions,Glacier Films,Maple Leaf Finance Primeredian Entertainment,,,,
9500000,667,English,28.675891,12-06-1967,111584787,01:57,Released,You Only Live Twice,6.5,531,Action,Thriller,Adventure,,,Eon Productions,,,,,,
10,208869,English,9.70276,30-04-2014,0,01:42,Released,Plastic,6.1,86,Drama,Action,Comedy,Crime,,Gateway Films,,,,,,
8900000,86837,French,17.151293,01-07-2012,19839492,02:07,Released,Amour,7.5,400,Drama,Romance,,,,Les Films du Losange,Wega Film,X-Filme Creative Pool,,,,
10500000,10306,English,11.225044,10-06-1988,14144000,01:38,Released,Poltergeist III,4.5,123,Horror,Thriller,,,,Metro-Goldwyn-Mayer (MGM),,,,,,
9500000,106845,English,5.346205,16-10-2015,0,01:27,Released,Re-Kill,4.9,34,Horror,Science Fiction,,,,Signature Pictures,After Dark Films,Midsummer Films,,,,
9400000,11576,English,14.562991,07-11-1963,60000000,02:43,Released,"It's a Mad, Mad, Mad, Mad World",7,140,Action,Adventure,Comedy,Crime,,United Artists,Casey Productions,,,,,
12899867,219,Spanish,19.747809,16-03-2006,85582407,02:01,Released,Volver,7.3,406,Comedy,Drama,Romance,,,El Deseo,,,,,,
9300000,11827,English,12.928269,07-08-1981,0,01:30,Released,Heavy Metal,6.2,148,Animation,Science Fiction,,,,Canadian Film Development Corporation (CFDC),,,,,,
10000000,22820,English,3.193777,30-09-2009,0,01:29,Released,Gentlemen Broncos,6.2,51,Action,Comedy,Thriller,,,[],,,,,,
0,31174,English,5.107235,29-12-1995,0,01:44,Released,Richard III,6.9,49,Drama,War,,,,British Screen,Mayfair Entertainment International,,,,,
10000000,244316,English,10.073144,27-02-2015,0,01:34,Released,Into the Grizzly Maze,5.1,74,Action,Horror,Thriller,,,Purple Pictures,Paul Schiff Productions,Indomitable Entertainment,,,,
0,37737,English,4.807549,21-05-2010,0,02:11,Released,Kites,6,40,Drama,Action,Romance,,,Bollywood Hollywood Production,,,,,,
7400000,62215,Danish,36.173598,26-05-2011,21817298,02:16,Released,Melancholia,7,885,Drama,Science Fiction,,,,Zentropa Entertainments,Det Danske Filminstitut,Danmarks Radio (DR),Memfis Film,,,
0,66125,English,5.499412,04-08-2011,0,01:32,Released,Red Dog,7.1,83,Drama,Comedy,Family,,,Screen Australia,Endymion Films,ScreenWest,Essential Entertainment,,,
0,132316,Hindi,5.900535,13-11-2012,0,02:56,Released,Jab Tak Hai Jaan,7.3,66,Drama,Romance,,,,Yash Raj Films,,,,,,
11000000,348,English,94.184658,25-05-1979,104931801,01:57,Released,Alien,7.9,4470,Horror,Action,Thriller,Science Fiction,,Twentieth Century Fox Film Corporation,Brandywine Productions,,,,,
85000,30497,English,29.262427,01-10-1974,30859000,01:23,Released,The Texas Chain Saw Massacre,7.2,590,Horror,,,,,New Line Cinema,Vortex,,,,,
10000000,27586,English,17.611971,19-03-2010,2995811,01:46,Released,The Runaways,6.3,254,Drama,Music,,,,River Road Entertainment,Road Rebel,Linson Entertainment,,,,
9000000,14811,English,7.623979,03-11-1971,83304330,03:01,Released,Fiddler on the Roof,7.4,134,Drama,Romance,,,,United Artists,Cartier Productions,"Mirisch Corporation, The",,,,
5500000,660,English,31.036,16-12-1965,141195658,02:10,Released,Thunderball,6.5,562,Adventure,Action,Thriller,,,Eon Productions,Metro-Goldwyn-Mayer (MGM),,,,,
10000000,68684,English,10.424596,16-03-2011,0,01:33,Released,Detention,5.7,129,Horror,Comedy,Science Fiction,,,Detention Films,,,,,,
7000000,40794,Italian,7.720692,12-02-2010,8220215,01:50,Released,Loose Cannons,7,118,Comedy,Drama,Romance,,,Fandango,,,,,,
9000000,9400,English,6.717994,06-11-1996,41590886,01:58,Released,Set It Off,6.9,66,Drama,Action,Crime,,,New Line Cinema,,,,,,
9000000,16162,English,3.951041,22-10-1999,34573780,02:00,Released,The Best Man,6.8,38,Drama,Comedy,,,,Universal Pictures,40 Acres & A Mule Filmworks,,,,,
9000000,10585,English,27.600843,08-11-1988,44196684,01:27,Released,Child's Play,6.3,581,Horror,Thriller,,,,United Artists,,,,,,
9000000,2359,English,14.098952,18-05-2007,24538513,02:03,Released,Sicko,7.3,235,Documentary,,,,,The Weinstein Company,,,,,,
9000000,238636,English,82.975841,17-07-2014,108782847,01:44,Released,The Purge: Anarchy,6.6,1954,Horror,Thriller,,,,Universal Pictures,Why Not Productions,Platinum Dunes,Blumhouse Productions,,,
9000000,10472,English,3.269459,21-01-2000,0,01:31,Released,Down to You,4.9,70,Comedy,Drama,Family,Romance,,Miramax Films,,,,,,
9000000,11282,English,18.514292,30-05-2004,23936908,01:28,Released,Harold & Kumar Go to White Castle,6.6,693,Comedy,Adventure,,,,New Line Cinema,,,,,,
9000000,6521,English,7.029126,13-10-2000,0,02:06,Released,The Contender,6.7,60,Drama,Thriller,,,,Battleplan Productions,DreamWorks Pictures,,,,,
26000000,14181,English,11.233081,18-02-2000,28780255,01:58,Released,Boiler Room,6.5,201,Crime,Drama,Thriller,,,New Line Cinema,,,,,,
40600000,1621,English,34.022209,07-06-1983,90400000,01:56,Released,Trading Places,7.1,738,Comedy,,,,,Paramount Pictures,Cinema Group Ventures,,,,,
9000000,9656,English,4.134327,25-12-2006,21510851,01:24,Released,Black Christmas,4.8,119,Horror,Thriller,,,,Dimension Films,,,,,,
0,16428,English,6.904734,14-05-2004,0,01:25,Released,Breakin' All the Rules,5.8,21,Comedy,Romance,,,,Screen Gems,Breakup Productions,,,,,
9000000,10705,English,4.641006,05-10-1989,0,02:17,Released,Henry V,7.4,71,War,Drama,History,Action,Romance,BBC Films,Samuel Goldwyn Company,Renaissance Films,,,,
0,8272,English,5.663889,19-01-2007,0,01:54,Released,The Savages,6.8,110,Drama,,,,,Fox Searchlight Pictures,Ad Hominem Enterprises,This Is That Productions,Lone Star Film Group,,,
0,24621,English,1.118511,16-04-2003,6126237,01:20,Released,Chasing Papi,6.3,16,Comedy,Romance,,,,Fox 2000 Pictures,,,,,,
8500000,1619,English,8.775844,08-09-2000,19125401,01:59,Released,The Way of the Gun,6.4,100,Action,Crime,Drama,Thriller,,[],,,,,,
9000000,9685,English,2.062087,13-09-2002,4777465,01:37,Released,Igby Goes Down,6.5,95,Comedy,Drama,,,,United Artists,,,,,,
9000000,14425,English,8.738737,29-04-1994,4350774,01:19,Released,PCU,6,41,Comedy,,,,,Paul Schiff Productions,,,,,,
0,14624,English,4.976268,20-10-2006,0,01:54,Released,The Ultimate Gift,6.8,78,Romance,Drama,Family,,,The Ultimate Gift LLC,Dean River Productions,,,,,
9000000,10179,English,3.810697,16-03-1984,0,01:31,Released,The Ice Pirates,5.7,49,Action,Science Fiction,Comedy,,,JF Productions,Metro-Goldwyn-Mayer (MGM),,,,,
9000000,15568,English,2.365328,01-06-2007,2955039,01:37,Released,Gracie,6,17,Drama,,,,,Elevation Filmworks,Ursa Major Films LLC,,,,,
9000000,14057,English,5.2545,01-09-2005,0,01:43,Released,Trust the Man,5.5,29,Comedy,Drama,Romance,,,Trust the Man LLC,,,,,,
0,12621,English,5.293363,21-01-2008,0,01:32,Released,Hamlet 2,6.1,56,Comedy,Music,,,,[],,,,,,
0,1808,English,10.932711,23-10-1998,1053788,01:59,Released,Velvet Goldmine,6.9,116,Drama,Music,,,,Channel Four Films,Single Cell Pictures,Newmarket Capital Group,Goldwyn Films,,,
0,293670,Korean,9.05029,12-05-2016,0,02:36,Released,The Wailing,7.2,250,Horror,Mystery,,,,Fox International Productions,Fox Video Korea,,,,,
9000000,67675,English,9.933926,11-08-2011,18663238,01:24,Released,Glee: The Concert Movie,6.8,79,Documentary,Music,Family,,,Twentieth Century Fox Film Corporation,Ryan Murphy Productions,Twentieth Century Fox Television,,,,
0,27329,Thai,0.843067,17-08-2001,0,03:05,Released,The Legend of Suriyothai,5.1,6,Drama,Foreign,History,War,,American Zoetrope,Prommitr International Production,,,,,
9000000,29514,English,8.218383,25-01-1990,0,02:00,Released,Two Evil Eyes,6,35,Horror,Thriller,,,,[],,,,,,
6000000,250349,French,5.119593,30-04-2014,14348529,01:38,Released,Barbecue,5.8,214,Comedy,,,,,TF1 Films Production,Same Player,Studio Canal,Cin\u00e9france 1888,,,
9000000,12454,English,2.872281,17-05-2002,0,02:08,Released,All or Nothing,7,33,Comedy,Drama,,,,Les Films Alain Sarde,Thin Man Films,,,,,
9000000,39806,English,0.717811,14-05-2010,771499,02:10,Released,Princess Kaiulani,4.8,14,Drama,,,,,Island Film Group,Trailblazer Films,Screen East,,,,
5000000,15699,English,1.458884,22-11-2006,140666,01:26,Released,Opal Dream,6.1,7,Drama,Family,Foreign,,,Renaissance Films,,,,,,
6500000,8883,Danish,7.028946,25-03-2008,0,02:10,Released,Flame & Citron,6.8,68,Crime,Drama,History,War,,Det Danske Filminstitut,W\u00fcste Filmproduktion,Studio Babelsberg,TV2 Danmark,,,
9000000,17926,English,2.009597,26-08-2005,1046166,01:37,Released,Undiscovered,4.5,12,Comedy,Romance,,,,Lakeshore Entertainment,Intermedia Films,Cinerenta Medienbeteiligungs KG,,,,
0,291081,English,7.247023,28-02-2009,0,01:42,Released,Red Riding: In the Year of Our Lord 1974,7,54,Thriller,Mystery,Crime,Drama,,Revolution Films,Channel Four Films,Screen Yorkshire,Lipsync Productions,,,
0,41248,French,2.351706,18-03-2009,0,01:45,Released,The Girl on the Train,5.6,10,Drama,Romance,,,,France 2 Cin\u00e9ma,Canal+,TPS Star,Union G\u00e9n\u00e9rale Cin\u00e9matographique (UGC),,,
9000000,25968,English,4.799022,16-05-2009,0,01:43,Released,Veronika Decides to Die,5.8,75,Drama,Romance,,,,Velvet Steamroller Entertainment,Dash Films,Future Films,Muse Productions,,,
5000000,9671,English,16.072466,26-09-1986,328203506,01:37,Released,Crocodile Dundee,6.3,503,Adventure,Comedy,,,,Paramount Pictures,Rimfire Films,,,,,
0,52010,English,3.891186,10-12-2010,0,01:16,Released,"Ultramarines: A Warhammer 40,000 Movie",5.2,27,Animation,Science Fiction,,,,Good Story Productions,POP6,Codex Pictures,,,,
8800000,11588,English,3.789485,15-01-2004,0,01:30,Released,The I Inside,5.9,62,Thriller,Mystery,Science Fiction,,,Miramax Films,Dimension Films,MDP Worldwide,RCD Productions Ltd.,,,
7347125,43418,English,3.949796,15-04-2010,0,02:02,Released,Beneath Hill 60,7.3,40,Drama,History,War,,,New South Wales Film & Television Office,Pacific Film and Television Commission,Screen Australia,The Silence Productions,,,
0,71157,French,14.038703,06-10-2011,20374201,02:07,Released,Polisse,7.9,285,Drama,,,,,Les Productions du Tr\u00e9sor,Mars Film Corporation,Chaocorp,Shortcom,,,
86000000,13483,English,18.172736,28-11-2007,14373825,01:24,Released,Awake,6.3,395,Thriller,Crime,Mystery,,,The Weinstein Company,Open City Films,GreeneStreet Films,,,,
0,333355,English,1.881466,21-03-2005,0,01:09,Released,Star Wars: Clone Wars: Volume 1,8,27,Action,Adventure,Animation,Fantasy,Science Fiction,Lucasfilm,Cartoon Network Studios,,,,,
9000000,327833,English,6.677926,07-11-2014,0,01:36,Released,Skin Trade,5.6,61,Thriller,Action,Drama,,,SC Films International,Baumgarten Management and Productions (BMP),Thorbak,SC International Pictures,,,
8500000,1547,English,24.750909,31-07-1987,32222567,01:37,Released,The Lost Boys,6.8,538,Horror,Comedy,,,,Warner Bros.,,,,,,
7000000,25196,English,17.697042,16-12-2009,39462438,01:52,Released,Crazy Heart,6.8,274,Drama,Music,Romance,,,Fox Searchlight Pictures,Butcher's Run Films,Informant Media,,,,
9250000,16323,English,7.000949,07-11-1979,29174648,02:05,Released,The Rose,6.8,28,Drama,Music,Romance,,,Twentieth Century Fox Film Corporation,,,,,,
8500000,175528,English,11.436405,27-09-2013,22456509,01:36,Released,Baggage Claim,5.6,85,Comedy,,,,,Sneak Preview Productions,,,,,,
9000000,8069,English,14.171759,10-10-1968,2500000,01:38,Released,Barbarella,5.7,146,Science Fiction,,,,,Paramount Pictures,Dino de Laurentiis Cinematografica,Marianne Productions,,,,
0,71805,English,0.702971,03-10-1990,0,01:32,Released,Shipwrecked,6.1,14,Adventure,Family,,,,Walt Disney Pictures,Filmkameratene A/S,Svensk Filmindustri (SF),,,,
0,9451,English,13.476596,23-04-1999,0,01:39,Released,Election,6.7,270,Comedy,,,,,Paramount Pictures,MTV Films,Bona Fide Productions,,,,
12000000,16727,English,3.604863,02-09-2006,20138836,02:02,Released,The Namesake,6.8,50,Drama,,,,,Fox Searchlight Pictures,Mirabai Films,,,,,
8500000,272693,English,40.28709,20-02-2015,43528634,01:40,Released,The DUFF,6.8,1322,Romance,Comedy,,,,Wonderland Sound and Vision,CBS Films,Vast Entertainment,,,,
22000000,10696,English,3.809131,21-09-2001,5271666,01:44,Released,Glitter,3.4,38,Drama,Romance,,,,Twentieth Century Fox Film Corporation,Laurence Mark Productions,Columbia Pictures Corporation,Glitter Productions,,,
0,150202,English,11.708343,01-02-2013,0,01:41,Released,The Haunting in Connecticut 2: Ghosts of Georgia,5.6,175,Horror,Drama,Thriller,,,Gold Circle Films,,,,,,
8000000,19644,Korean,2.60632,24-12-2003,0,02:15,Released,Silmido,6.6,28,Action,Drama,History,,,Hanmac Films,,,,,,
8500000,29963,English,9.230073,05-11-2009,4440055,01:59,Released,Bright Star,6.8,107,Drama,Romance,,,,BBC Films,Path\u00e9 Renn Productions,UK Film Council,Screen Australia,,,
12000000,26022,English,14.719886,12-02-2010,42345360,02:25,Released,My Name Is Khan,7.7,232,Drama,Romance,,,,Fox Searchlight Pictures,Red Chillies Entertainment,Foxstar,,,,
9000000,152747,English,28.540614,18-10-2013,6108720,01:46,Released,All Is Lost,6.6,671,Action,Adventure,Drama,,,Sudden Storm Productions,FilmNation Entertainment,Treehouse Pictures,Before the Door Pictures,,,
8000000,62676,English,0.034259,04-06-1999,1997807,02:06,Released,Limbo,7,17,Adventure,Drama,Thriller,,,[],,,,,,
0,20360,English,1.840511,27-03-2007,0,02:08,Released,Namastey London,6.6,29,Drama,Foreign,Romance,,,[],,,,,,
6500000,1116,English,6.787967,18-05-2006,22889018,02:04,Released,The Wind That Shakes the Barley,7.1,154,Drama,History,War,,,BIM Distribuzione,Matador Pictures,Diaphana Films,B\u00f3rd Scann\u00e1n na h\u00c9ireann,,,
7700000,185008,Hindi,3.353176,31-05-2013,46000000,02:39,Released,Yeh Jawaani Hai Deewani,7.2,79,Romance,,,,,Dharma Productions,,,,,,
8250000,11620,English,7.973109,08-11-1951,30000000,02:51,Released,Quo Vadis,7,63,Drama,History,Romance,,,Metro-Goldwyn-Mayer (MGM),,,,,,
0,14353,English,5.897479,18-07-2008,188126,01:38,Released,Repo! The Genetic Opera,6.7,100,Horror,Comedy,Music,Science Fiction,,Lions Gate Films,Twisted Pictures,,,,,
10000000,11818,Turkish,1.465762,03-02-2006,0,02:02,Released,Valley of the Wolves: Iraq,4.3,7,Adventure,Drama,Action,,,Pana Film,,,,,,
8000000,680,English,121.463076,08-10-1994,213928762,02:34,Released,Pulp Fiction,8.3,8428,Thriller,Crime,,,,Miramax Films,A Band Apart,Jersey Films,,,,
0,11176,English,10.639916,31-05-1979,76657000,01:37,Released,The Muppet Movie,7,164,Adventure,Comedy,Family,,,Incorporated Television Company,Henson Associates (HA),,,,,
8500000,242582,English,89.095538,23-10-2014,38697217,01:57,Released,Nightcrawler,7.6,3395,Crime,Drama,Thriller,,,Bold Films,Sierra / Affinity,,,,,
8500000,11217,English,2.62082,27-02-2004,5001655,01:44,Released,Club Dread,5.1,107,Comedy,Horror,,,,Fox Searchlight Pictures,Broken Lizard Industries,Coconut Pete Productions,,,,
8200000,15121,English,37.960289,02-03-1965,286214286,02:54,Released,The Sound of Music,7.4,941,Drama,Family,Music,Romance,,Twentieth Century Fox Film Corporation,Robert Wise Productions,Argyle Enterprises,,,,
8000000,2619,English,21.735068,09-03-1984,69821334,01:51,Released,Splash,6.1,321,Comedy,Fantasy,Romance,,,Touchstone Pictures,,,,,,
8000000,773,English,14.793177,26-07-2006,100523181,01:42,Released,Little Miss Sunshine,7.5,1686,Comedy,Drama,,,,Fox Searchlight Pictures,Bona Fide Productions,Big Beach Films,,,,
8000000,235,English,51.109279,22-08-1986,52287414,01:29,Released,Stand by Me,7.8,1522,Crime,Drama,,,,Columbia Pictures,Act III Communications,The Body,Act III,,,
5000000,170,English,45.490374,31-10-2002,82719885,01:53,Released,28 Days Later,7.1,1777,Horror,Thriller,Science Fiction,,,DNA Films,British Film Council,,,,,
0,14114,English,3.804597,30-01-2004,0,01:35,Released,You Got Served,4.8,75,Drama,,,,,[],,,,,,
8000000,10734,English,26.356697,22-06-1979,43000000,01:51,Released,Escape from Alcatraz,7.2,561,Crime,Drama,,,,Paramount Pictures,Malpaso Company,,,,,
8000000,37964,English,3.501158,05-10-2002,27362712,01:49,Released,Brown Sugar,7,31,Comedy,Romance,,,,[],,,,,,
0,28121,English,2.088251,04-04-1996,0,01:48,Released,A Thin Line Between Love and Hate,5.7,15,Comedy,Thriller,Crime,Romance,,New Line Cinema,Savoy Pictures,,,,,
8000000,40807,English,33.372828,30-09-2011,39187783,01:40,Released,50/50,7,1261,Comedy,Drama,,,,Summit Entertainment,Mandate Pictures,,,,,
0,10885,English,8.864368,21-03-2008,0,01:25,Released,Shutter,5.3,180,Horror,Mystery,Thriller,,,Regency Enterprises,Vertigo Entertainment,Ozla Pictures,New Regency Pictures,,,
8000000,225565,English,37.821106,29-01-2014,26049082,01:34,Released,That Awkward Moment,6.1,1004,Comedy,Romance,,,,Treehouse Pictures,,,,,,
0,16471,English,4.293706,25-12-1981,0,01:29,Released,Modern Problems,5.6,23,Comedy,,,,,[],,,,,,
0,385736,English,3.467923,09-09-2016,0,01:20,Released,Kicks,7.5,18,Adventure,,,,,Bystorm Films,Animal Kingdom,Bow and Arrow Entertainment,,,,
8000000,11971,English,10.19377,07-05-1993,0,01:51,Released,Much Ado About Nothing,7.2,189,Drama,Comedy,Romance,,,Renaissance Films,American Playhouse Theatrical Films,,,,,
6500000,668,English,25.289665,12-12-1969,81974493,02:22,Released,On Her Majesty's Secret Service,6.5,456,Adventure,Action,Thriller,,,United Artists,Eon Productions,Danjaq,,,,
14000000,11596,English,14.730796,13-10-1994,18090181,01:52,Released,New Nightmare,6.4,291,Horror,Thriller,Mystery,Fantasy,,New Line Cinema,,,,,,
8000000,14429,English,4.482714,01-10-1999,22593409,01:31,Released,Drive Me Crazy,5.8,62,Drama,Comedy,Romance,Family,,Twentieth Century Fox Film Corporation,Grand March Productions,Amy Robinson Productions,,,,
8000000,13751,English,4.932893,28-04-2006,18948425,01:52,Released,Akeelah and the Bee,6.7,81,Drama,,,,,Lions Gate Films,2929 Productions,Out of the Blue... Entertainment,Starbucks Entertainment,,,
8000000,9490,English,7.894489,16-01-1998,17460020,01:22,Released,Half Baked,6.4,177,Comedy,Crime,,,,Universal Pictures,,,,,,
8000000,14536,English,13.987772,30-01-2009,29010817,01:37,Released,New in Town,5.2,99,Comedy,,,,,Lionsgate,Edmonds Entertainment Group (EEG),Epidemic Pictures,The Safran Company,,,
7000000,1359,English,45.310443,13-04-2000,34266564,01:42,Released,American Psycho,7.3,2066,Thriller,Drama,Crime,,,Lions Gate Films,Edward R. Pressman Film,Muse Productions,,,,
8000000,9962,English,9.799177,12-01-2002,16856124,01:33,Released,The Good Girl,6.1,181,Drama,Comedy,Romance,,,Fox Searchlight Pictures,Hungry Eye Lowland Pictures B.V.,Flan de Coco Films,,,,
8000000,15049,French,5.069095,06-07-2006,12671300,01:56,Released,Bon Cop Bad Cop,6.5,42,Action,Comedy,Crime,,,Park Ex Pictures,Sortie 22,,,,,
8000000,22821,English,13.517017,24-11-2009,10629321,01:58,Released,The Boondock Saints II: All Saints Day,5.9,261,Action,Thriller,Crime,,,Chris Brinker Productions,Stage 6 Films,,,,,
0,42819,English,1.353971,21-03-2009,0,01:54,Released,The City of Your Final Destination,5.7,9,Drama,,,,,Hyde Park Films,,,,,,
0,209263,English,14.969093,18-09-2013,25288872,01:33,Released,Enough Said,6.6,348,Comedy,Drama,Romance,,,Fox Searchlight Pictures,,,,,,
8000000,37735,English,45.395839,10-09-2010,74952305,01:32,Released,Easy A,6.7,2210,Comedy,,,,,Screen Gems,Olive Bridge Entertainment,,,,,
0,59930,English,0.269661,22-04-1994,8880705,01:50,Released,The Inkwell,3.9,5,Comedy,Drama,Romance,,,Touchstone Pictures,,,,,,
8000000,10873,English,5.93923,15-05-2000,8279017,01:32,Released,Shadow of the Vampire,6.6,148,Drama,Horror,,,,Saturn Films,,,,,,
8000000,51588,English,11.837067,29-04-2011,10130000,01:44,Released,Prom,5.7,134,Comedy,,,,,Walt Disney Pictures,Rickshaw Productions,,,,,
8000000,23570,English,2.149469,03-05-1996,0,01:37,Released,The Pallbearer,4.6,30,Comedy,Romance,,,,Miramax Films,The Chess Club,,,,,
0,19489,English,1.569449,08-10-1999,0,01:29,Released,Held Up,4.9,11,Comedy,,,,,[],,,,,,
8000000,14629,English,3.535789,22-09-2000,0,01:32,Released,Woman on Top,5.5,46,Comedy,Drama,Romance,,,Fox Searchlight Pictures,,,,,,
0,8293,English,5.897391,13-03-1992,25966555,02:20,Released,Howards End,6.9,95,Drama,Romance,,,,Merchant Ivory Productions,The Criterion Collection,,,,,
8000000,291270,English,21.024346,30-12-2015,5659286,01:30,Released,Anomalisa,7,459,Animation,Comedy,Drama,Romance,,Starburns Industries,,,,,,
8000000,44009,English,7.235794,05-11-2010,18124262,02:09,Released,Another Year,7,97,Comedy,Drama,,,,Film4,Thin Man Films,,,,,
8000000,1958,French,8.204829,08-01-2002,0,01:51,Released,8 Women,6.9,196,Comedy,Thriller,Music,Crime,Mystery,France 2 Cin\u00e9ma,Fid\u00e9lit\u00e9 Productions,Le Studio Canal+,Centre National de la Cin\u00e9matographie,,,
8000000,13154,English,8.403859,23-08-1991,2275557,01:19,Released,Showdown in Little Tokyo,5.7,95,Action,Thriller,,,,Original Pictures,Warner Bros.,,,,,
0,26618,English,4.221313,25-09-1998,0,01:44,Released,Clay Pigeons,6.3,39,Comedy,Crime,Drama,Thriller,,Intermedia Films,IMF Internationale Medien und Film GmbH & Co. 2. Produktions KG,Fade In Films,,,,
8000000,43923,English,13.143045,06-07-2010,6491240,01:41,Released,It's Kind of a Funny Story,6.9,672,Comedy,Drama,,,,Focus Features,,,,,,
7200000,46138,English,6.138802,11-09-2010,0,01:53,Released,Made in Dagenham,6.6,94,Comedy,Drama,History,,,BBC Films,HanWay Films,UK Film Council,Audley Films LLP,,,
0,45791,English,1.939054,05-10-2007,92,01:32,Released,When Did You Last See Your Father?,6.9,13,Drama,,,,,Intandem Films,Film4,Number 9 Films,Tiger Aspect Pictures,,,
8000000,26306,English,8.717235,24-01-1997,589304,01:46,Released,Prefontaine,6.7,21,Drama,Romance,,,,Hollywood Pictures,,,,,,
0,110683,English,0.289433,21-04-1983,0,01:38,Released,The Wicked Lady,4.3,4,Drama,Adventure,,,,Cannon Group,London-Cannon Films,Metro-Goldwyn-Mayer (MGM),Dawn Property Company,,,
0,26963,English,10.621353,09-02-2009,0,01:15,Released,The Secret of Kells,7.3,181,Animation,Family,Fantasy,,,G\u00e9b\u00e9ka Films,Cartoon Saloon,,,,,
8000000,198277,English,35.735689,07-09-2013,63464861,01:44,Released,Begin Again,7.3,1254,Comedy,Music,Romance,Drama,,Likely Story,Apatow Productions,Exclusive Media Group,Sycamore Pictures,,,
8000000,7870,English,7.433574,13-05-2005,852872,01:52,Released,Down in the Valley,5.9,63,Drama,Romance,,,,Class 5 Films,,,,,,
8000000,13072,English,4.090382,30-04-2007,458232,01:39,Released,Brooklyn Rules,5.8,18,Drama,Action,Thriller,,,City Light Films,,,,,,
0,153397,English,0.812776,07-12-2012,0,03:00,Released,Restless,4.9,8,TV Movie,Romance,Drama,,,British Broadcasting Corporation (BBC),Sundance Channel,Endor Productions,,,,
0,30141,English,6.335881,24-10-2003,0,01:49,Released,The Singing Detective,5.9,41,Comedy,Music,Mystery,Crime,,Icon Productions,Haft Entertainment,Paramount Classics,Airborne Productions,,,
0,17044,English,1.278092,25-09-1998,0,01:51,Released,The Land Girls,7,3,Drama,Romance,War,,,Channel Four Films,Intermedia Films,Greenpoint Films,,,,
8000000,10288,English,5.244518,07-09-2006,426224,01:31,Released,Fido,6.6,135,Romance,Comedy,Drama,Horror,,Lions Gate Films,Astral Media,Anagram Pictures Inc.,,,,
0,12183,English,1.265683,03-08-2005,0,01:39,Released,The Wendell Baker Story,5.2,16,Comedy,Drama,Romance,,,[],,,,,,
8000000,44147,English,10.791954,17-06-2010,3453043,01:38,Released,Wild Target,6.4,215,Action,Comedy,,,,Matador Pictures,Isle of Man Film,Magic Light Pictures,CinemaNX,,,
8000000,12192,English,9.782433,11-04-2008,0,01:35,Released,Pathology,5.6,144,Crime,Horror,Thriller,,,Lakeshore Entertainment,Metro-Goldwyn-Mayer (MGM),Camelot Pictures,,,,
0,36597,English,4.409263,18-01-2009,0,02:22,Released,Wuthering Heights,6.9,37,Drama,,,,,[],,,,,,
8000000,13197,English,3.942464,19-02-2006,143451,01:47,Released,10th & Wolf,6.3,24,Action,Crime,Drama,Mystery,Thriller,Thinkfilm,,,,,,
0,10913,English,2.597665,22-01-2005,0,01:45,Released,Dear Wendy,5.6,33,Comedy,Crime,Drama,Romance,,Zentropa Entertainments,Nimbus Film Productions,Lucky Punch,,,,
8000000,251321,English,6.500835,12-02-2014,53086,01:52,Released,Aloft,5.1,41,Drama,,,,,Arcadia Motion Pictures,Wanda Visi\u00f3n S.A.,Buffalo Gal Pictures,,,,
8000000,149,Japanese,39.338097,16-07-1988,553171,02:04,Released,Akira,7.8,773,Science Fiction,Animation,,,,Bandai Visual Company,Toho Company,Mainichi Broadcasting System (MBS),Kodansha,,,
22000000,10425,English,12.893219,23-07-2007,413454,01:37,Released,The Death and Life of Bobby Z,5.8,103,Drama,Action,Thriller,Crime,,Eclectic pictures,Millennium Films,,,,,
8000000,49081,French,0.983484,25-10-2005,2019009,02:04,Released,The Rocket: The Legend of Rocket Richard,6.1,17,Drama,,,,,[],,,,,,
0,256687,English,2.214925,20-04-2014,0,01:36,Released,Swelter,4.6,21,Action,Drama,Thriller,,,Grand Peaks Entertainment,Exchange Peaks Film Capital,Film Invaders,,,,
0,220488,Chinese,1.86453,17-09-2013,0,01:54,Released,My Lucky Star,4.3,8,Comedy,Romance,,,,Bona International Film Group,,,,,,
0,1544,English,9.100352,01-02-2005,2455831,01:33,Released,Imagine Me & You,7,177,Drama,Comedy,Romance,,,BBC Films,Filmstiftung Nordrhein-Westfalen,X-Filme Creative Pool,Ealing Studios,,,
8000000,374461,English,7.828459,16-09-2016,0,01:44,Released,Mr. Church,7,129,Drama,,,,,Envision Media Arts,Cinelou Films,Shenghua Entertainment,,,,
7800000,302,English,11.000654,18-05-2003,22441323,01:42,Released,Swimming Pool,6.4,153,Thriller,Crime,,,,France 2 Cin\u00e9ma,Canal Plus,Fid\u00e9lit\u00e9 Productions,Gimages,,,
0,182873,English,5.0005,01-01-2013,0,01:30,Released,Green Street Hooligans: Underground,5.4,33,Action,Drama,,,,Tea Shop & Film Company,,,,,,
0,21512,English,6.41678,19-10-1989,882290,01:40,Released,The Blood of Heroes,5.9,31,Action,Adventure,Science Fiction,,,Handistom Investment,Kings Road Entertainment,Kamisha Corporation,,,,
8000000,389425,English,2.101718,06-05-2016,0,01:46,Released,Code of Honor,4.1,16,Action,Crime,Thriller,,,Steamroller Productions,Premiere Entertainment Group,,,,,
7500000,403,English,19.585801,13-12-1989,145793296,01:39,Released,Driving Miss Daisy,7,350,Comedy,Drama,,,,The Zanuck Company,Majestic Films International,,,,,
0,29461,English,4.105363,26-09-1997,0,01:54,Released,Soul Food,6.6,19,Comedy,Drama,,,,Fox 2000 Pictures,Edmonds Entertainment Group (EEG),,,,,
7500000,33542,Chinese,17.318839,30-01-1995,32392047,01:31,Released,Rumble in the Bronx,6.5,240,Crime,Action,Comedy,Thriller,,New Line Cinema,Golden Harvest Company,,,,,
7700000,283708,French,3.363973,30-08-2014,0,01:50,Released,Far from Men,6.6,43,Drama,War,,,,Procirep,Canal+,One World Films,Path\u00e9,,,
6500000,9388,English,29.01153,05-09-2005,24793509,01:32,Released,Thank You for Smoking,7.1,664,Comedy,Drama,,,,Fox Searchlight Pictures,Room 9 Entertainment,,,,,
10200000,1691,English,20.745052,08-06-2007,35619521,01:33,Released,Hostel: Part II,5.6,453,Horror,,,,,Lions Gate Films,Next Entertainment,Screen Gems,,,,
7500000,24684,English,16.990308,29-10-2009,26096852,01:40,Released,An Education,6.8,409,Drama,Romance,,,,BBC Films,,,,,,
10284523,2610,English,4.820166,21-10-2005,11588205,01:44,Released,Shopgirl,5.7,75,Comedy,Drama,Romance,,,Epsilon Motion Pictures,Hyde Park Films,Shopgirl,Touchstone Pictures,,,
7500000,11308,English,2.226412,09-03-1984,0,01:49,Released,The Hotel New Hampshire,5.8,26,Comedy,Drama,,,,Orion Pictures,Woodfall Film Productions,Filmline Productions,,,,
6500000,11022,English,8.526635,14-01-2002,12633747,01:45,Released,Narc,6.8,142,Action,Crime,Drama,Thriller,,Paramount Pictures,Lions Gate Films,Cruise/Wagner Productions,,,,
7500000,34341,English,1.369528,20-09-2002,4245870,01:42,Released,Men with Brooms,4.5,7,Comedy,,,,,[],,,,,,
0,15365,English,1.82184,22-02-2008,0,01:37,Released,Witless Protection,4,26,Action,Adventure,Comedy,Crime,,Parallel Films,,,,,,
7500000,36046,English,0.571663,24-11-2004,3347647,01:50,Released,The Work and the Glory,6.1,7,Drama,Romance,,,,[],,,,,,
8000000,12569,English,14.652342,03-09-2009,10848783,01:32,Released,Extract,5.7,192,Comedy,,,,,Miramax Films,,,,,,
0,24356,English,1.71729,08-08-2003,0,01:52,Released,Masked and Anonymous,5.2,13,Drama,Music,,,,BBC Films,Intermedia Films,,,,,
0,55903,French,0.024186,01-09-2001,0,01:43,Released,Betty Fisher and Other Stories,7,3,Drama,Thriller,Crime,Foreign,,[],,,,,,
7500000,2577,English,8.859657,02-09-2003,0,01:32,Released,Code 46,6.2,116,Drama,Romance,Science Fiction,Thriller,,BBC Films,,,,,,
7500000,103903,English,0.086731,27-04-2012,0,01:41,Released,Outside Bet,5.8,2,Comedy,,,,,[],,,,,,
8000000,73873,English,7.802245,21-12-2011,5634828,01:53,Released,Albert Nobbs,6.2,132,Drama,,,,,Chrysalis Films,,,,,,
12500000,312113,English,1.589693,07-12-2012,0,01:35,Released,Black November,6.4,4,Drama,Action,Crime,,,Wells & Jeta Entertainment,,,,,,
0,14165,Hindi,0.553752,27-04-2007,0,02:36,Released,Ta Ra Rum Pum,6,13,Family,Comedy,Romance,,,Yash Raj Films,,,,,,
7300000,2011,French,24.281951,23-05-2007,0,01:35,Released,Persepolis,7.7,450,Animation,Drama,,,,Sony Pictures Classics,Procirep,Soficin\u00e9ma,France 3 Cin\u00e9ma,,,
0,45650,English,9.983004,09-09-2009,0,01:32,Released,The Hole,5.6,244,Thriller,Adventure,Fantasy,,,Bold Films,BenderSpink,,,,,
7500000,7735,German,25.281197,11-03-2008,19000000,01:47,Released,The Wave,7.5,841,Drama,Thriller,,,,Constantin Film Produktion,,,,,,
7000000,301365,English,38.150787,08-06-2016,1333124,01:57,Released,The Neon Demon,6.4,887,Thriller,Horror,,,,Bold Films,Amazon Studios,Vendian Entertainment,Space Rocket Nation,,,
7300000,25941,English,16.829837,11-11-2009,10329747,01:43,Released,Harry Brown,6.7,348,Thriller,Crime,Drama,Action,,HanWay Films,UK Film Council,Marv Films,,,,
0,29064,English,1.288173,15-10-1999,2400000,01:40,Released,The Omega Code,4.4,17,Horror,Thriller,,,,Code Productions,,,,,,
7500000,7326,English,19.782725,05-12-2007,231411584,01:36,Released,Juno,7,2244,Comedy,Drama,Romance,,,Fox Searchlight Pictures,Mandate Pictures,,,,,
7500000,326284,English,4.943588,07-05-2015,0,01:44,Released,Pound of Flesh,5.5,63,Action,,,,,Odyssey Media,Rodin Entertainment,Ace Film Company,Chunqiu Time Culture Co.,,,
7200000,681,English,34.634181,13-12-1971,116019547,02:00,Released,Diamonds Are Forever,6.3,553,Adventure,Action,Thriller,,,United Artists,Eon Productions,Danjaq,,,,
6000000,238,English,143.659698,14-03-1972,245066411,02:55,Released,The Godfather,8.4,5893,Drama,Crime,,,,Paramount Pictures,Alfran Productions,,,,,
4000000,535,English,18.422323,14-04-1983,92921203,01:35,Released,Flashdance,6.1,302,Drama,Music,Romance,,,Paramount Pictures,,,,,,
7500000,19913,English,45.610993,17-07-2009,60722734,01:35,Released,(500) Days of Summer,7.2,2904,Comedy,Drama,Romance,,,Fox Searchlight Pictures,Watermark,Dune Entertainment III,,,,
7000000,713,English,17.681707,19-05-1993,116700000,02:01,Released,The Piano,7.1,281,Drama,Romance,,,,New South Wales Film & Television Office,The Australian Film Commission,CiBy 2000,Jan Chapman Productions,,,
7000000,77930,English,35.897151,28-06-2012,167221571,01:50,Released,Magic Mike,6.1,1040,Drama,Comedy,,,,Extension 765,Iron Horse Entertainment (II),,,,,
0,10727,English,11.199544,24-01-2003,0,01:26,Released,Darkness Falls,4.9,161,Thriller,Horror,,,,Village Roadshow Pictures,Revolution Studios,Distant Corners Entertainment Group Inc.,Blue Star Productions,,,
7000000,253,English,30.465138,05-07-1973,161777836,02:01,Released,Live and Let Die,6.4,533,Adventure,Action,Thriller,,,United Artists,Eon Productions,Danjaq,,,,
7000000,17908,English,5.675535,14-01-2000,0,01:35,Released,My Dog Skip,6.5,69,Comedy,Drama,Family,,,Alcon Entertainment,Warner Bros.,,,,,
0,8390,English,29.173266,08-02-2008,55447968,01:52,Released,"Definitely, Maybe",6.7,620,Comedy,Romance,,,,Universal Pictures,StudioCanal,Working Title Films,Ringerike Erste Filmproduktion,,,
6600000,57119,English,4.492455,06-05-2011,37710610,01:52,Released,Jumping the Broom,6,56,Comedy,,,,,TriStar Pictures,Stage 6 Films,Sony Pictures Worldwide Acquisitions (SPWA),TDJ Enterprises / New Dimensions Entertainment,,,
7000000,3291,English,17.717681,16-09-2005,54600000,01:33,Released,"Good Night, and Good Luck.",6.8,273,Drama,History,,,,2929 Productions,Participant Productions,Warner Independent Pictures (WIP),Davis Films,,,
7000000,398,English,17.434862,30-09-2005,49084830,01:54,Released,Capote,6.8,384,Crime,Drama,,,,Sony Pictures Classics,Cooper's Town Productions,Eagle Vision Inc.,Manitoba Film and Video Production Tax Credit,,,
7000000,8068,English,25.511217,25-08-1995,25405445,01:44,Released,Desperado,6.8,881,Thriller,Action,Crime,,,Columbia Pictures,Los Hooligans Productions,,,,,
9000000,10803,English,12.268143,23-06-1976,25000000,01:59,Released,Logan's Run,6.6,269,Adventure,Action,Romance,Science Fiction,,Metro-Goldwyn-Mayer (MGM),,,,,,
7000000,682,English,30.214716,01-12-1974,97572000,02:05,Released,The Man with the Golden Gun,6.3,524,Adventure,Action,Thriller,,,United Artists,Eon Productions,Danjaq,,,,
7000000,10117,English,6.872784,12-02-1988,20256975,01:36,Released,Action Jackson,4.9,50,Action,Adventure,Comedy,Crime,Drama,Silver Pictures,Lorimar Motion Pictures,,,,,
0,9392,English,23.413188,08-07-2005,0,01:39,Released,The Descent,6.8,1005,Adventure,Horror,,,,Celador Films,Path\u00e9,Northmen Productions,,,,
0,24977,English,1.830306,05-05-2000,21268532,00:46,Released,Michael Jordan to the Max,7.5,10,Documentary,,,,,IMAX,,,,,,
7000000,79316,English,14.741589,08-01-2014,36433975,01:29,Released,Devil's Due,4.4,216,Horror,,,,,Twentieth Century Fox Film Corporation,Davis Entertainment,TSG Entertainment,,,,
7000000,2074,English,5.500324,22-03-1996,14702438,01:32,Released,Flirting with Disaster,6.3,66,Comedy,Romance,,,,Miramax Films,,,,,,
0,1696,English,16.754452,22-07-2005,0,01:47,Released,The Devil's Rejects,6.6,322,Drama,Horror,Crime,,,Lions Gate Films,Cinerenta Medienbeteiligungs KG,Firm Films,Cinelamda Internationale Filmproduktionsgesellschaft,,,
700000,308639,English,29.761163,19-06-2015,17986781,01:43,Released,Dope,7.2,691,Crime,Drama,Comedy,,,Forest Whitaker's Significant Productions,Revolt Films,IamOTHER Entertainment,,,,
7000000,22314,English,2.772178,25-08-1999,14011454,01:37,Released,In Too Deep,6.2,17,Drama,Action,Thriller,Crime,,Suntaur Entertainment Company,,,,,,
7000000,2662,English,19.301432,11-04-2003,16829545,01:29,Released,House of 1000 Corpses,6,306,Horror,,,,,Universal Pictures,Spectacle Entertainment Group,,,,,
0,77156,English,0.000372,22-11-1978,0,01:30,Released,Alien Zone,4,3,Horror,Action,Thriller,Science Fiction,,[],,,,,,
7000000,12573,English,23.612409,02-10-2009,31430334,01:45,Released,A Serious Man,6.6,483,Comedy,Drama,,,,Mike Zoss Productions,Studio Canal,Relativity Media,Focus Features,,,
7500000,44718,English,6.557643,22-01-2010,0,01:43,Released,Get Low,6.5,100,Comedy,Drama,Mystery,,,K5 International,Zanuck Independent,David Gundlach Productions,,,,
7000000,11342,English,9.887662,01-06-1989,0,01:43,Released,Warlock,5.8,95,Adventure,Comedy,Fantasy,Horror,,New World Pictures,,,,,,
7000000,241771,English,8.079046,10-09-2014,14618727,01:56,Released,Beyond the Lights,7,139,Romance,Drama,,,,Relativity Media,Homegrown Pictures,Black Entertainment Television (BET),Relativity Sports,,,
7000000,34653,English,21.626288,19-10-2009,0,01:41,Released,A Single Man,7.3,463,Drama,Romance,,,,Depth of Field,Artina Films,Fade to Black Productions,,,,
7000000,11051,English,14.672151,12-08-1988,8373585,02:44,Released,The Last Temptation of Christ,7,201,Drama,,,,,Universal Pictures,Cineplex-Odeon Films,,,,,
7000000,14578,English,2.627232,16-08-1999,7292175,01:36,Released,Outside Providence,5.6,30,Romance,Comedy,Drama,,,Miramax Films,Eagle Beach Productions,,,,,
7000000,57825,English,12.150871,11-02-2004,0,01:51,Released,Bride & Prejudice,6.5,110,Drama,Comedy,Music,Romance,,[],,,,,,
0,9555,English,2.128211,04-02-2002,0,01:34,Released,Rabbit-Proof Fence,6.8,84,Adventure,Drama,Action,History,,Showtime Australia,Australian Film Finance Corporation (AFFC),Rumbalara Films,Olsen Levy,,,
0,15581,English,2.881239,27-07-2007,0,01:33,Released,Who's Your Caddy?,3.8,18,Comedy,,,,,The Weinstein Company,Dimension Films,Metro-Goldwyn-Mayer (MGM),,,,
7,13006,English,4.857028,01-05-1992,5,01:30,Released,Split Second,5.7,63,Thriller,Action,Horror,Science Fiction,Crime,Entertainment,Muse Productions,Challenge Film Corporation,XYZ Funding N.V.,,,
7000000,16651,English,2.206097,12-04-2001,4720371,01:53,Released,The Other Side of Heaven,6.7,14,Action,Adventure,Drama,Family,,3Mark Entertainment,,,,,,
7000000,4251,Hindi,3.721858,12-11-2004,29385320,03:12,Released,Veer-Zaara,7.4,64,Drama,Romance,,,,Yash Raj Films,,,,,,
7000000,12400,English,5.091253,07-04-2008,0,01:39,Released,Redbelt,6.4,76,Drama,,,,,Sony Pictures Classics,,,,,,
7000000,39053,English,15.212569,18-06-2010,0,01:31,Released,Cyrus,6.1,133,Comedy,Drama,Romance,,,Scott Free Productions,,,,,,
0,104896,English,0.838938,27-08-1999,0,01:36,Released,A Dog Of Flanders,6.4,6,Drama,Family,,,,[],,,,,,
7000000,14112,English,7.051521,18-10-2002,2062066,01:44,Released,Auto Focus,6.1,56,Drama,Crime,,,,Sony Pictures Classics,Propaganda Films,Good Machine,,,,
7000000,12271,English,11.400229,29-12-2006,0,01:30,Released,Factory Girl,6.2,81,Drama,,,,,The Weinstein Company,L.I.F.T. Production,Holly Wiersma Productions,,,,
7000000,71859,English,21.276864,28-09-2011,6038942,01:52,Released,We Need to Talk About Kevin,7.4,677,Drama,Thriller,,,,BBC Films,Oscilloscope Laboratories,,,,,
0,226354,English,1.799504,22-11-2013,0,01:40,Released,The Christmas Candle,5.8,8,Drama,Family,,,,Impact Productions LLC,Pinewood Studios,Big Book Media,EchoLight Studios,,,
7000000,48620,English,2.932784,21-10-2009,0,01:42,Released,The Mighty Macs,5,15,Action,Drama,,,,[],,,,,,
7000000,33676,English,2.550045,08-04-1983,1246141,01:40,Released,Losin' It,4.5,31,Comedy,,,,,Tijuana Productions,Tiberius Film Productions,,,,,
7000000,37080,English,5.517597,07-11-2009,0,02:05,Released,Mother and Child,6.7,46,Drama,Romance,,,,Mockingbird Pictures,Everest Entertainment,,,,,
0,25388,English,3.829937,08-09-1977,0,01:47,Released,March or Die,6.2,16,Action,Adventure,Drama,War,,Associated General Films,Sir Lew Grade,,,,,
0,11687,French,8.893676,27-01-1993,0,01:47,Released,The Visitors,7.1,420,Fantasy,Comedy,Science Fiction,,,Canal Plus,Gaumont International,France 3 Cinema,,,,
8000000,39210,English,9.590373,03-09-2010,0,01:38,Released,Somewhere,6,208,Comedy,Drama,,,,American Zoetrope,Focus Features,Path\u00e9!,Tohokushinsha,,,
7000000,30128,English,7.155519,25-09-2009,1429299,01:46,Released,I Hope They Serve Beer in Hell,5.7,20,Comedy,Drama,,,,[],,,,,,
0,31535,English,0.587276,13-03-1998,0,01:35,Released,Chairman of the Board,2.7,13,Comedy,,,,,101st Street Films,,,,,,
7000000,44835,English,13.635828,22-01-2010,382946,01:46,Released,Hesher,6.7,212,Drama,,,,,DRO Entertainment,The Last Picture Company,CatchPlay,Corner Store Entertainment,,,
0,192134,English,10.416332,15-11-2013,523511,01:33,Released,Dom Hemingway,5.8,212,Comedy,Crime,Drama,,,BBC Films,Isle of Man Film Commission,Recorded Picture Company (RPC),Pinewood Studios,,,
3500000,1956,English,5.038953,12-01-2002,0,01:43,Released,Gerry,6.2,68,Mystery,Drama,Adventure,,,Epsilon Motion Pictures,Tango Films,My Cactus,,,,
7000000,24985,English,1.498245,01-01-2002,0,01:36,Released,The Heart of Me,7.7,5,Drama,Romance,,,,British Broadcasting Corporation (BBC),,,,,,
7000000,306745,English,8.184588,02-10-2015,573335,01:43,Released,Freeheld,7.1,164,Romance,Drama,,,,Double Feature Films,Endgame Entertainment,High Frequency Entertainment,,,,
7000000,47088,English,2.26778,01-08-2010,453079,01:48,Released,The Extra Man,5.9,29,Comedy,,,,,Wild Bunch,Likely Story,Tax Credit Finance,3 Arts Entertainment,,,
7000000,110402,Russian,3.120016,27-02-2013,1310673,02:50,Released,Hard to Be a God,6.7,41,Drama,Science Fiction,,,,Lenfilm Studio,Sever Studio,Kanal Russia 1,,,,
7000000,27004,English,8.207425,01-01-2010,46488,01:48,Released,Ca$h,6,73,Crime,Thriller,Comedy,,,Immortal Thoughts,Three Good Men,,,,,
0,15013,English,2.356244,17-08-2005,0,02:00,Released,Wah-Wah,6.3,8,Drama,,,,,Reeleyes Film,Wah Film Productions Ltd.,Scion Films,Loma Nasha,,,
6000000,8374,English,34.917447,22-01-1999,30471,01:48,Released,The Boondock Saints,7.2,837,Action,Thriller,Crime,,,Franchise Pictures,Brood Syndicate,B.D.S. Productions Inc.,,,,
0,277519,Chinese,0.542814,19-06-2014,0,01:32,Released,Z Storm,5.8,5,Crime,Thriller,,,,Pegasus Motion Pictures,,,,,,
7000000,78381,English,5.060656,10-09-2011,0,01:24,Released,Twixt,5,85,Horror,Thriller,,,,American Zoetrope,,,,,,
7000000,164372,Russian,5.33861,11-10-2012,12400000,01:16,Released,The Snow Queen,5.1,47,Animation,Fantasy,,,,Bazelevs Production,,,,,,
0,294512,English,1.874783,21-07-2014,0,00:53,Released,Alpha and Omega: The Legend of the Saw Tooth Cave,6.5,4,Family,Animation,Comedy,Adventure,,Crest Animation Production,LionsGate,,,,,
0,8879,English,14.574995,28-06-1985,41410568,01:55,Released,Pale Rider,7,251,Romance,Western,,,,Warner Bros.,Malpaso Company,,,,,
7000000,13001,English,8.591387,11-03-2008,8900000,01:37,Released,Stargate: The Ark of Truth,6.9,140,Adventure,Science Fiction,,,,Metro-Goldwyn-Mayer (MGM),Kawoosh! Productions DTV I,,,,,
6900000,9571,English,26.181753,24-09-1993,7993039,01:42,Released,Dazed and Confused,7.4,583,Comedy,Drama,,,,Gramercy Pictures,Alphaville Productions,The Criterion Collection,,,,
0,13649,English,21.01755,17-08-2007,7000000,01:44,Released,High School Musical 2,6.1,843,Comedy,Drama,Family,Music,,Disney Channel,,,,,,
0,325373,English,3.139294,02-10-2016,0,01:36,Released,Two Lovers and a Bear,6.8,27,Drama,Romance,,,,[],,,,,,
7000000,334527,English,6.665164,20-11-2015,0,01:34,Released,Criminal Activities,5.8,110,Thriller,Crime,Drama,,,NeeNee Productions,Capacity Pictures,May Day Movies,,,,
0,2211,German,2.832628,10-02-1999,0,02:05,Released,Aimee & Jaguar,6.3,20,Drama,History,Romance,,,[],,,,,,
0,13919,English,3.528643,08-06-2005,0,01:48,Released,The Chumscrubber,6.7,62,Comedy,Drama,,,,Lawrence Bender Productions,El Camino Pictures,Go Fish Pictures,,,,
6800000,14576,English,4.665309,18-05-2003,0,01:41,Released,Shade,6.1,73,Action,Thriller,Crime,,,Cobalt Media Group,Judgement Pictures,Hammond Entertainment,,,,
6900000,82505,English,25.613197,21-09-2012,44287131,01:41,Released,House at the End of the Street,5.6,555,Horror,Thriller,,,,A Bigger Boat,Relativity Media,FilmNation Entertainment,,,,
6800000,46738,French,21.285206,04-09-2010,7103838,02:10,Released,Incendies,7.9,479,Drama,War,Mystery,,,TS Productions,Micro scope,Phi Group,,,,
0,38970,Italian,4.240495,11-02-2003,0,02:05,Released,"Remember Me, My Love",5.8,44,Drama,Comedy,Romance,,,Fandango,Medusa Film,Tele+,Vice Versa Film,,,
0,41009,English,3.810943,11-09-2009,0,01:28,Released,Perrier’s Bounty,5.1,24,Action,Comedy,Crime,Drama,,Premiere Picture,Irish Film Board,Parallel Film Productions,,,,
4000000,7347,Portuguese,23.604936,12-10-2007,0,01:55,Released,Elite Squad,7.8,504,Drama,Action,Crime,,,The Weinstein Company,Zazen Produ\u00e7\u00f5es,Est\u00fadios Mega,Quanta Centro de Produ\u00e7\u00f5es Cinematogr\u00e1ficas,,,
6500000,250546,English,60.225219,02-10-2014,255273813,01:39,Released,Annabelle,5.6,1517,Horror,,,,,New Line Cinema,The Safran Company,Evergreen Media Group,RatPac-Dune Entertainment,,,
7,38415,English,0.050456,09-08-2009,7,01:22,Released,Bran Nue Dae,5.2,6,Comedy,Drama,Foreign,Romance,,[],,,,,,
6500000,650,English,17.705671,12-07-1991,57504069,01:52,Released,Boyz n the Hood,7.4,364,Crime,Drama,,,,Columbia Pictures Corporation,,,,,,
6500000,16620,English,6.847099,24-07-1987,54215416,01:48,Released,La Bamba,6.8,116,Drama,Music,,,,Columbia Pictures Corporation,New Visions Pictures,,,,,
0,25113,English,8.067702,22-05-1981,0,01:47,Released,The Four Seasons,6.3,16,Comedy,Drama,Romance,,,Universal Pictures,,,,,,
6500000,11033,English,11.208769,25-06-1980,31899000,01:45,Released,Dressed to Kill,6.8,157,Horror,Mystery,Thriller,,,Filmways Pictures,Cinema 77 Films,,,,,
6500000,34723,English,2.163683,02-04-1993,0,01:48,Released,The Adventures of Huck Finn,6.2,42,Action,Adventure,Drama,Family,,Walt Disney Pictures,,,,,,
6500000,9430,English,11.142389,09-04-1999,28451622,01:38,Released,Go,7,196,Crime,Comedy,Thriller,,,Columbia Pictures,,,,,,
6500000,8998,English,11.885221,07-09-2006,13368437,01:28,Released,Friends with Money,5.1,128,Comedy,Drama,Romance,,,Sony Pictures,,,,,,
6500000,10514,English,12.524953,12-03-1971,12376563,02:11,Released,The Andromeda Strain,7,190,Science Fiction,Thriller,,,,Universal Pictures,,,,,,
0,10496,English,1.537859,22-10-1999,10,01:31,Released,Bats,4.1,35,Horror,Thriller,,,,Destination Films,,,,,,
0,1591,German,3.481517,11-12-2001,0,02:20,Released,Nowhere in Africa,7,32,Drama,,,,,MTM Cineteve,Bavaria Film,Constantin Film Produktion,Media Cooperation One,,,
6500000,76025,English,40.688426,02-10-2011,17693675,01:40,Released,Shame,7,875,Drama,,,,,HanWay Films,UK Film Council,Alliance Films,See-Saw Films,,,
6500000,4836,English,24.0034,30-09-2004,11850214,01:45,Released,Layer Cake,7,559,Drama,Thriller,Crime,,,Sony Pictures Classics,Marv Films,,,,,
6500000,14631,English,2.639106,21-10-2005,2025032,01:40,Released,The Work and the Glory II: American Zion,8,6,Drama,,,,,[],,,,,,
6500000,87499,English,16.574756,31-05-2013,2401510,01:56,Released,The East,6.5,305,Drama,Thriller,,,,Scott Free Productions,,,,,,
6500000,18923,English,5.483531,23-07-2004,1548955,01:36,Released,A Home at the End of the World,6.8,45,Romance,Drama,,,,Killer Films,Hart-Sharp Entertainment,,,,,
0,26665,English,1.068819,05-07-2000,0,01:53,Released,Aberdeen,7,6,Drama,Comedy,Foreign,,,Filmfabriken Baltic Sea AB,,,,,,
6500000,28089,English,8.432401,13-11-2009,1521261,01:53,Released,The Messenger,7.1,119,Drama,History,,,,Oscilloscope Laboratories,,,,,,
6500000,62255,English,2.074295,20-05-2010,0,01:42,Released,Tracker,6,16,Action,Drama,Thriller,Adventure,,T.H.E. Films,Phoenix Wiley,Eden Films,,,,
0,5708,English,11.357474,26-09-2007,8159508,02:01,Released,Control,7.5,200,Drama,,,,,Becker International,Claraflora,EM Media,NorthSee,,,
6400000,218,English,74.234793,26-10-1984,78371200,01:48,Released,The Terminator,7.3,4128,Action,Thriller,Science Fiction,,,Orion Pictures,Pacific Western,Hemdale Film,Cinema 84,,,
4800000,338,German,11.086001,09-02-2003,79384880,02:01,Released,"Good bye, Lenin!",7.4,586,Comedy,Drama,Romance,,,WDR,Arte,X-Filme Creative Pool,,,,
10000000,21641,English,13.409125,27-03-2009,0,01:37,Released,The Damned United,7.2,152,Drama,,,,,BBC Films,Columbia Pictures Corporation,Screen Yorkshire,Left Bank Pictures,,,
4000000,10925,English,14.961629,15-05-1985,14237000,01:31,Released,The Return of the Living Dead,7.3,267,Comedy,Horror,,,,Hemdale Film Corporation,Fox Films Ltd.,Cinema 84,,,,
6000000,2293,English,16.139771,20-10-1995,2122561,01:34,Released,Mallrats,6.8,392,Romance,Comedy,,,,Gramercy Pictures,Alphaville Films,View Askew Productions,,,,
6000000,621,English,67.608041,07-07-1978,181813770,01:50,Released,Grease,7.2,1581,Romance,,,,,Paramount Pictures,Robert Stigwood Organization (RSO),,,,,
6000000,792,English,49.802914,18-12-1986,138530565,02:00,Released,Platoon,7.5,1205,Drama,War,Action,,,Orion Pictures,Hemdale Film Corporation,,,,,
6000000,1777,English,16.20985,25-06-2004,119114517,02:02,Released,Fahrenheit 9/11,6.8,397,Documentary,,,,,BIM Distribuzione,Fellowship Adventure Group,,,,,
6000000,642,English,24.499996,23-09-1969,102308889,01:50,Released,Butch Cassidy and the Sundance Kid,7.4,650,History,Drama,Western,Crime,,Twentieth Century Fox Film Corporation,Campanile Productions,Newman-Foreman Productions,,,,
6000000,433,English,59.961523,27-08-1964,102272727,02:19,Released,Mary Poppins,7.4,1183,Comedy,Family,Fantasy,,,Walt Disney Productions,,,,,,
6000000,16619,English,12.541983,19-09-1980,0,02:04,Released,Ordinary People,7.4,145,Drama,,,,,Paramount Pictures,Wildwood Enterprises,,,,,
6000000,1725,English,23.431117,18-10-1961,43656822,02:32,Released,West Side Story,7,389,Crime,Drama,Music,,,United Artists,Seven Arts,Mirisch Pictures,,,,
6000000,11977,English,15.929648,25-07-1980,39846344,01:38,Released,Caddyshack,6.6,365,Comedy,,,,,Orion Pictures,Warner Bros.,,,,,
0,20322,English,3.029944,23-03-2001,0,01:46,Released,The Brothers,6.5,10,Comedy,Drama,Romance,,,[],,,,,,
6000000,16158,English,5.537646,16-07-1999,25059640,01:46,Released,The Wood,7.1,34,Comedy,Drama,Romance,,,MTV Films,,,,,,
6000000,629,English,64.025031,19-07-1995,23341568,01:46,Released,The Usual Suspects,8.1,3254,Drama,Crime,Thriller,,,Blue Parrot Productions,Bad Hat Harry Productions,,,,,
8000000,10160,English,12.654051,11-08-1989,22168359,01:29,Released,A Nightmare on Elm Street 5: The Dream Child,5.5,245,Horror,Thriller,,,,New Line Cinema,,,,,,
5000000,11452,English,35.108498,29-03-2002,38275483,01:32,Released,National Lampoon’s Van Wilder,5.9,858,Comedy,Romance,,,,Tapestry Films,Artisan Entertainment,,,,,
6000000,12163,English,40.196514,07-09-2008,44703995,01:49,Released,The Wrestler,7.3,1000,Drama,Romance,,,,Saturn Films,Wild Bunch,Protozoa Pictures,Top Rope,,,
6000000,32275,English,7.60445,31-12-1946,20400000,02:24,Released,Duel in the Sun,6.2,37,Western,,,,,The Selznik Studio,Vanguard Films,,,,,
0,13785,English,10.982255,19-09-2000,0,01:30,Released,Best in Show,6.7,166,Comedy,,,,,Castle Rock Entertainment,,,,,,
6000000,1103,English,24.351305,22-05-1981,50244700,01:39,Released,Escape from New York,6.9,703,Science Fiction,Action,,,,AVCO Embassy Pictures,Goldcrest Films International,International Film Investors,City Film,,,
0,36739,English,3.159574,12-02-1988,0,02:01,Released,School Daze,6.2,26,Comedy,Drama,,,,Columbia Pictures,40 Acres & A Mule Filmworks,,,,,
6000000,14144,English,12.601677,08-08-2007,18197398,01:29,Released,Daddy Day Camp,4.4,91,Comedy,Family,,,,Revolution Studios,TriStar Pictures,,,,,
12716953,10622,Chinese,7.077505,31-01-1997,18814720,01:53,Released,Mr. Nice Guy,6.3,128,Crime,Action,Comedy,,,Golden Harvest Company,,,,,,
6000000,13370,English,4.053017,16-04-2003,18750246,01:31,Released,A Mighty Wind,6.6,74,Comedy,Music,,,,Castle Rock Entertainment,,,,,,
0,11191,English,6.379933,13-10-1988,0,01:44,Released,Mystic Pizza,5.9,123,Comedy,Drama,Romance,,,Night Light Films,The Samuel Goldwyn Company,,,,,
6000000,10215,English,15.639016,23-04-1998,58000000,01:39,Released,Sliding Doors,6.5,354,Comedy,Drama,Fantasy,Romance,,Paramount Pictures,Miramax Films,Intermedia Films,Mirage Enterprises,,,
6000000,25066,English,3.89204,24-05-1995,12000000,01:38,Released,Tales from the Hood,5.4,32,Crime,Horror,Thriller,,,40 Acres & A Mule Filmworks,Savoy Pictures,,,,,
6000000,1523,English,26.286954,01-09-2006,48027970,02:01,Released,The Last King of Scotland,7.4,558,Drama,,,,,Fox Searchlight Pictures,Cowboy Films,DNA Films,Scottish Screen,,,
5000000,11361,English,8.008844,12-10-1989,11642254,01:36,Released,Halloween 5: The Revenge of Michael Myers,5.2,183,Horror,Thriller,,,,Trans Pacific Films,,,,,,
5000000,92591,English,12.68514,27-04-2012,9206470,01:40,Released,Bernie,6.5,320,Comedy,Crime,Drama,,,Castle Rock Entertainment,Horsethief Pictures,Mandalay Vision,Wind Dancer Productions,,,
6000000,57612,English,0.041651,15-02-2008,7518876,00:42,Released,Dolphins and Whales: Tribes of the Ocean,8,3,Documentary,,,,,3D Entertainment,Gavin McKinney Underwater Productions,,,,,
0,12509,English,8.483531,06-09-2000,0,02:02,Released,Pollock,6.6,91,Drama,Romance,,,,Fred Berner Films,Zeke Productions,,,,,
6000000,15256,English,3.561198,26-02-1999,6852450,01:41,Released,200 Cigarettes,6.1,44,Comedy,Drama,Romance,,,Paramount Pictures,,,,,,
6000000,83686,English,14.988746,07-09-2012,13231461,01:36,Released,The Words,6.4,379,Drama,Thriller,,,,CBS Films,Also Known As Pictures,,,,,
0,80304,English,5.754416,15-03-2012,0,01:24,Released,Casa De Mi Padre,5.5,103,Comedy,Western,,,,NALA Films,Gary Sanchez Productions,Lions Gate,,,,
6000000,28053,English,6.497285,06-03-2009,6670712,01:44,Released,City Island,6.9,113,Drama,Comedy,,,,Lucky Monkey Pictures,CineSon Entertainment,Filmsmith Productions,Medici Entertainment,,,
6000000,67913,English,19.411141,07-07-2011,19560274,01:36,Released,The Guard,6.8,372,Action,Comedy,Thriller,Crime,,UK Film Council,Crescendo Productions,Element Pictures,Irish Film Board,,,
7000000,13991,English,7.034618,28-08-2008,6230276,01:34,Released,College,4.8,48,Comedy,,,,,Metro-Goldwyn-Mayer (MGM),,,,,,
6000000,1443,English,26.218912,21-04-1999,10409377,01:37,Released,The Virgin Suicides,7.1,817,Drama,Romance,,,,American Zoetrope,,,,,,
0,8545,English,4.647547,05-11-1998,0,01:37,Released,Little Voice,6.6,61,Comedy,Drama,,,,Miramax Films,,,,,,
0,19556,English,9.371534,13-03-2009,0,01:29,Released,Miss March,5.4,77,Comedy,Romance,,,,The Jacobson Company,,,,,,
5500000,231576,English,15.015271,18-01-2014,5483299,02:00,Released,Wish I Was Here,6.4,300,Drama,Comedy,,,,Double Feature Films,Wild Bunch,Worldview Entertainment,,,,
6000000,16172,English,5.696491,05-02-1999,4398989,01:35,Released,Simply Irresistible,5.5,52,Comedy,,,,,New Regency Pictures,Taurus Film,Polar Entertainment Corporation,,,,
0,13403,English,4.25422,20-07-2001,0,01:35,Released,Hedwig and the Angry Inch,7.4,80,Comedy,Music,,,,New Line Cinema,Killer Films,,,,,
6000000,15797,English,5.411243,27-08-1993,3283371,01:39,Released,Only the Strong,6.9,29,Action,,,,,Davis Films,Freestone Pictures,,,,,
0,347764,English,1.273773,31-08-2015,0,01:36,Released,Goddess of Love,6.2,9,Mystery,Drama,Thriller,Horror,,Dalia Films,,,,,,
6000000,13537,English,6.27257,14-11-2003,2944752,01:34,Released,Shattered Glass,6.6,111,Drama,History,,,,Lions Gate Films,Cruise/Wagner Productions,Baumgarten Merims Productions,,,,
6000000,20794,English,4.148253,23-11-2001,2025238,01:35,Released,Novocaine,6,44,Comedy,Crime,Thriller,,,Numb Gums Production Inc.,,,,,,
0,31064,English,1.369649,19-01-2001,0,01:24,Released,The Business of Strangers,5.7,19,Drama,Thriller,,,,i5 Films,Headquarters,,,,,
6244087,576,English,14.970654,17-06-1969,638641,02:25,Released,The Wild Bunch,7.6,259,Adventure,Western,,,,Warner Brothers/Seven Arts,,,,,,
6000000,13990,English,7.161051,03-07-2008,2899975,01:39,Released,The Wackness,6.2,94,Drama,,,,,SBK Pictures,Occupant Entertainment,,,,,
6000000,11583,English,12.434688,25-01-1979,0,01:50,Released,The First Great Train Robbery,6.6,74,Thriller,Adventure,Drama,Crime,,United Artists,Starling Films,,,,,
0,18602,English,2.507912,01-01-2002,0,01:37,Released,Morvern Callar,7.2,34,Drama,,,,,Company Pictures,,,,,,
6000000,27549,English,1.478505,08-06-1991,869325,01:47,Released,Beastmaster 2: Through the Portal of Time,4.6,17,Action,Adventure,Fantasy,Science Fiction,,Les Films 21,Republic Pictures,,,,,
6000000,59728,English,0.215464,25-03-2011,399611,01:37,Released,The 5th Quarter,4.7,12,Drama,,,,,McCreary Entertainment,Angel City Pictures,,,,,
0,10930,French,1.229667,09-02-2003,0,01:44,Released,The Flower of Evil,5.7,10,Drama,,,,,[],,,,,,
6000000,32395,English,6.903186,17-01-2009,0,01:39,Released,The Greatest,6.2,34,Drama,,,,,Irish Dreamtime,Silverwood Films,Tax Credit Finance,Oceana Media Finance,,,
134005,58882,English,2.260315,15-07-2011,1332231,01:44,Released,Snow Flower and the Secret Fan,5.3,22,Drama,History,,,,IDG China Media,,,,,,
6000000,7547,English,3.427061,10-01-2006,0,01:37,Released,Come Early Morning,5.9,10,Drama,Romance,,,,Firm Films,Bold Films,Holly Wiersma Productions,,,,
0,35944,English,0.669169,24-08-2001,0,01:47,Released,Lucky Break,6.5,11,Action,Comedy,,,,[],,,,,,
0,42222,English,6.077735,02-10-1977,0,01:57,Released,Julia,6.3,30,Drama,,,,,Twentieth Century Fox Film Corporation,,,,,,
6000000,13827,English,2.404626,05-09-2008,69497,01:25,Released,"Surfer, Dude",4.7,25,Comedy,,,,,[],,,,,,
0,44260,English,0.475748,09-09-2006,25,02:32,Released,Lake of Fire,8,10,Documentary,,,,,[],,,,,,
6000000,9282,English,15.048067,16-05-2003,0,01:26,Released,11:14,6.8,206,Crime,Drama,Thriller,,,Firm Films,Media 8 Entertainment,MDP Worldwide,,,,
0,38940,English,1.734764,04-09-1994,0,01:43,Released,Men of War,5.4,29,Action,Thriller,,,,Signature Pictures,MDP Worldwide,Pomarance Corporation,,,,
0,35689,English,1.496454,24-04-2009,0,01:27,Released,Don McKay,5.4,21,Crime,Mystery,Thriller,,,Animus Films,,,,,,
12000000,97614,English,10.19041,08-11-2012,66351,01:35,Released,Deadfall,5.6,224,Crime,Drama,Thriller,,,StudioCanal,Mutual Film Company,2929 Productions,Magnolia Pictures,,,
6000000,37206,English,12.099486,01-10-2009,0,01:41,Released,A Shine of Rainbows,6.3,14,Drama,Family,,,,Octagon Films,Sepia Films,,,,,
6000000,58626,English,4.957014,02-04-2011,0,01:30,Released,The Hit List,5.2,73,Action,Thriller,,,,North by Northwest Entertainment,,,,,,
0,183894,English,2.135689,11-10-2009,0,04:00,Released,Emma,7.6,38,Romance,Comedy,Drama,,,[],,,,,,
5952000,837,English,18.119265,04-02-1983,2120439,01:27,Released,Videodrome,7.1,454,Horror,Mystery,Science Fiction,,,Universal Pictures,Famous Players Ltd,Guardian Trust Company,Filmplan International II,,,
5300000,1555,French,13.034602,17-05-2002,3897799,02:02,Released,The Spanish Apartment,7,266,Drama,Comedy,Romance,,,Mate Producciones S.A.,,,,,,
6000000,244783,English,6.349218,20-01-2014,32251,01:26,Released,Song One,5.5,87,Drama,,,,,Worldview Entertainment,,,,,,
4000000,16564,Dutch,5.013575,17-11-2008,530048,01:43,Released,Winter in Wartime,6.8,66,Drama,History,War,,,Max TV,Prime Time,Isabella Films B.V.,Fu Works,,,
0,168027,English,4.448353,22-04-2012,0,01:30,Released,Freaky Deaky,4.9,18,Comedy,,,,,Final Cut Productions,The Matthau Company,,,,,
5800000,3482,English,4.49029,21-09-1964,6800000,02:13,Released,The Train,7.2,72,Action,Drama,Thriller,War,,Les Productions Artistes Associ\u00e9s,Les Films Ariane,Dear Film Produzione,,,,
0,135595,English,2.204138,27-09-2012,0,01:31,Released,Trade Of Innocents,5.5,12,Drama,Thriller,,,,[],,,,,,
6000000,8982,Thai,11.81832,11-08-2005,27165581,01:48,Released,The Protector,6.8,167,Action,Crime,Drama,Thriller,,The Weinstein Company,Sahamongkol Film International,Vivendi,,,,
0,89861,English,0.356495,12-06-1998,0,01:39,Released,Stiff Upper Lips,10,1,Comedy,,,,,[],,,,,,
3500159,455,English,22.054546,11-04-2002,76578641,01:52,Released,Bend It Like Beckham,6.2,578,Comedy,Drama,Romance,,,Fox Searchlight Pictures,Kintop Pictures,Filmf\u00f6rderung Hamburg,UK Film Council,,,
0,57022,English,4.245123,21-06-2002,0,02:21,Released,Sunshine State,6,10,Drama,,,,,[],,,,,,
5800000,14351,English,3.201886,01-09-2006,7000000,01:35,Released,Crossover,4.2,10,Action,Adventure,Drama,,,360 Pictures,Dribble Productions,Platinum Equity,,,,
0,147767,English,0.114342,07-12-2012,126,02:19,Released,Khiladi 786,4.7,11,Action,Comedy,,,,[],,,,,,
5600000,10664,Spanish,22.341462,15-09-2009,18469680,01:25,Released,[REC]²,6.4,489,Thriller,Horror,,,,Filmax,,,,,,
0,55567,English,0.305922,16-07-2010,531826,01:45,Released,Standing Ovation,3.9,6,Comedy,Music,Family,,,[],,,,,,
5500000,9277,English,28.500913,25-12-1973,159616327,02:09,Released,The Sting,7.9,622,Comedy,Crime,Drama,,,Universal Pictures,,,,,,
5500000,9443,English,10.439971,15-05-1981,58972904,02:03,Released,Chariots of Fire,6.8,207,Drama,History,,,,Twentieth Century Fox Film Corporation,Warner Bros.,Enigma Productions,The Ladd Company,,,
0,16186,English,3.784535,25-02-2005,0,01:56,Released,Diary of a Mad Black Woman,6.4,71,Comedy,Drama,Romance,,,Lions Gate Films,,,,,,
0,7863,English,10.396305,21-01-1996,0,01:45,Released,Shine,7.3,131,Drama,,,,,Fine Line Features,Australian Film Finance Corporation (AFFC),Film Victoria,South Australian Feature Film Company,,,
6000000,138697,English,33.296684,26-07-2013,0,01:30,Released,Don Jon,5.9,1671,Romance,Comedy,Drama,,,Voltage Pictures,Ram Bergman Productions,HitRecord Films,,,,
5500000,11901,English,19.127239,19-04-1973,15700000,01:45,Released,High Plains Drifter,7.4,278,Western,,,,,Universal Pictures,Malpaso Productions,,,,,
7000000,1548,English,14.072941,20-07-2001,0,01:51,Released,Ghost World,7.1,426,Comedy,Drama,,,,United Artists,Jersey Films,Granada Film Productions,Capitol Films,,,
0,11889,English,2.714043,14-12-2001,0,01:31,Released,Iris,6.2,47,Drama,Romance,,,,Miramax Films,BBC Films,Intermedia Films,,,,
5500000,33155,English,2.141143,06-06-1980,4865000,01:35,Released,Galaxina,3.3,16,Comedy,Science Fiction,,,,Marimark Productions,,,,,,
0,5528,French,20.982455,17-03-2004,0,01:36,Released,The Chorus,7.5,526,Drama,,,,,France 2 Cin\u00e9ma,Galat\u00e9e Films,Path\u00e9 Renn Productions,Novo Arturo Films,,,
4361898,321,English,2.080741,06-06-2003,3031801,01:32,Released,Mambo Italiano,5.6,28,Comedy,Romance,,,,icon,,,,,,
5000000,4997,English,7.79068,23-10-2003,2466444,01:44,Released,Wonderland,6.2,73,Crime,Drama,Mystery,Thriller,,Lions Gate Films,,,,,,
6500000,925,English,15.580335,30-06-1989,37295445,02:00,Released,Do the Right Thing,7.6,292,Drama,,,,,Universal Pictures,40 Acres & A Mule Filmworks,,,,,
0,27451,English,5.336243,01-01-2001,0,01:39,Released,Harvard Man,4.8,15,Drama,,,,,Lions Gate Films,Worldwide Media,,,,,
3850000,73532,French,10.787322,17-05-2011,0,01:33,Released,Le Havre,6.8,97,Drama,Comedy,,,,[],,,,,,
0,979,French,32.476098,22-05-2002,792,01:37,Released,Irreversible,7.1,538,Drama,Thriller,Crime,Mystery,,Eskwad,StudioCanal,Wild Bunch,Les Cin\u00e9mas de la Zone,,,
5500000,193722,Japanese,3.21392,05-10-2013,0,01:40,Released,R100,5.4,31,Comedy,Drama,,,,Warner Bros.,Yoshimoto Kogyo Company,,,,,
2200000,7913,Hindi,5.206967,26-01-2006,11502151,02:37,Released,Rang De Basanti,7.2,97,Drama,,,,,Flicks Motion Pictures,UTV Motion Pictures,,,,,
0,253253,English,1.5846,15-05-2014,0,01:30,Released,Animals,6.2,9,Drama,,,,,[],,,,,,
8000000,51995,English,3.653305,15-07-2011,0,01:36,Released,Salvation Boulevard,5.6,28,Comedy,Thriller,Action,Drama,,Mandalay Vision,,,,,,
0,13173,English,3.865122,03-08-2007,0,01:36,Released,The Ten,4.9,57,Comedy,,,,,Ascot Elite Home Entertainment,,,,,,
0,22908,English,1.391958,23-08-1999,0,01:30,Released,A Room for Romeo Brass,7.3,18,Drama,Comedy,Foreign,,,[],,,,,,
0,70670,English,20.821846,04-08-2011,15699707,01:40,Released,Headhunters,7.1,399,Thriller,Crime,,,,Nordisk Film,Yellow Bird Films,Friland Produksjon,ARD Degeto Film,,,
0,84204,English,9.451228,10-08-2012,0,01:34,Released,Grabbers,6,140,Science Fiction,Comedy,Thriller,Horror,,Irish Film Board,Samson Films,Forward Films,High Treason Productions,,,
0,25248,English,1.688495,11-09-2004,0,01:35,Released,Saint Ralph,7.3,24,Comedy,Drama,,,,Alliance Atlantis Communications,Amaze Film + Television,Running Miracles Productions,,,,
5500000,230266,English,5.033065,07-09-2014,5000000,02:00,Released,Miss Julie,5.9,45,Drama,,,,,Maipo Film- og TV Produksjon,,,,,,
5100000,16633,English,5.934016,02-10-1980,0,01:43,Released,Somewhere in Time,7.2,102,Science Fiction,Drama,Fantasy,Romance,,Rastar Pictures,,,,,,
0,63006,Hindi,0.075817,22-04-2011,0,02:10,Released,Dum Maaro Dum,5.4,7,Drama,Action,Crime,Foreign,,[],,,,,,
5000000,91586,English,48.375848,12-09-2013,0,01:46,Released,Insidious: Chapter 2,6.5,1211,Horror,Thriller,,,,Sony Pictures,FilmDistrict,,,,,
4000000,215,English,42.187986,28-10-2005,152925093,01:32,Released,Saw II,6.3,1251,Horror,,,,,Lions Gate Films,Got Films,Twisted Pictures,Evolution Entertainment,,,
15000000,333371,English,53.698683,10-03-2016,108286421,01:43,Released,10 Cloverfield Lane,6.8,2468,Thriller,Science Fiction,Drama,,,Paramount Pictures,Bad Robot,Spectrum Effects,,,,
5000000,9012,English,14.752587,21-10-2002,64282312,01:27,Released,Jackass: The Movie,6.1,345,Documentary,Comedy,,,,Paramount Pictures,MTV Films,Dickhouse Productions,Lynch Siderow Productions,,,
4900000,345911,English,48.170508,21-07-2016,44107032,01:21,Released,Lights Out,6.3,1129,Horror,Thriller,,,,New Line Productions,Matter Productions,Atomic Monster,,,,
5000000,72571,English,29.15813,19-10-2011,205703818,01:23,Released,Paranormal Activity 3,5.9,669,Horror,,,,,Paramount Pictures,Blumhouse Productions,Room 101,Solana Films,,,
5000000,242512,English,56.30466,24-10-2014,103590271,01:29,Released,Ouija,4.9,983,Horror,,,,,Universal Pictures,Dentsu Inc.,Platinum Dunes,Media Rights Capital,,,
5000000,10072,English,17.304055,27-02-1987,44793222,01:36,Released,A Nightmare on Elm Street 3: Dream Warriors,6.5,354,Horror,Thriller,,,,New Line Cinema,Smart Egg Pictures,,,,,
5500000,211954,Spanish,9.59729,20-07-2013,99067206,01:55,Released,Instructions Not Included,7.5,205,Comedy,Drama,,,,Filmax,Signature Entertainment,Pinema,Pantelion Films,,,
5000000,82990,English,20.326337,17-10-2012,142817992,01:35,Released,Paranormal Activity 4,5.2,563,Horror,,,,,Paramount Pictures,Blumhouse Productions,Room 101,Solana Films,,,
4100000,29912,English,4.028875,16-09-1953,36000000,02:15,Released,The Robe,6.4,42,Drama,,,,,Twentieth Century Fox Film Corporation,,,,,,
5000000,11843,English,6.470766,21-05-1975,41833347,01:53,Released,The Return of the Pink Panther,6.7,137,Comedy,,,,,United Artists,Jewel Productions,Pimlico Films,Incorporated Television Company (ITC),,,
11000000,11284,English,16.856231,05-09-1991,34872033,01:29,Released,Freddy's Dead: The Final Nightmare,5.1,272,Horror,Thriller,Comedy,,,New Line Cinema,,,,,,
8000000,504,English,19.683187,16-11-2003,60378584,01:50,Released,Monster,7,485,Crime,Drama,,,,Newmarket Films,,,,,,
5000000,173,English,9.358197,23-12-1954,28200000,02:07,Released,"20,000 Leagues Under the Sea",6.8,157,Adventure,Drama,Science Fiction,,,Walt Disney Productions,,,,,,
5000000,227348,English,19.984477,01-01-2014,86362372,01:24,Released,Paranormal Activity: The Marked Ones,5.2,449,Horror,Thriller,,,,Blumhouse Productions,Room 101,Solana Films,,,,
5000000,1955,English,30.271066,02-10-1980,26010864,02:04,Released,The Elephant Man,7.9,719,Drama,History,,,,Brooksfilms,,,,,,
5000000,152532,English,59.454473,07-09-2013,55198285,01:57,Released,Dallas Buyers Club,7.9,2886,Drama,History,,,,Universal Studios,Universal Pictures,Voltage Pictures,Truth Entertainment,,,
3300000,243940,English,20.304235,29-01-2015,64110728,01:23,Released,The Lazarus Effect,5.1,505,Thriller,Horror,,,,Lionsgate,Blumhouse Productions,Chapter One Films,,,,
9000000,77,English,60.715151,11-10-2000,39723096,01:53,Released,Memento,8.1,4028,Mystery,Thriller,,,,Summit Entertainment,Newmarket Capital Group,Team Todd,I Remember Productions,,,
5000000,157547,English,35.871248,08-09-2013,44030246,01:44,Released,Oculus,6.3,1050,Horror,,,,,Intrepid Pictures,Blumhouse Productions,Relativity Media,WWE Studios,,,
5000000,2295,English,18.077963,25-05-2006,26888376,01:37,Released,Clerks II,6.9,398,Comedy,,,,,The Weinstein Company,View Askew Productions,,,,,
5000000,71,English,20.428237,18-05-2000,110000000,01:50,Released,Billy Elliot,7.4,750,Drama,Comedy,Music,,,BBC Films,Tiger Aspect Productions,StudioCanal,Arts Council of England,,,
4600000,147773,English,32.14444,06-06-2013,23198652,01:43,Released,The Way Way Back,7.1,688,Comedy,Drama,,,,Fox Searchlight Pictures,Odd Lot Entertainment,Sycamore Pictures,,,,
0,16096,English,3.673566,23-10-1991,0,01:34,Released,House Party 2,4.7,21,Comedy,,,,,[],,,,,,
3500000,24266,English,3.656491,02-03-1982,20659423,01:44,Released,The Man from Snowy River,6.8,37,Family,Drama,Action,Western,Romance,Cambridge Productions,,,,,,
0,16508,English,1.88484,26-03-1999,0,01:17,Released,Doug's 1st Movie,5.4,22,Animation,Family,Comedy,,,Walt Disney Pictures,,,,,,
5000000,2895,English,4.227807,09-10-1997,0,02:14,Released,The Apostle,6.1,38,Drama,,,,,Butcher's Run Productions,,,,,,
0,15660,English,3.102862,18-09-1981,0,02:09,Released,Mommie Dearest,6.5,54,Drama,,,,,Paramount Pictures,,,,,,
10000000,59968,English,15.688439,26-08-2011,17273593,01:30,Released,Our Idiot Brother,5.9,365,Comedy,Drama,,,,The Weinstein Company,Likely Story,Big Beach Films,Yuk Films,,,
5000000,323677,English,22.9951,19-02-2016,24804129,02:14,Released,Race,7.1,478,Action,Drama,,,,Forecast Pictures,Solofilms,JoBro Productions & Film Finance,Trinity Race,,,
0,19848,English,5.769822,08-04-1998,0,01:44,Released,The Players Club,6.4,14,Drama,,,,,New Line Cinema,,,,,,
5000000,256274,English,26.510558,14-08-2014,40100000,01:33,Released,"As Above, So Below",6.1,766,Horror,Thriller,,,,Universal Pictures,Legendary Pictures,Brothers Dowdle Productions,,,,
0,235271,English,7.544515,10-10-2014,0,01:45,Released,Addicted,5.4,63,Drama,Thriller,,,,Lionsgate,Codeblack Entertainment,,,,,
0,45153,English,1.126941,07-09-1997,0,01:49,Released,Eve's Bayou,6.1,27,Drama,,,,,[],,,,,,
5000000,284293,English,35.307577,05-12-2014,43884652,01:39,Released,Still Alice,7.5,1104,Drama,,,,,Killer Films,Big Indie Pictures,Backup Media,BSM Studio,,,
5000000,24973,English,4.079111,25-08-1954,15000000,02:19,Released,The Egyptian,6,11,History,Drama,,,,Twentieth Century Fox Film Corporation,,,,,,
5000000,21610,English,7.058868,17-03-1981,19905359,01:39,Released,Nighthawks,6.4,86,Action,Crime,Thriller,,,Universal Pictures,Martin Poll Productions,The Production Company,,,,
5000000,10283,English,12.904615,28-07-1989,14000000,01:40,Released,Friday the 13th Part VIII: Jason Takes Manhattan,4.8,191,Horror,Thriller,,,,Paramount Pictures,Sean S. Cunningham Films,Horror Inc.,,,,
5000000,8346,English,18.115566,22-02-2002,368744044,01:35,Released,My Big Fat Greek Wedding,6.2,671,Comedy,Drama,Romance,,,Home Box Office (HBO),Playtone,Gold Circle Films,Ontario Film Development Corporation,,,
5000000,122081,English,62.554173,24-01-2013,31724284,01:34,Released,Spring Breakers,5,1551,Drama,Crime,,,,RabbitBandini Productions,Division Films,Pop Films,Radar Pictures,,,
5000000,10987,English,9.483717,29-09-1995,15116634,01:28,Released,Halloween: The Curse of Michael Myers,5,170,Horror,Thriller,,,,Miramax Films,,,,,,
5000000,1391,Spanish,16.890285,08-06-2001,33616692,01:46,Released,Y Tu Mamá También,7.3,315,Drama,Romance,,,,B\u00e9same Mucho Pictures,Producciones Anhelo,The Criterion Collection,,,,
4000000,747,English,49.12486,09-04-2004,30039392,01:39,Released,Shaun of the Dead,7.5,2420,Horror,Comedy,,,,Universal Pictures,Big Talk Productions,StudioCanal,Film4,,,
0,14745,English,8.309894,31-10-2008,0,01:22,Released,The Haunting of Molly Hartley,4.3,48,Drama,Horror,,,,Freestyle Releasing,Liddell Entertainment,,,,,
5000000,26748,English,5.960149,21-06-1996,13269963,02:15,Released,Lone Star,6.9,77,Drama,Mystery,Romance,,,Castle Rock Entertainment,Columbia Pictures Corporation,Rio Dulce,,,,
5000000,11357,English,9.302349,21-10-1988,17768757,01:28,Released,Halloween 4: The Return of Michael Myers,5.9,209,Horror,Thriller,,,,Dimension Films,,,,,,
5000000,24913,English,8.190888,27-03-1986,0,01:29,Released,April Fool's Day,5.8,73,Horror,Mystery,,,,Paramount Pictures,Hometown Films,YCTM,,,,
0,13776,English,5.87193,02-04-1982,0,01:50,Released,Diner,6.9,83,Comedy,Drama,,,,Metro-Goldwyn-Mayer (MGM),,,,,,
5000000,14854,English,8.452666,14-04-1983,12232628,01:47,Released,Lone Wolf McQuade,5.5,67,Action,Crime,Drama,Romance,Thriller,1818,Lone Wolf McQuade Associates,Topkick Productions,,,,
5000000,50357,English,17.028252,20-07-2011,25562924,01:26,Released,Apollo 18,5,356,Horror,Thriller,Science Fiction,,,Bazelevs Production,Dimension Films,Bekmambetov Projects Ltd.,,,,
5000000,13090,English,19.336367,18-01-2008,16174377,01:42,Released,Sunshine Cleaning,6.5,255,Comedy,Drama,,,,Back Lot Pictures,Overture Films,Big Beach Films,,,,
5000000,192141,English,38.006982,26-08-2015,54418872,01:43,Released,No Escape,6.7,777,Action,Thriller,,,,Bold Films,Living Films,Brothers Dowdle Productions,,,,
0,16441,English,6.377523,20-08-1982,14056528,01:58,Released,The Beastmaster,6,97,Action,Fantasy,,,,Antares Produzione Cinematografica,Metro-Goldwyn-Mayer (MGM),,,,,
5000000,29996,English,0.835617,25-12-1959,12200000,02:19,Released,Solomon and Sheba,5.4,8,Drama,History,Romance,War,,Edward Small Productions,,,,,,
20000000,351819,English,14.947588,28-01-2016,21164799,01:32,Released,Fifty Shades of Black,4.3,331,Romance,Comedy,,,,Open Road Films (II),,,,,,
0,14834,English,5.1299,09-01-2009,0,01:39,Released,Not Easily Broken,6.3,9,Drama,Romance,,,,[],,,,,,
4,22649,English,1.199451,08-12-1932,25,01:29,Released,A Farewell to Arms,6.2,28,Drama,Romance,War,,,Paramount Pictures,,,,,,
0,378200,English,3.810827,11-03-2016,0,01:36,Released,The Perfect Match,5.2,42,Comedy,Romance,,,,Lionsgate,Jorva Entertainment Productions,,,,,
5500000,20455,English,3.7387,17-03-2000,0,01:22,Released,Digimon: The Movie,6.2,72,Fantasy,Animation,Science Fiction,Family,,Saban Entertainment,Toei,,,,,
0,13193,English,9.85123,21-01-2004,0,01:32,Released,Saved!,6.3,147,Comedy,Drama,,,,[],,,,,,
8000000,11042,French,3.03091,21-05-2003,3432342,01:39,Released,The Barbarian Invasions,6.7,77,Comedy,Crime,Drama,,,Pyramide Productions,Cin\u00e9maginaire Inc.,T\u00e9l\u00e9film Canada,The Harold Greenberg Fund,,,
0,10786,English,3.199904,11-03-1976,0,01:46,Released,Robin and Marian,6.6,50,Action,Adventure,Drama,Romance,,Columbia Pictures Corporation,Rastar Pictures,,,,,
5000000,12484,English,2.739307,27-04-2001,0,01:30,Released,The Forsaken,4.9,47,Action,Adventure,Horror,Thriller,,Screen Gems,Sony Pictures Entertainment,Egmont Film,Columbia TriStar Home Entertainment,,,
5000000,17339,English,5.348446,01-11-1978,7230000,01:58,Released,Force 10 from Navarone,6.4,91,Action,Adventure,War,Thriller,,Columbia Pictures Corporation,,,,,,
5000000,11959,English,4.070044,21-07-1989,0,01:37,Released,UHF,6.7,89,Comedy,,,,,Orion Pictures,Cinecorp,,,,,
0,9900,English,9.974681,06-01-2006,6538177,01:34,Released,Grandma's Boy,6.6,220,Comedy,,,,,Twentieth Century Fox Film Corporation,Happy Madison Productions,,,,,
5000000,14662,English,6.308298,14-08-1998,0,01:31,Released,Slums of Beverly Hills,6.5,44,Comedy,Drama,,,,Fox Searchlight Pictures,,,,,,
5000000,335,Italian,49.333137,21-12-1968,5321508,02:55,Released,Once Upon a Time in the West,8.1,1128,Western,,,,,Paramount Pictures,Rafran Cinematografica,Finanzia San Marco,,,,
5000000,15745,English,4.149628,13-07-2001,5476060,01:34,Released,Made,6.3,55,Action,Comedy,Thriller,,,Artisan Entertainment,,,,,,
5000000,17431,English,46.114184,12-06-2009,9760104,01:37,Released,Moon,7.6,1794,Science Fiction,Drama,,,,Liberty Films UK,Lunar Industries,Xingu Films,Limelight Fund,,,
0,21014,English,3.562563,12-05-2006,0,01:30,Released,Keeping Up with the Steins,5.2,18,Comedy,,,,,[],,,,,,
5000000,78394,English,4.498368,14-05-2010,4074023,00:41,Released,Sea Rex 3D: Journey to a Prehistoric World,5.9,11,Documentary,,,,,N3D Land Productions,Mantello Brothers Productions,,,,,
5000000,10217,English,7.673124,14-05-1997,3263585,01:52,Released,The Sweet Hereafter,6.8,103,Drama,,,,,Fine Line Features,Alliance Communications,,,,,
4000000,46332,French,4.992475,18-05-2010,41424067,02:00,Released,Of Gods and Men,6.5,91,Drama,History,,,,Why Not Productions,Armada Films,France T\u00e9l\u00e9vision,Cin\u00e9mage 4,,,
5000000,13996,English,6.174435,06-08-2008,4040588,01:50,Released,Bottle Shock,6.6,60,Comedy,Drama,,,,Zininsa Film Production,Intellectual Properties Worldwide,,,,,
0,3028,English,0.805312,10-11-1982,0,01:27,Released,Jekyll and Hyde ... Together Again,4.6,5,Comedy,Horror,Science Fiction,,,[],,,,,,
5000000,1024,English,8.753409,02-09-1994,3049135,01:39,Released,Heavenly Creatures,7,294,Drama,Fantasy,,,,WingNut Films,Miramax Films,New Zealand Film Commission,Fontana Productions,,,
5000000,343795,English,3.943706,11-09-2015,4842699,02:01,Released,90 Minutes in Heaven,5.4,40,Drama,,,,,Emmett/Furla Films,Giving Films,,,,,
5000000,45658,English,9.169411,15-10-2010,2614773,01:37,Released,Everything Must Go,6,208,Comedy,Drama,Romance,,,Birdsong Pictures,IM Global,,,,,
5000000,16148,English,2.732031,30-01-1998,1980338,01:56,Released,Zero Effect,6,55,Comedy,Crime,Mystery,Thriller,,Castle Rock Entertainment,Columbia Pictures Corporation,Manifest Film Company,,,,
5000000,4553,English,35.252056,09-02-2004,8203235,01:41,Released,The Machinist,7.3,1247,Thriller,Drama,,,,Filmax Entertainment,Castelao Producciones,Canal+ Espa\u00f1a,Instituto de la Cinematograf\u00eda y de las Artes Audiovisuales (ICAA),,,
5000000,36351,English,6.063868,21-08-1992,0,01:43,Released,Light Sleeper,5.7,15,Drama,Crime,,,,Fine Line Features,Live Entertainment,Seven Arts,Carolco Pictures,,,
5000000,245916,English,21.343093,09-10-2014,2450846,01:52,Released,Kill the Messenger,6.6,355,Thriller,Crime,Drama,Mystery,,The Combine,Bluegrass Films,,,,,
5000000,27585,English,10.095184,16-12-2010,5129058,01:31,Released,Rabbit Hole,6.9,165,Drama,,,,,Olympus Pictures,,,,,,
5000000,1415,English,4.129165,05-09-2003,742898,01:38,Released,Party Monster,5.9,58,Comedy,Drama,Crime,,,ContentFilm,,,,,,
5000000,313922,English,30.001024,15-04-2016,3220371,01:35,Released,Green Room,6.7,683,Horror,Crime,Thriller,,,Film Science,Broad Green Pictures,,,,,
5000000,14474,English,6.759235,30-03-2006,0,01:28,Released,The Oh in Ohio,5.8,27,Comedy,Drama,Romance,,,Cold Iron Pictures,Ambush Entertainment,"AV Club, The",,,,
5000000,199933,English,1.731035,12-09-2014,846704,01:39,Released,Atlas Shrugged Part III: Who is John Galt?,3.9,15,Drama,Science Fiction,Mystery,,,Atlas 3 Productions,,,,,,
7000000,13685,English,11.700578,21-02-1996,560069,01:31,Released,Bottle Rocket,6.8,281,Comedy,Crime,Drama,,,Gracie Films,Columbia Pictures Corporation,,,,,
6000000,8744,English,2.388683,09-09-1996,0,01:37,Released,Albino Alligator,5.6,45,Crime,Drama,Thriller,,,Miramax Films,Albino Alligator Productions,,,,,
0,38428,Hindi,0.080704,03-08-2007,0,02:16,Released,"Gandhi, My Father",6,2,Drama,Foreign,History,,,[],,,,,,
0,8847,English,0.888986,12-02-2008,0,01:57,Released,Standard Operating Procedure,6.6,14,Documentary,,,,,Sony Pictures Classics,,,,,,
0,39269,English,0.679351,01-05-1980,0,01:34,Released,Out of the Blue,6.5,17,Drama,,,,,Robson Street,,,,,,
5000000,46838,English,19.940245,22-01-2010,5476793,01:29,Released,Tucker and Dale vs Evil,7.3,847,Comedy,Horror,,,,Eden Rock Media,,,,,,
0,51384,English,1.286991,01-01-2008,0,01:32,Released,"Lovely, Still",6.2,13,Drama,Romance,,,,[],,,,,,
0,56930,English,0.042442,27-12-1947,0,02:08,Released,Tycoon,6.6,4,Action,Drama,Romance,,,RKO Radio Pictures,,,,,,
0,41730,English,1.116206,06-06-1999,0,01:30,Released,Desert Blue,5.5,9,Comedy,Drama,,,,Ignite Entertainment,HSX Films,,,,,
5000000,18442,English,3.05434,27-02-2004,0,01:35,Released,Decoys,4.7,33,Horror,Science Fiction,Thriller,,,[],,,,,,
5000000,298312,English,38.94708,10-09-2015,98450062,01:34,Released,The Visit,6,1360,Horror,Thriller,,,,Blumhouse Productions,Blinding Edge Pictures,,,,,
5000000,11600,English,3.792015,01-01-2007,782102,01:30,Released,Redacted,6.2,37,Drama,War,,,,HDNet Films,The Film Farm,,,,,
0,71547,German,0.219799,13-10-2004,0,01:35,Released,Fascination,3.8,4,Romance,Thriller,,,,Quality Films Entertainment,,,,,,
5000000,57876,English,7.794,15-05-2015,0,01:31,Released,Area 51,4.2,151,Horror,Thriller,Science Fiction,,,Insurge Pictures,,,,,,
5000000,77495,Spanish,9.136965,14-10-2011,0,01:47,Released,Sleep Tight,7,202,Thriller,,,,,Filmax Entertainment,Castelao Producciones,Cubica,,,,
0,13849,English,8.39685,07-02-2008,0,01:32,Released,The Cottage,6.3,80,Horror,Comedy,Crime,Thriller,,Isle of Man Film,UK Film Council,Screen Yorkshire,Steel Mill Pictures,,,
0,14849,English,7.864905,17-02-2009,0,01:27,Released,Dead Like Me: Life After Death,5.8,65,Drama,Fantasy,Comedy,,,Metro-Goldwyn-Mayer (MGM),,,,,,
0,12486,English,1.963219,01-12-2006,0,01:20,Released,Farce of the Penguins,3.2,13,Comedy,Documentary,,,,FOTP Productions,,,,,,
0,19615,English,1.546169,01-01-2009,0,01:35,Released,Flying By,7,2,Drama,,,,,[],,,,,,
5000000,244403,English,10.619574,17-10-2014,0,01:45,Released,Rudderless,7.4,105,Music,Drama,Comedy,,,Unified Pictures,Amberdale Productions,Tee Rob Pictures,,,,
5000000,292481,English,0.999655,18-08-2014,0,01:07,Released,Henry & Me,3,3,Family,Animation,,,,Henry & Me Productions,,,,,,
0,340816,English,1.985243,04-12-2015,0,01:35,Released,Christmas Eve,6.1,24,Romance,Comedy,,,,Unstuck,,,,,,
0,78814,English,0.102003,12-11-2011,0,01:29,Released,We Have Your Husband,5,3,TV Movie,Crime,Drama,Thriller,,Johnson Production Group,Silver Screen Pictures,,,,,
15000000,297596,English,10.48009,04-12-2014,0,01:34,Released,Dying of the Light,4.5,118,Thriller,Drama,,,,TinRes Entertainment,Over Under Media,,,,,
0,299552,English,1.136568,05-12-2013,0,01:49,Released,Born Of War,4.1,7,Action,Thriller,War,,,Jewson Film,Born of War,,,,,
5000000,11935,English,11.095219,10-12-1977,0,02:03,Released,Capricorn One,6.4,131,Drama,Action,Thriller,Science Fiction,,Associated General Films,Incorporated Television Company (ITC),,,,,
0,113406,English,0.40703,28-04-2012,0,00:00,Released,Should've Been Romeo,0,0,Comedy,Drama,,,,Phillybrook Films,,,,,,
0,447027,English,0.028756,27-10-2015,0,01:28,Released,Running Forever,0,0,Family,,,,,New Kingdom Pictures,,,,,,
5000000,290825,English,8.618793,08-07-2016,0,01:28,Released,Yoga Hosers,4.7,102,Comedy,Fantasy,Horror,Thriller,,Invincible Pictures Corp.,Abbolita Productions,Destro Films,,,,
0,361159,English,2.394613,08-10-2015,0,01:37,Released,Navy Seals vs. Zombies,3.5,36,Horror,Action,,,,Hollywood Media Bridge,Throne Productions,,,,,
0,12555,Czech,2.387463,19-12-2006,0,02:00,Released,I Served the King of England,7,22,Comedy,Drama,,,,[],,,,,,
5000000,31175,German,5.461487,09-09-2009,17872796,01:39,Released,Soul Kitchen,7.1,116,Drama,Comedy,,,,Coraz\u00f3n International,Biograf Jan Sv\u011br\u00e1k,,,,,
1000000,12498,English,14.805264,30-08-1996,24475416,02:15,Released,Sling Blade,7.4,231,Drama,,,,,Miramax Films,,,,,,
4798235,77949,English,25.30216,17-08-2011,209696,01:47,Released,The Awakening,6.3,458,Horror,Thriller,,,,BBC Films,Studio Canal,Creative Scotland,Origin Pictures,,,
4800000,1690,English,38.83192,06-01-2005,80578934,01:34,Released,Hostel,5.7,887,Horror,,,,,International Production Company,Raw Nerve,Lionsgate,Next Entertainment,,,
0,8435,English,3.500741,17-07-2005,0,01:34,Released,A Cock and Bull Story,6.2,43,Comedy,Drama,,,,Revolution Films,BBC Films,Baby Cow Productions,EM Media,,,
5000000,64720,English,19.807295,25-11-2011,3099314,02:00,Released,Take Shelter,7.1,471,Thriller,Drama,,,,Hydraulx,REI Capital,Grove Hill Productions,Strange Matter Films,,,
0,49365,English,1.435742,22-04-1988,0,01:52,Released,Lady in White,6.3,25,Horror,Thriller,,,,New Sky Communications Inc.,,,,,,
0,11404,English,7.667888,30-04-2006,0,01:38,Released,Driving Lessons,6.3,47,Drama,Comedy,,,,[],,,,,,
5000000,300706,English,8.496364,23-12-2014,0,01:21,Released,Let's Kill Ward's Wife,5.5,76,Comedy,,,,,Lost Rhino Films,,,,,,
4700000,16337,English,9.617777,22-08-1986,8025872,01:41,Released,The Texas Chainsaw Massacre 2,5.9,139,Horror,,,,,Cannon Films,,,,,,
4638783,11577,English,4.495256,23-05-1973,11000000,01:46,Released,Pat Garrett & Billy the Kid,7.2,65,Western,,,,,Metro-Goldwyn-Mayer (MGM),,,,,,
4800000,77987,English,35.754865,30-05-2013,10337387,01:30,Released,Only God Forgives,5.6,862,Drama,Thriller,Crime,,,Gaumont,Wild Bunch,Bold Films,Film i V\u00e4st,,,
0,40185,French,0.20323,13-10-2005,0,01:20,Released,Camping Sauvage,4.8,4,Drama,Romance,,,,[],,,,,,
4,68202,English,0.28076,29-06-2011,0,01:23,Released,Without Men,4.6,8,Comedy,Romance,,,,[],,,,,,
0,8981,English,3.11319,18-05-2004,0,01:45,Released,Dear Frankie,7,46,Drama,Family,,,,Scottish Screen,Path\u00e9 Pictures International,UK Film Council,Inside Track Productions,,,
0,10914,English,0.137535,11-09-2007,0,01:29,Released,All Hat,1,1,Action,Comedy,Drama,Western,,New Real Films,,,,,,
4600000,50848,French,6.368933,24-11-2010,0,01:40,Released,The Names of Love,7.3,93,Drama,Comedy,Romance,,,Canal+,TPS Star,Delante Films,TF1 Droits Audiovisuels,,,
4700000,166624,English,0.217538,13-09-2013,0,01:32,Released,Treading Water,5.6,6,Drama,Comedy,,,,Rhombus Media,Mecanismo Films,Redrum,,,,
4600000,10822,English,3.531877,18-05-2007,0,01:37,Released,Savage Grace,5.7,60,Drama,,,,,Celluloid Dreams,Killer Films,John Wells Productions,Montfort Producciones,,,
0,10844,English,0.706355,12-10-2006,0,01:43,Released,Out of the Blue,5.9,18,Drama,,,,,[],,,,,,
4500000,9336,English,15.002502,22-03-1984,146198896,01:36,Released,Police Academy,6.5,602,Comedy,Crime,,,,Warner Bros.,The Ladd Company,,,,,
4500000,5689,English,22.585384,05-07-1980,58853106,01:44,Released,The Blue Lagoon,5.8,408,Romance,Adventure,Drama,,,Columbia Pictures Corporation,,,,,,
6000000,712,English,29.834065,09-03-1994,254700832,01:57,Released,Four Weddings and a Funeral,6.6,632,Comedy,Drama,Romance,,,Channel Four Films,PolyGram Filmed Entertainment,Working Title Films,,,,
4500000,13342,English,20.403344,13-08-1982,27092880,01:30,Released,Fast Times at Ridgemont High,7,322,Comedy,,,,,Universal Pictures,Refugee Films,,,,,
4500000,10339,English,5.224593,27-06-1956,10400000,01:56,Released,Moby Dick,6.9,89,Adventure,Drama,,,,Warner Bros.,Moulin Productions Inc.,,,,,
15000000,1429,English,30.196039,16-12-2002,13060843,02:15,Released,25th Hour,7.2,629,Crime,Drama,,,,40 Acres & A Mule Filmworks,Touchstone Pictures,,,,,
4500000,9303,English,15.359952,13-09-1996,7011317,01:48,Released,Bound,6.9,198,Crime,Drama,Romance,Thriller,,Dino De Laurentiis Company,Spelling Films,,,,,
4500000,641,English,11.573034,27-10-2000,7390108,01:42,Released,Requiem for a Dream,7.9,2443,Crime,Drama,,,,Artisan Entertainment,,,,,,
0,27686,English,1.847822,29-08-1945,0,01:36,Released,State Fair,6.2,19,Music,Romance,,,,Twentieth Century Fox Film Corporation,,,,,,
0,65749,Spanish,0.425551,12-02-1998,0,01:55,Released,Tango,6.8,6,Drama,Foreign,Romance,,,Adela Pictures,,,,,,
4500000,6106,English,3.819796,23-04-1986,0,02:03,Released,Salvador,7,71,Drama,,,,,Hemdale Film,,,,,,
5000000,252680,English,10.274542,25-03-2014,10429707,01:38,Released,Moms' Night Out,5.5,121,Comedy,,,,,TriStar Pictures,Provident Films,Pure Flix Entertainment,Affirm Films,,,
6000000,141,English,61.210016,18-01-2001,1270522,01:53,Released,Donnie Darko,7.7,3452,Fantasy,Drama,Mystery,,,Pandora Cinema,Flower Films,Adam Fields Productions,,,,
0,66607,English,0.177356,18-03-2011,0,01:45,Released,Saving Private Perez,6.1,18,Action,Comedy,Foreign,,,[],,,,,,
4500000,17139,Dutch,0.011697,17-04-1997,0,02:02,Released,Character,7.7,25,Drama,Foreign,History,,,First Floor Features,Almerica Films,,,,,
2000000,12079,English,6.249262,01-06-2002,0,01:41,Released,Spun,6.6,132,Comedy,Crime,Drama,,,Muse Productions,Brink Films,Silver Nitrate,,,,
4500000,39800,English,3.108881,10-10-2009,744816,01:37,Released,Life During Wartime,6.3,30,Comedy,Drama,,,,Werc Werk Works,,,,,,
0,4550,Korean,17.074843,29-07-2005,23803308,01:55,Released,Sympathy for Lady Vengeance,7.4,356,Drama,Thriller,,,,CJ Capital Investment,Korea Capital Investment,Moho Films,TSJ Entertainment,,,
0,62116,French,0.774442,09-06-2010,0,02:00,Released,Mozart's Sister,6.2,13,Drama,,,,,Les Films Alyne,,,,,,
0,9991,English,8.816995,26-12-2001,0,01:39,Released,Mean Machine,6,157,Comedy,Drama,,,,SKA Films,,,,,,
4500000,13807,Chinese,8.48639,06-09-2006,0,01:50,Released,Exiled,7,46,Action,Crime,Thriller,,,Media Asia Films,Milky Way Image Company,,,,,
0,68818,English,5.223096,31-08-2011,623528,01:38,Released,Blackthorn,6.6,73,Adventure,Action,Western,,,Quickfire Films,Televisi\u00f3n Espa\u00f1ola (TVE),Arcadia Motion Pictures,Noodles Production,,,
0,12093,Swedish,7.759215,23-08-2002,0,01:49,Released,Lilya 4-ever,7.7,139,Crime,Drama,,,,Det Danske Filminstitut,Memfis Film,Film i V\u00e4st,,,,
4500000,36419,English,14.570359,09-04-2010,3606395,01:44,Released,After.Life,5.4,251,Drama,Horror,Mystery,Thriller,,Plum Pictures,Harbor Light Entertainment,Lleju Productions,,,,
0,281730,English,0.371337,13-06-2014,0,02:14,Released,Fugly,5.3,2,Comedy,Drama,Thriller,,,[],,,,,,
3000000,510,English,127.525581,18-11-1975,108981275,02:13,Released,One Flew Over the Cuckoo's Nest,8.2,2919,Drama,,,,,United Artists,Fantasy Films,Warner Bros.,,,,
4400000,362105,English,3.898737,29-09-2015,0,01:25,Released,R.L. Stine's Monsterville: The Cabinet of Souls,6.9,35,Comedy,Horror,,,,EveryWhere Studios,,,,,,
0,10970,English,7.315935,17-06-1976,0,01:26,Released,Silent Movie,6.7,78,Comedy,,,,,Crossbow Productions,,,,,,
4500000,375290,Hindi,2.551559,22-01-2016,32000000,02:06,Released,Airlift,7.3,57,Thriller,Action,Drama,History,,T-Series,Hari Om Entertainment Co.,Cape Of Good Films,,,,
0,17663,English,8.772574,01-12-1985,0,03:19,Released,Anne of Green Gables,8.2,68,Drama,Family,,,,Sullivan Entertainment,,,,,,
0,270938,English,6.988357,05-09-2014,0,01:43,Released,Falcon Rising,5.5,71,Adventure,Action,,,,Strohberry Films,,,,,,
3730500,116613,English,6.938854,11-09-2012,6294161,01:52,Released,The Sweeney,5.7,109,Action,Drama,Crime,,,Vertigo Films,Exponential Films,Embargo Films,,,,
5000000,11826,English,11.21273,13-09-2000,0,01:29,Released,Sexy Beast,7,217,Crime,Drama,Thriller,,,Fox Searchlight Pictures,Kanzaman,Filmfour,Recorded Picture Company (RPC),,,
0,29920,Swedish,7.217328,15-01-2010,0,02:04,Released,Easy Money,6.5,63,Drama,Thriller,Crime,,,Tre V\u00e4nner Produktion AB,Swedish Film Institute,Film i V\u00e4st,,,,
8000000,1088,English,12.439495,30-01-2003,41400000,01:41,Released,Whale Rider,7.1,111,Drama,Family,,,,South Pacific Pictures,,,,,,
3250000,26379,English,2.126139,04-12-2009,0,02:13,Released,Paa,6.6,19,Drama,Family,Foreign,,,A B Corp,,,,,,
0,34069,German,10.142218,24-09-2009,0,02:00,Released,Cargo,5.9,140,Thriller,Mystery,Science Fiction,,,Telepool,Atlantis Pictures,Schweizerische Radio- und Fernsehgesellschaft (SRG),Ascot Elite Entertainment Group,,,
4200000,10947,English,16.536374,20-01-2006,0,01:38,Released,High School Musical,6.1,1000,Comedy,Drama,Family,Music,TV Movie,Disney Channel,,,,,,
0,47452,English,0.933891,01-01-1997,0,01:33,Released,Love and Death on Long Island,6.9,11,Drama,Romance,Foreign,,,Arts Council of England,British Broadcasting Corporation (BBC),British Screen Productions,,,,
4200000,3040,Russian,12.540624,27-06-2004,32000000,01:54,Released,Night Watch,6.3,210,Fantasy,Action,Thriller,,,Bazelevs Production,Channel One Russia,TABBAK,The First Channel,,,
3705538,11386,English,8.839651,02-09-1992,62548947,01:52,Released,The Crying Game,6.9,176,Romance,Crime,Drama,Thriller,,Miramax Films,Channel Four Films,Palace Pictures,Nippon Film Development and Finance Inc.,,,
4000000,10246,English,12.891276,13-11-1981,125728258,01:34,Released,Porky's,6.1,183,Comedy,,,,,Melvin Simon Productions,Astral Bellevue Path\u00e9,,,,,
4000000,29426,English,10.789912,06-05-2010,0,01:30,Released,Survival of the Dead,4.6,116,Horror,Science Fiction,,,,Devonshire Productions,Artfire Films,New Romero,Sudden Storm Productions,,,
114000,10331,English,25.666029,01-10-1968,30000000,01:36,Released,Night of the Living Dead,7.5,580,Horror,,,,,Laurel Group,Off Color Films,Image Ten,Market Square Productions,,,
4000000,153,English,45.66662,31-08-2003,119723856,01:42,Released,Lost in Translation,7.3,1895,Drama,,,,,American Zoetrope,,,,,,
4000000,703,English,35.892034,19-04-1977,38251425,01:33,Released,Annie Hall,7.8,1010,Comedy,Drama,Romance,,,United Artists,,,,,,
4000000,27191,English,8.988455,10-01-1952,36000000,02:32,Released,The Greatest Show on Earth,6.6,50,Action,Drama,Romance,,,Paramount Pictures,,,,,,
4000000,1365,English,14.042041,11-11-2001,44909486,01:51,Released,Monster's Ball,6.5,250,Drama,Romance,,,,Lions Gate Films,Lee Daniels Entertainment,,,,,
4000000,287424,English,40.016306,08-05-2015,187112,01:35,Released,Maggie,5.2,593,Horror,,,,,Lionsgate,Grindstone Entertainment Group,Silver Reel,Sly Predator,,,
3600000,451,English,22.030517,27-10-1995,49800000,01:52,Released,Leaving Las Vegas,7.1,360,Drama,Romance,,,,United Artists,Intial Productions,,,,,
4500000,165864,English,2.503612,19-02-2013,0,01:26,Released,Hansel and Gretel Get Baked,4.8,67,Horror,Comedy,,,,Tribeca Productions,,,,,,
4000000,987,English,4.117968,01-12-1974,0,01:45,Released,The Front Page,6.9,68,Romance,Drama,Comedy,,,Universal Studios,,,,,,
4000000,241251,English,24.161735,23-01-2015,52425855,01:31,Released,The Boy Next Door,4.1,1022,Thriller,,,,,Universal Pictures,Nuyorican Productions,Blumhouse Productions,Smart Entertainment,,,
4000000,40494,English,1.379354,30-05-1956,14400000,01:45,Released,Trapeze,6.4,22,Drama,,,,,Joanna Productions,,,,,,
3500000,39781,English,15.338211,09-07-2010,34705850,01:46,Released,The Kids Are All Right,6.5,506,Comedy,Drama,,,,Mandalay Vision,10th Hole Productions,Focus Features,Gilbert Films,,,
4000000,8337,English,29.852608,23-11-1988,13008928,01:34,Released,They Live,7.1,550,Action,Horror,Science Fiction,Thriller,,Universal Pictures,Alive Films,Larry Franco Productions,,,,
4000000,5925,English,35.061467,20-06-1963,11744471,02:52,Released,The Great Escape,7.8,717,Adventure,Drama,History,Thriller,War,United Artists,The Mirisch Corporation,,,,,
0,8357,English,7.288352,23-04-2004,10000000,01:49,Released,What the #$*! Do We (K)now!?,5.8,34,Documentary,,,,,Lord of the Wind,,,,,,
5000000,146203,English,10.605752,28-02-2013,15179302,01:28,Released,The Last Exorcism Part II,4.4,203,Horror,Thriller,,,,StudioCanal,CBS Films,,,,,
4000000,85350,English,43.40352,05-06-2014,44349000,02:44,Released,Boyhood,7.5,1971,Drama,,,,,IFC Films,Detour Filmproduction,,,,,
4000000,512,English,17.229537,27-07-2006,31584901,01:36,Released,Scoop,6.4,420,Comedy,Mystery,,,,BBC Films,Ingenious Film Partners,Ingenious Media,Perdido Prod.,,,
7000000,13408,English,2.453459,16-11-2001,10229331,01:33,Released,The Wash,5.3,26,Action,Comedy,,,,Lionsgate,,,,,,
6000000,47816,English,1.433692,01-03-2000,9000000,01:22,Released,3 Strikes,5.9,15,Action,Comedy,Romance,,,[],,,,,,
32000000,10744,English,9.976428,17-01-2003,0,01:41,Released,The Cooler,6.7,89,Drama,Romance,,,,ContentFilm,Pierce/Williams Entertainment,,,,,
4000000,11536,English,2.930058,01-01-1961,8200000,02:04,Released,The Misfits,6.8,72,Drama,Action,Romance,,,United Artists,Seven Arts Productions,,,,,
0,9782,English,7.173059,12-02-2006,0,01:31,Released,The Night Listener,5.5,57,Drama,Thriller,,,,Miramax Films,IFC Films,Fortissimo Films,,,,
0,18713,English,1.735462,03-02-1995,0,01:22,Released,The Jerky Boys,4.8,10,Comedy,Crime,,,,Caravan Pictures,Touchstone Pictures,,,,,
0,6537,Spanish,29.071955,27-08-2007,44000000,01:45,Released,The Orphanage,7.1,633,Horror,Drama,Thriller,,,Wild Bunch,Telecinco,Telecinco Cinema,Televisi\u00f3 de Catalunya TV3,,,
0,184345,English,18.428909,17-04-2014,0,01:27,Released,A Haunted House 2,5.4,346,Comedy,Horror,,,,Automatik Entertainment,Open Road Films,,,,,
4000000,1809,English,11.387335,11-10-2002,0,01:50,Released,The Rules of Attraction,6.3,168,Comedy,Drama,Romance,,,Kingsgate Films,,,,,,
4000000,2370,English,5.975604,18-12-1969,6000000,02:23,Released,Topaz,6.1,77,Action,Drama,Mystery,Thriller,,Universal Pictures,,,,,,
4000000,9809,English,4.59841,17-11-2006,4630045,01:24,Released,Let's Go to Prison,5.5,69,Comedy,Crime,,,,Universal Pictures,,,,,,
4000000,5,English,22.87623,09-12-1995,4300000,01:38,Released,Four Rooms,6.5,530,Crime,Comedy,,,,Miramax Films,A Band Apart,,,,,
4000000,11013,English,19.107285,11-01-2002,9304609,01:44,Released,Secretary,6.7,376,Comedy,Drama,Romance,,,Slough Pond,double A Films,,,,,
0,19153,English,0.456485,23-04-2003,0,01:36,Released,The Real Cancun,3.3,8,Documentary,,,,,[],,,,,,
4000000,10132,English,4.541908,21-12-1988,3468572,01:50,Released,Talk Radio,6.7,46,Drama,,,,,Cineplex-Odeon Films,Ten-Four Productions,,,,,
0,16448,English,4.348416,31-01-1996,0,01:24,Released,Waiting for Guffman,7.3,63,Music,Comedy,,,,Sony Pictures Classics,Castle Rock Entertainment,Pale Morning Dun,All Night Productions,,,
0,15122,English,3.347885,10-09-1999,0,01:34,Released,Love Stinks,5.4,11,Comedy,Romance,,,,[],,,,,,
4000000,8141,English,6.091951,09-02-2007,2426851,01:30,Released,You Kill Me,6.2,80,Comedy,Crime,Thriller,Romance,,Echo Lake Productions,Bi-polar Pictures,Code Entertainment,Independent Film Group,,,
0,1546,English,4.757625,23-01-2005,1919197,01:36,Released,Thumbsucker,6.1,67,Comedy,Drama,,,,Sony Pictures Classics,Bob Yari Productions,,,,,
4000000,48572,English,12.062371,19-08-2011,1104682,01:28,Released,Red State,5.9,316,Horror,Action,Thriller,,,The Harvey Boys,NVSH Productions,Phase 4 Films,,,,
4000000,14517,English,7.758188,25-01-2005,866999,01:41,Released,Mirrormask,6.6,102,Fantasy,,,,,Destination Films,"Jim Henson Company, The",,,,,
4000000,89708,English,12.781973,16-09-2011,0,01:42,Released,Samsara,8,167,Drama,Documentary,,,,Magidson Films,,,,,,
0,27551,English,1.631993,01-03-1987,0,01:27,Released,The Barbarians,5.1,8,Fantasy,Adventure,,,,Cannon Films,,,,,,
0,64678,English,12.690224,17-06-2011,1406224,01:23,Released,The Art of Getting By,6.5,415,Drama,Romance,,,,Goldcrest Films International,Atlantic Pictures,Gigi Productions,,,,
0,309503,English,8.516229,28-08-2015,0,01:43,Released,Zipper,5.5,58,Thriller,Drama,,,,Protozoa Pictures,Cargo Entertainment,33 Pictures,,,,
0,14293,English,5.90259,07-06-2002,0,01:39,Released,Poolhall Junkies,6.5,25,Comedy,Drama,Thriller,,,Gold Circle Films,,,,,,
4000000,15059,English,2.866934,29-04-1999,0,01:46,Released,The Loss of Sexual Innocence,5.2,9,Drama,,,,,Summit Entertainment,Newmarket Capital Group,Red Mullet Productions,,,,
0,103328,English,9.140936,02-07-2012,641100,01:55,Released,Holy Motors,6.9,228,Drama,Fantasy,,,,Pandora Filmproduktion,Canal+,,,,,
4000000,157847,English,22.987897,11-04-2014,2365467,01:58,Released,Joe,6.5,338,Drama,,,,,Worldview Entertainment,Muskat Filmed Properties,Dreambridge Films,Rough House Pictures,,,
3000000,25719,English,1.204941,22-08-1997,302204,01:49,Released,Shooting Fish,7,23,Crime,Comedy,Romance,,,Arts Council of England,National Lottery,Gruber Bros.,Tomboy Films,,,
1300000,48309,English,7.605291,04-03-1988,354704,01:42,Released,Prison,6.7,27,Crime,Drama,Horror,Thriller,,Empire Pictures,,,,,,
1500000,27723,English,2.855963,06-08-2000,0,01:35,Released,Psycho Beach Party,6,26,Comedy,,,,,New Oz Productions,Red Horse Films,,,,,
0,20468,English,0.502396,01-01-1999,0,01:27,Released,The Big Tease,5.8,6,Comedy,Foreign,,,,[],,,,,,
4000000,242575,English,1.771584,18-10-2013,0,01:59,Released,"Guten Tag, Ramón",8.1,18,Drama,,,,,Eficine 226,Beanca Films,Fondo de Inversi\u00f3n y Est\u00edmulos al Cine (FIDECINE),MPN Cologne Film 3,,,
9500000,44945,English,21.230737,10-09-2010,120000,01:44,Released,Trust,6.6,307,Crime,Drama,Thriller,,,Nu Image Films,Millennium Films,Dark Harbor Stories,,,,
0,29122,English,0.068246,22-12-2000,0,01:43,Released,An Everlasting Piece,6,1,Comedy,Crime,,,,Columbia Pictures,DreamWorks SKG,Baltimore Spring Creek Productions,Bayahibe Films Ltd.,,,
0,125123,English,0.541652,24-06-1998,0,01:33,Released,Among Giants,4.5,2,Comedy,Romance,,,,Arts Council of England,British Broadcasting Corporation (BBC),British Screen Productions,,,,
16000000,111190,English,18.790221,03-04-2013,318982,01:40,Released,Adore,6.1,291,Drama,,,,,Gaumont,Cin\u00e9@,Canal+,Screen Australia,,,
4000000,133575,English,0.409089,16-07-1999,0,01:40,Released,The Velocity of Gary,4.2,5,Drama,Romance,,,,Ventanarosa Productions,Cineville,Columbia TriStar Home Video,Dan Lupovitz Productions,,,
4000000,54580,Spanish,3.663108,27-09-2002,146402,01:53,Released,Mondays in the Sun,7.1,36,Drama,,,,,V\u00eda Digital,Eurimages,Continental Producciones,Instituto de la Cinematograf\u00eda y de las Artes Audiovisuales (ICAA),,,
650000,52015,English,12.496261,30-09-2010,33245,01:38,Released,Stake Land,6.2,285,Drama,Horror,Action,Thriller,Science Fiction,Glass Eye Pix,Belladonna Productions,Off Hollywood Pictures,,,,
0,34941,English,0.596889,20-06-1997,0,01:32,Released,The Last Time I Committed Suicide,6.7,7,Drama,,,,,Tapestry Films,The Kushner-Locke Company,Bates Entertainment,,,,
0,227975,Portuguese,2.611364,01-05-2014,0,01:46,Released,Futuro Beach,6.4,31,Drama,,,,,Cora\u00e7\u00e3o da Selva,Hank Levine Film,Detailfilm,Watchmen Productions,,,
4000000,60422,English,3.238466,18-11-2011,355688,01:59,Released,Another Happy Day,6.2,37,Comedy,Drama,,,,Filmula,,,,,,
4000000,81390,English,8.30723,09-04-2011,25345000,01:39,Released,A Lonely Place to Die,6.2,157,Adventure,Action,Thriller,Crime,,Carnaby International,Molinare Studios,Eigerwand Pictures,,,,
0,10981,English,3.408955,09-09-2003,0,01:30,Released,Nothing,5.8,38,Comedy,Fantasy,Science Fiction,,,[],,,,,,
0,225235,Russian,1.876621,26-07-2013,4037782,02:00,Released,The Geographer Drank His Globe Away,7.3,23,Drama,,,,,Marmot-film,,,,,,
0,14902,English,1.807571,09-11-1972,0,02:22,Released,1776,7.1,20,Drama,Comedy,History,Music,,Columbia Pictures Corporation,,,,,,
0,121676,English,6.783053,14-09-2012,0,01:33,Released,Inescapable,5.2,13,Thriller,Romance,,,,IFC Films,Myriad Pictures,Alliance Films,,,,
3950000,22301,English,8.484123,15-11-1930,8000000,02:07,Released,Hell's Angels,6.1,19,Action,Drama,History,,,The Caddo Company,,,,,,
4000000,20065,English,0.936232,30-04-2007,0,01:43,Released,Purple Violets,5.7,9,Comedy,Drama,Romance,,,[],,,,,,
4000000,257087,English,12.822534,21-04-2016,0,01:33,Released,The Veil,4.5,118,Horror,,,,,Blumhouse Productions,,,,,,
0,46420,English,4.989985,13-09-2009,0,01:24,Released,The Loved Ones,6.6,207,Horror,,,,,Omnilab Media,Ambience Entertainment,Screen Australia,Film Victoria,,,
4000000,114635,English,1.390659,27-10-2012,0,01:18,Released,The Helpers,4.1,8,Horror,,,,,Brian Barrett Pictures,,,,,,
4000000,158150,English,1.923514,21-07-2012,0,00:00,Released,How to Fall in Love,5.2,20,Comedy,Romance,TV Movie,,,Annuit Coeptis Entertainment Inc.,Annuit Coeptis Entertainment II,,,,,
0,251979,English,4.118612,28-02-2014,0,01:53,Released,The Perfect Wave,4.4,21,Romance,Adventure,Drama,,,"Divine Inspiration, The Fabulous Boomtown Boys",,,,,,
3900000,874,English,9.541688,12-12-1966,28350000,02:00,Released,A Man for All Seasons,7.5,89,Drama,History,,,,Columbia Pictures Corporation,Highland Films,,,,,
3800000,10774,English,17.234745,01-11-1976,23689877,02:01,Released,Network,7.7,381,Drama,,,,,United Artists,Metro-Goldwyn-Mayer (MGM),,,,,
4000000,770,English,48.98255,15-12-1939,400176459,03:58,Released,Gone with the Wind,7.7,970,Drama,Romance,War,,,Selznick International Pictures,Metro-Goldwyn-Mayer (MGM),,,,,
0,266102,English,1.972668,03-07-2014,0,01:38,Released,Desert Dancer,6.5,18,Drama,,,,,Head Gear Films,Lipsync Productions,May 13 Films,CrossDay Productions Ltd.,,,
3800000,29715,English,3.490215,07-04-1965,14873,02:03,Released,Major Dundee,6.2,38,War,Western,,,,Columbia Pictures Corporation,Jerry Bresler Productions,,,,,
3768785,25209,English,1.726175,17-05-1950,8000000,01:47,Released,Annie Get Your Gun,7.3,22,Action,Comedy,Music,Romance,Western,Metro-Goldwyn-Mayer (MGM),,,,,,
967686,37495,English,20.544999,07-05-2010,4270000,01:41,Released,Four Lions,7,423,Comedy,Crime,Drama,,,Film4,Drafthouse Films,Warp Films,Wild Bunch Distribution,,,
0,29262,Portuguese,0.389471,13-05-2005,0,01:55,Released,The House of Sand,6.7,9,Drama,,,,,[],,,,,,
3500000,34769,English,8.45342,12-09-2009,44462,01:41,Released,Defendor,6.5,195,Drama,Action,Comedy,Crime,,Alliance Films,Darius Films,Insight Film Releasing,,,,
3700000,35032,English,0.90522,11-06-1948,2956000,01:42,Released,The Pirate,6.6,17,Music,Romance,,,,Metro-Goldwyn-Mayer (MGM),,,,,,
3800000,5178,English,2.201678,11-09-2009,0,01:35,Released,The Good Heart,6,21,Drama,Comedy,Romance,,,Nimbus Film Productions,,,,,,
4000000,8618,English,3.771652,02-10-2006,13401952,01:49,Released,The History Boys,6.6,66,Comedy,Drama,,,,DNA Films,BBC Films,UK Film Council,,,,
3600000,3116,English,21.119209,25-05-1969,44785053,01:53,Released,Midnight Cowboy,7.4,299,Drama,,,,,United Artists,Florin Productions,Jerome Hellman Productions,,,,
3500000,9427,English,17.002623,13-08-1997,257850122,01:31,Released,The Full Monty,6.8,363,Comedy,,,,,Channel Four Films,Twentieth Century Fox Film Corporation,Redwave Films,,,,
3500000,813,English,46.116885,02-07-1980,83453539,01:28,Released,Airplane!,7.1,1074,Comedy,,,,,Paramount Pictures,,,,,,
5000000,352978,English,1.398981,30-08-2015,0,01:28,Released,Chain of Command,5.3,11,Thriller,Adventure,Action,,,Hollywood Media Bridge,LionsGate,Clear Lake Entertainment,Dog and Pony Media,,,
3500000,10634,English,25.5748,26-04-1995,28215918,01:31,Released,Friday,7,503,Comedy,,,,,New Line Cinema,,,,,,
3500000,9516,English,3.418871,26-05-1993,27900000,01:37,Released,Menace II Society,7.2,173,Drama,Action,Crime,,,New Line Cinema,,,,,,
3500000,16288,English,10.729884,01-05-1987,14000000,01:32,Released,Creepshow 2,5.9,129,Horror,,,,,New World Pictures,Laurel Entertainment Inc.,,,,,
3716946,23330,English,2.676535,13-05-1970,5000000,02:01,Released,The Ballad of Cable Hogue,6.9,47,Action,Comedy,Western,,,Warner Bros.,,,,,,
3500000,18900,English,7.821438,14-12-1967,13007551,02:14,Released,In Cold Blood,7.4,82,Crime,Drama,,,,Columbia Pictures Corporation,Pax Enterprises,,,,,
3500000,27029,English,3.281509,18-06-1959,12800000,02:29,Released,The Nun's Story,7.4,46,Drama,,,,,Warner Bros.,,,,,,
3500000,26268,English,2.938973,23-02-1966,12000000,02:01,Released,Harper,6.2,35,Action,Drama,Thriller,Crime,Mystery,Warner Bros.,,,,,,
3500000,573,English,10.219942,25-05-1972,12600000,01:56,Released,Frenzy,7.1,158,Crime,Drama,Mystery,Thriller,,Universal Pictures,,,,,,
3500000,310131,English,50.319662,19-02-2016,40423945,01:32,Released,The Witch,6.3,1434,Mystery,Horror,,,,Parts and Labor,RT Features,Rooks Nest Entertainment,Maiden Voyage Pictures,,,
0,40505,English,0.593068,27-05-1998,0,01:33,Released,I Got the Hook Up,5.4,8,Action,Comedy,,,,Dimension Films,No Limit Films,,,,,
3500000,11363,English,8.406025,26-08-1996,9482579,01:36,Released,She's the One,5.7,70,Comedy,Romance,,,,Fox Searchlight Pictures,,,,,,
10000000,3033,English,5.588652,21-01-1998,6451628,01:45,Released,Gods and Monsters,6.8,81,Drama,,,,,Lions Gate Films,Flashpoint (I),Showtime Networks,,,,
2000000,25376,Spanish,25.894065,13-08-2009,33965843,02:09,Released,The Secret in Their Eyes,7.8,626,Crime,Drama,Mystery,Romance,,100 Bares,Haddock Films S.R.L.,Instituto Nacional de Cine y Artes Audiovisuales (INCAA),Televisi\u00f3n Espa\u00f1ola (TVE),,,
0,22007,English,3.280081,16-10-2008,0,01:34,Released,Train,4.8,36,Horror,Thriller,,,,Nu Image Films,Millennium Films,,,,,
3600000,765,English,35.674774,13-03-1987,5923044,01:24,Released,Evil Dead II,7.6,742,Horror,Comedy,Fantasy,,,Renaissance Films,Rosebud Productions,,,,,
0,10615,English,3.115754,29-06-2001,0,01:21,Released,Pootie Tang,5.4,43,Action,Comedy,,,,[],,,,,,
1000000,205321,English,20.466433,11-07-2013,0,01:26,Released,Sharknado,3.8,476,TV Movie,Horror,,,,The Asylum,Syfy,Southward Films,,,,
0,89540,Spanish,0.015597,01-04-1999,0,01:45,Released,The Other Conquest,5.4,4,Drama,Foreign,,,,[],,,,,,
3500000,46146,Norwegian Bokm�l,12.982319,29-10-2010,4159678,01:43,Released,Troll Hunter,6.7,583,Fantasy,Horror,,,,Filmkameratene A/S,Film Fund FUZZ,SF Norge A/S,,,,
0,38007,English,0.595136,01-01-2006,0,01:44,Released,Ira & Abby,5.8,9,Comedy,Romance,,,,[],,,,,,
3500000,14256,English,3.643608,07-02-2006,113783,01:38,Released,Winter Passing,6.7,28,Comedy,Drama,,,,Yari Film Group,Stratus Film Co.,,,,,
3500000,540,English,6.396936,21-01-2004,0,01:31,Released,D.E.B.S.,5.6,90,Action,,,,,Destination Films,Andrea Sperling Productions,Screen Gems,Anonymous Content,,,
0,370464,English,0.909067,08-01-2016,0,01:51,Released,The Masked Saint,2.9,7,Crime,Action,,,,Freestyle Releasing,,,,,,
3500000,20055,English,1.348114,27-09-2008,0,01:38,Released,The Betrayed,5.2,10,Crime,Drama,Mystery,Thriller,,Metro-Goldwyn-Mayer (MGM),,,,,,
0,224569,English,0.964802,16-09-1999,0,01:44,Released,Taxman,2,1,Action,Crime,Comedy,Thriller,,Counterclock Productions,,,,,,
0,395766,English,0.042346,29-04-2016,0,03:20,Released,The Secret,0,0,Drama,,,,,[],,,,,,
3500000,39303,English,1.271621,25-04-2009,0,01:36,Released,02:13,4.6,10,Horror,Thriller,Mystery,,,Anthem Pictures,It's An Us Thing Productions Inc.,,,,,
3500000,142061,English,25.891466,18-01-2013,0,01:18,Released,"Batman: The Dark Knight Returns, Part 2",7.9,419,Action,Animation,,,,DC Comics,Warner Bros. Animation,Warner Premiere,DC Entertainment,,,
3500000,370662,English,1.618138,04-09-2015,0,01:40,Released,Time to Choose,0,0,Documentary,,,,,Representational Pictures,,,,,,
3500000,252360,English,4.304341,27-12-2013,0,01:25,Released,In the Name of the King III,3.3,19,Action,Adventure,Drama,Fantasy,,[],,,,,,
3500000,256740,English,3.158056,04-03-2014,0,01:32,Released,Wicked Blood,5.3,37,Action,Drama,Thriller,,,NAZZ Productions,Industrial Entertainment,Primary PIctures,Thunder Smoke Media,,,
0,299145,English,3.230779,05-06-2015,0,01:26,Released,Stranded,5,11,Drama,,,,,Enderby Entertainment,,,,,,
3440000,241766,English,1.913302,06-01-2014,0,01:30,Released,Lords of London,3.6,6,Crime,Mystery,Thriller,,,[],,,,,,
3400000,12535,English,5.690619,25-12-1977,31063038,01:34,Released,High Anxiety,6.5,84,Comedy,Music,,,,Twentieth Century Fox Film Corporation,Crossbow Productions,,,,,
8000000,1667,French,17.537154,26-01-2005,127392239,01:20,Released,March of the Penguins,6.9,358,Documentary,Family,,,,Wild Bunch,Canal+,Buena Vista International Film Production France,Alliance de Production Cinematographique (APC),,,
3500000,50839,English,26.259389,28-09-2011,19504039,01:47,Released,Margin Call,6.7,524,Thriller,Drama,,,,Benaroya Pictures,Before the Door Pictures,Washington Square Films,Untitled Entertainment,,,
0,86549,English,1.419431,09-06-2011,0,01:40,Released,August,6.2,15,Drama,,,,,[],,,,,,
3000000,13973,English,11.637458,26-09-2008,3830137,01:32,Released,Choke,6,127,Comedy,Drama,,,,Fox Searchlight Pictures,Contrafilm,ATO Pictures,Aramid Entertainment Fund,,,
3300000,244786,English,192.528841,10-10-2014,13092000,01:45,Released,Whiplash,8.3,4254,Drama,,,,,Bold Films,Blumhouse Productions,Right of Way Films,,,,
3300000,598,Portuguese,44.356711,05-02-2002,30641770,02:10,Released,City of God,8.1,1814,Drama,Crime,,,,O2 Filmes,VideoFilmes,Wild Bunch,Globo filmes,,,
600000,11129,English,4.859873,04-06-1999,4000000,01:39,Released,Human Traffic,6.8,97,Comedy,Drama,,,,Irish Screen,,,,,,
3400000,75861,English,6.723057,13-03-2015,0,01:58,Released,To Write Love on Her Arms,6.8,47,Drama,Music,,,,Two Streets Entertainment,Birchwood Pictures,Noble Pictures,Valencia Motion Pictures,,,
0,13551,English,3.069605,07-11-2006,0,01:25,Released,The Dead Girl,6.4,66,Mystery,Drama,Crime,Thriller,,Lakeshore Entertainment,Bruin Grip Services,Pitbull Pictures,,,,
3800000,103663,Danish,21.826888,28-08-2012,16800000,01:55,Released,The Hunt,7.9,927,Drama,,,,,Zentropa Entertainments,Det Danske Filminstitut,Danmarks Radio (DR),Eurimages,,,
0,850,English,15.128316,18-11-1983,19294144,01:34,Released,A Christmas Story,7.4,344,Comedy,Family,,,,Metro-Goldwyn-Mayer (MGM),Christmas Tree Films,,,,,
0,12586,English,1.814802,09-09-2006,0,01:31,Released,Bella,6.7,37,Drama,Romance,,,,Mpower Pictures,Metanoia Films,Burnside Entertainment,Bella Productions,,,
4300000,11564,English,5.643023,20-08-1982,0,01:38,Released,Class of 1984,6.2,66,Action,Drama,Horror,Crime,Thriller,Guerilla High Productions,,,,,,
3300000,301748,English,2.964785,08-11-2014,45000,01:36,Released,The Opposite Sex,4.1,9,Comedy,,,,,Magna Global Entertainment,Verdi Productions,,,,,
2000000,108346,English,0.11615,29-10-1999,7,01:32,Released,Dreaming of Joseph Lees,8,1,Romance,Drama,,,,Fox Entertainment Group,,,,,,
0,8841,French,13.437038,24-09-2008,28814580,02:08,Released,The Class,6.8,174,Drama,,,,,Haut et Court,France 2 Cin\u00e9ma,,,,,
3200000,805,English,26.180367,12-06-1968,33395426,02:16,Released,Rosemary's Baby,7.5,863,Horror,Drama,Mystery,,,Paramount Pictures,William Castle Productions,,,,,
3200000,11697,English,11.735287,22-04-1962,8000000,02:03,Released,The Man Who Shot Liberty Valance,7.4,265,Western,,,,,Paramount Pictures,John Ford Productions,,,,,
0,22051,English,8.308442,29-07-2009,2277396,01:39,Released,Adam,6.9,150,Drama,Romance,,,,Vox3 Films,Serenade Films,Olympus Pictures,Deer Path Productions,,,
0,436,Spanish,3.027892,18-01-2004,0,01:41,Released,Maria Full of Grace,6.9,101,Drama,Thriller,Crime,,,Fine Line Features,Journeyman Pictures,HBO Films,,,,
3200000,55347,English,11.933449,11-09-2010,5332926,01:45,Released,Beginners,6.8,347,Drama,Romance,Comedy,,,Parts and Labor,Olympus Pictures,Focus Features,,,,
0,10070,English,8.825113,14-10-2005,658573,01:35,Released,Feast,6.1,160,Action,Comedy,Horror,,,Neo Art & Logic,Dimension Films,Maloof Motion Pictures,,,,
2700000,8469,English,17.332585,27-07-1978,141000000,01:49,Released,Animal House,7,418,Comedy,,,,,Universal Pictures,Oregon Film Factory,Stage III Productions,,,,
2500000,658,English,47.812466,17-09-1964,124881062,01:50,Released,Goldfinger,7.2,987,Adventure,Action,Thriller,,,United Artists,Eon Productions,Danjaq,,,,
2400000,125490,English,11.753553,19-09-2012,0,01:50,Released,Antiviral,5.7,112,Science Fiction,Horror,,,,Alliance Films,Telefilm Canada,TF1 International,,,,
3180000,1585,English,42.868495,20-12-1946,9644124,02:10,Released,It's a Wonderful Life,8,1076,Drama,Family,Fantasy,,,RKO Radio Pictures,Liberty Films (II),,,,,
4000000,627,English,63.513324,23-02-1996,16491080,01:33,Released,Trainspotting,7.8,2655,Drama,Crime,,,,Miramax Films,Channel Four Films,Noel Gay Motion Picture Company,Figment Films,,,
0,23618,English,1.918959,18-08-2000,0,01:55,Released,The Original Kings of Comedy,6.3,15,Comedy,,,,,40 Acres & A Mule Filmworks,,,,,,
3000000,41436,English,22.789649,20-10-2010,177512032,01:31,Released,Paranormal Activity 2,5.7,722,Horror,Thriller,,,,Paramount Pictures,Blumhouse Productions,Solana Films,,,,
0,10162,English,5.735912,15-09-1998,0,01:31,Released,Waking Ned,7.4,54,Comedy,Romance,,,,Fox Searchlight Pictures,Canal+,Tomboy Films,,,,
4000000,1430,English,11.414843,09-10-2002,35564473,02:00,Released,Bowling for Columbine,7.3,453,Documentary,,,,,Alliance Atlantis Communications,TiMe Film- und TV-Produktions GmbH,Vif Babelsberger Filmproduktion GmbH & Co. Zweite KG,Dog Eat Dog Films,,,
0,259943,Chinese,6.017273,16-05-2014,0,01:51,Released,Coming Home,6.9,49,Drama,,,,,LeVision Pictures,,,,,,
3000000,10014,English,21.607228,31-10-1985,29999213,01:27,Released,A Nightmare on Elm Street Part 2: Freddy's Revenge,5.7,361,Horror,,,,,New Line Cinema,Smart Egg Pictures,,,,,
3000000,11257,English,7.961559,13-12-1985,20966644,01:57,Released,A Room with a View,6.9,156,Drama,Romance,,,,Goldcrest Films International,National Film Finance Corporation (NFFC),Curzon Film Distributors,,,,
3000000,158015,English,54.403033,31-05-2013,89328627,01:26,Released,The Purge,6,2428,Science Fiction,Horror,Thriller,,,Universal Pictures,Why Not Productions,Platinum Dunes,Blumhouse Productions,,,
3000000,82507,English,41.045084,29-03-2012,77712439,01:50,Released,Sinister,6.7,1573,Horror,Thriller,Mystery,,,Alliance Films,Blumhouse Productions,IM Global,Automatik Entertainment,,,
3000000,20337,English,0.295226,01-08-2002,19184015,01:53,Released,Martin Lawrence Live: Runteldat,5,1,Comedy,,,,,[],,,,,,
3000000,261,English,16.553594,17-02-1958,17570324,01:48,Released,Cat on a Hot Tin Roof,7.6,165,Drama,Romance,,,,Avon Production,Metro-Goldwyn-Mayer (MGM),,,,,
3000000,1685,English,24.393296,01-05-1970,18999718,01:35,Released,Beneath the Planet of the Apes,6.2,361,Adventure,Science Fiction,Mystery,,,Twentieth Century Fox Film Corporation,APJAC Productions,,,,,
3000000,20737,English,11.241802,01-08-1997,23144499,01:38,Released,Air Bud,5.3,106,Comedy,Family,Drama,,,Walt Disney Pictures,,,,,,
16000000,10991,Japanese,9.18885,08-07-2000,68411275,01:33,Released,Pokémon: Spell of the Unknown,5.9,137,Adventure,Fantasy,Animation,Action,Family,TV Tokyo,4 Kids Entertainment,Nintendo,Pikachu Project,,,
3000000,10225,English,11.158167,01-08-1986,19472057,01:26,Released,Friday the 13th Part VI: Jason Lives,5.7,216,Horror,Mystery,Thriller,,,Paramount Pictures,,,,,,
3000000,826,English,23.109959,02-10-1957,33300000,02:41,Released,The Bridge on the River Kwai,7.7,542,Drama,History,War,,,Columbia Pictures Corporation,Horizon Pictures (II),,,,,
3000000,34086,English,1.586598,27-04-1990,15369573,01:40,Released,Spaced Invaders,4.7,25,Comedy,Family,Science Fiction,,,Touchstone Pictures,Silver Screen Partners IV,,,,,
2000000,5854,English,3.832858,09-04-1976,7900000,02:01,Released,Family Plot,6.7,86,Comedy,Crime,Thriller,,,Universal Pictures,,,,,,
3000000,284,English,22.889294,15-06-1960,25000000,02:05,Released,The Apartment,8.1,483,Comedy,Drama,Romance,,,United Artists,The Mirisch Company,,,,,
3000000,10285,English,10.341982,13-08-1993,15938065,01:27,Released,Jason Goes to Hell: The Final Friday,4.2,193,Fantasy,Horror,Thriller,,,New Line Cinema,Sean S. Cunningham Films,,,,,
3000000,5780,English,7.924982,13-07-1966,13000000,02:08,Released,Torn Curtain,6.4,120,Mystery,Thriller,,,,Universal Pictures,,,,,,
3000000,292,English,1.697846,12-09-2005,11718595,01:40,Released,Dave Chappelle's Block Party,6.4,28,Comedy,Documentary,Music,,,Yari Film Group,,,,,,
0,223485,English,14.936661,16-04-2015,229094,01:24,Released,Slow West,6.6,367,Romance,Thriller,Western,,,The New Zealand Film Commission,Film4,See Saw Films,A24,,,
3000000,29463,English,0.720091,25-10-1985,0,01:37,Released,Krush Groove,7,11,Drama,Music,Romance,,,Warner Bros.,Visual Eyes Productions,Film Development Fund,Crystalite Productions,,,
0,18065,English,2.747402,06-02-2009,0,01:24,Released,Next Day Air,5.3,36,Action,Comedy,Crime,,,Melee Entertainment,Next Day Air Productions,Secret Society Films,,,,
3000000,22013,English,6.734965,19-06-1960,10400000,02:26,Released,Elmer Gantry,7.3,41,Drama,,,,,United Artists,,,,,,
3000000,821,English,13.338539,01-12-1961,10000000,03:06,Released,Judgment at Nuremberg,7.6,155,Drama,History,,,,United Artists,Roxlom Films,,,,,
0,53862,English,0.185373,12-05-1999,9016377,01:34,Released,Trippin',4.5,4,Comedy,Romance,,,,Beacon Communications,,,,,,
3000000,3089,English,5.344815,26-08-1948,9012000,02:13,Released,Red River,7.3,82,Western,,,,,United Artists,Monterey Productions,Charles K. Feldman Group,,,,
0,30139,English,0.982624,01-01-2006,0,01:39,Released,Phat Girlz,3.7,10,Comedy,Romance,,,,[],,,,,,
3000000,132344,English,23.299907,05-04-2013,11176469,01:48,Released,Before Midnight,7.4,568,Romance,Drama,,,,Castle Rock Entertainment,Detour Filmproduction,Faliro House Productions,Venture Forth,,,
0,15582,English,4.103764,20-11-1987,0,01:35,Released,Teen Wolf Too,3.8,46,Comedy,Fantasy,Family,,,Atlantic Entertainment Group,,,,,,
3000000,15158,English,5.003615,08-07-1988,7282851,01:37,Released,Phantasm II,6.3,94,Action,Horror,Science Fiction,Thriller,,Universal Pictures,Spacegate Productions,Starway International Inc.,,,,
3000000,44634,English,0.019984,30-09-2004,6804016,01:34,Released,Woman Thou Art Loosed,5,3,Drama,,,,,[],,,,,,
0,30309,English,1.026243,01-01-2002,0,01:26,Released,Real Women Have Curves,5.8,19,Comedy,Drama,,,,[],,,,,,
0,7509,English,2.787375,08-09-2005,10422387,01:55,Released,Water,6.8,34,Drama,Foreign,Romance,,,David Hamilton Productions,Echo Lake Productions,Flagship International,Noble Nomad Pictures,,,
3800000,10557,English,3.667372,14-05-1999,28200000,01:37,Released,East Is East,6.5,59,Comedy,,,,,BBC,Assassin Films,Film4,,,,
3000000,23531,English,2.144354,01-09-2000,0,01:22,Released,Whipped,3.1,11,Comedy,Romance,,,,Hi-Rez Films,,,,,,
3000000,28005,English,3.937939,11-09-1996,4109095,01:57,Released,Kama Sutra - A Tale of Love,5.7,35,Drama,History,Romance,,,Mirabai Films,NDF International,,,,,
3000000,40247,English,5.325156,22-01-2010,0,01:30,Released,Please Give,6,57,Comedy,Drama,,,,Sony Pictures Classics,Likely Story,Feelin' Guilty,,,,
3000000,252,English,23.981601,29-06-1971,4000000,01:40,Released,Willy Wonka & the Chocolate Factory,7.4,798,Family,Fantasy,,,,Paramount Pictures,David L. Wolper Productions,,,,,
0,24126,English,3.107149,01-05-1993,0,01:38,Released,Warlock: The Armageddon,5.2,38,Fantasy,Horror,Science Fiction,,,Tapestry Films,Trimark Pictures,,,,,
0,13982,English,5.016607,18-04-1997,0,01:35,Released,8 Heads in a Duffel Bag,5.4,39,Comedy,Crime,,,,Orion Pictures,Brad Krevoy & Steve Stabler production,,,,,
0,16642,English,13.857194,13-09-1978,0,01:34,Released,Days of Heaven,7.6,234,Drama,Romance,,,,Paramount Pictures,,,,,,
0,17734,English,6.997495,02-09-2001,0,01:44,Released,Thirteen Conversations About One Thing,6.4,25,Drama,,,,,[],,,,,,
3000000,18892,English,4.337685,30-01-1999,3076820,01:27,Released,Jawbreaker,5.9,90,Comedy,,,,,TriStar Pictures,Crossroads Films,Kramer-Tornell Productions,,,,
2962051,549,English,3.636634,09-08-1996,3011195,01:48,Released,Basquiat,6.6,94,Drama,History,,,,Miramax,Eleventh Street Production,Jon Kilik,,,,
0,121986,English,15.492257,17-05-2013,4069826,01:26,Released,Frances Ha,7.2,345,Comedy,Drama,,,,Scott Rudin Productions,RT Features,Pine District Pictures,,,,
3000000,868,Afrikaans,2.504169,18-08-2005,9879971,01:34,Released,Tsotsi,6.9,94,Crime,Drama,,,,Movieworld Productions,Industrial Development Corporation of South Africa,UK Film & TV Production Company,National Film & Video Foundation of South Africa,,,
3000000,10683,English,10.757539,16-10-1998,2807390,02:19,Released,Happiness,7.4,194,Comedy,Drama,,,,Killer Films,Good Machine,,,,,
0,17995,English,1.580027,04-04-2003,0,01:29,Released,DysFunktional Family,6.1,4,Comedy,Documentary,,,,Brad Grey Pictures,,,,,,
2800000,246403,English,15.754614,19-09-2014,1826705,01:42,Released,Tusk,5.1,366,Comedy,Horror,,,,Phase 4 Films,Demarest Films,SModcast Pictures,A24,,,
3000000,670,Korean,56.76349,01-01-2003,14980005,02:00,Released,Oldboy,8,1945,Drama,Thriller,Mystery,Action,,Egg Films,Show East,,,,,
0,35691,English,3.644872,09-04-2010,0,01:50,Released,Letters to God,6.5,37,Action,Drama,Family,Thriller,,Mercy Creek Entretainment,,,,,,
3000000,49010,English,16.900433,06-05-2011,748453,01:26,Released,Hobo with a Shotgun,5.7,211,Action,Comedy,Thriller,,,Rhombus Media,Yer Dead Productions,Telefilm Canada,Whizbang Films,,,
3000000,317930,Spanish,1.569246,31-03-2016,0,01:41,Released,Compadres,5.2,17,Action,Comedy,,,,[],,,,,,
3000000,11229,English,4.682881,23-08-1996,0,01:50,Released,Freeway,6.5,95,Comedy,Drama,Thriller,,,The Kushner-Locke Company,August Entertainment,Multicom entertainment,,,,
0,22488,English,1.128559,06-10-2006,0,01:27,Released,Love's Abiding Joy,5.8,12,TV Movie,Action,Drama,Family,,[],,,,,,
3000000,24469,English,12.68672,14-05-2009,2357852,02:03,Released,Fish Tank,6.9,250,Drama,,,,,BBC Films,Kasander Film Company,ContentFilm,UK Film Council,,,
0,82533,English,3.750338,06-04-2012,0,01:39,Released,Damsels in Distress,5.6,67,Comedy,Romance,,,,Westerly Films,,,,,,
0,50942,English,2.857848,17-05-1998,0,02:56,Released,Creature,4,21,Horror,Science Fiction,Thriller,,,MGM Television,Trilogy Entertainment Group,Hallmark Entertainment,,,,
3000000,84174,English,20.95282,06-08-2012,11947954,01:27,Released,Bachelorette,5.3,444,Comedy,Romance,,,,Gary Sanchez Productions,BCDF Pictures,,,,,
0,34099,English,0.18094,25-04-2004,0,02:00,Released,Brave New Girl,3.7,3,Drama,Music,Family,,,Lions Gate Television,Park Lane Productions,,,,,
0,79940,English,1.75311,02-03-2012,0,01:34,Released,Tim and Eric's Billion Dollar Movie,5.2,34,Comedy,,,,,2929 Productions,Gary Sanchez Productions,Funny or Die,,,,
2700000,342,German,3.120747,02-09-2004,0,01:38,Released,Summer Storm,6.7,59,Comedy,Drama,,,,Claussen + W\u00f6bke Filmproduktion GmbH,,,,,,
0,281230,English,0.384496,01-01-2014,0,00:00,Released,Fort McCoy,6.3,2,War,Drama,History,,,[],,,,,,
0,38033,English,2.504156,01-10-2010,0,01:36,Released,Chain Letter,3.9,37,Horror,Thriller,,,,Tiger Tail Entertainment,Deon Taylor Enterprises,,,,,
3000000,100975,English,0.431332,21-10-1999,0,01:37,Released,Just Looking,5.8,5,Drama,Comedy,,,,Sweetland Films,Camellia Productions,,,,,
3000000,38541,English,11.882563,13-03-2011,22000,01:52,Released,The Divide,5.7,197,Science Fiction,,,,,Instinctive Film,Manitoba Film and Video Production Tax Credit,Preferred Content,Julijette,,,
0,39563,English,9.342465,24-04-2009,0,01:28,Released,The Eclipse,6.1,15,Drama,Horror,Romance,,,[],,,,,,
3000000,234212,English,12.564554,12-02-2015,3387000,01:23,Released,Demonic,4.9,148,Thriller,Horror,,,,Icon Entertainment International,Dimension Films,First Point Entertainment,IM Global,,,
0,27404,English,0.68822,04-03-2005,0,01:20,Released,My Big Fat Independent Movie,3,5,Comedy,,,,,Film Threat DVD,Aloha Pictures,,,,,
0,170480,English,0.194848,15-06-2010,0,01:30,Released,The Deported,0,0,Comedy,Family,,,,[],,,,,,
0,71866,English,2.015525,14-09-2009,0,01:36,Released,Tanner Hall,5.4,32,Drama,,,,,Tax Credit Finance,,,,,,
3000000,192210,English,2.680629,12-04-2013,0,01:25,Released,Open Road,5.2,18,Action,Drama,Thriller,,,Society Entertainment,BB Film Productions,Marcio Garcia Producoes,,,,
0,180296,English,12.036888,27-06-2014,0,01:24,Released,They Came Together,5.3,171,Comedy,,,,,Lionsgate,,,,,,
0,157058,English,1.737032,14-01-2013,0,01:20,Released,30 Nights of Paranormal Activity With the Devil Inside the Girl With the Dragon Tattoo,2.9,28,Comedy,,,,,Silver Nitrate Films,Silver Nitrate Pictures,,,,,
3000000,70006,English,9.249229,13-09-2011,0,01:30,Released,Never Back Down 2: The Beatdown,5.8,136,Drama,Action,,,,[],,,,,,
2500000,26039,English,5.164423,30-08-1967,3200000,01:32,Released,Point Blank,7.1,95,Action,Crime,Drama,Thriller,,Metro-Goldwyn-Mayer (MGM),Winkler Films,,,,,
3,79587,English,0.008263,15-01-2009,0,01:40,Released,Four Single Fathers,0,0,Drama,Comedy,,,,Indiana Production Company,,,,,,
0,176077,English,1.998826,11-03-2013,0,01:28,Released,Enter the Dangerous Mind,4.8,14,Thriller,,,,,Cimarron Productions,Vedette Finance,,,,,
3000000,260947,English,1.968679,04-04-2014,0,01:35,Released,Something Wicked,4.6,16,Mystery,Thriller,,,,Merchant Films,,,,,,
3000000,342502,English,1.141463,07-08-2015,0,01:19,Released,AWOL-72,2.8,10,Thriller,,,,,Triumphant Entertainment,,,,,,
0,191229,English,0.214704,01-04-1988,0,01:28,Released,Iguana,6,1,,,,,,[],,,,,,
3200000,43213,English,1.034844,10-10-2009,0,01:35,Released,Chicago Overcoat,6.1,5,,,,,,Chicago Overcoat Productions,Beverly Ridge Pictures,,,,,
0,44594,English,1.975941,13-03-2010,0,01:35,Released,Barry Munday,6.3,22,,,,,,Prospect Pictures,Corner Store Entertainment,Far Hills Pictures,Stick 'N' Stone Productions,,,
2900000,666,Portuguese,5.928937,16-01-1998,5596708,01:53,Released,Central Station,7.6,126,,,,,,MACT Productions,Videofilms,Riofilm,,,,
2900000,248,English,3.370225,18-12-1961,5000000,02:16,Released,Pocketful of Miracles,7.3,25,,,,,,Franton Production,,,,,,
0,325173,English,5.485217,11-12-2015,0,01:20,Released,Close Range,4.9,54,,,,,,Bleiberg Entertainment,Compound B,Underdogg Entertainment,Entropy,,,
0,55831,English,0.18887,05-08-2005,0,01:45,Released,Boynton Beach Club,6.8,3,,,,,,[],,,,,,
3000000,351043,English,3.077885,14-08-2015,0,01:30,Released,Amnesiac,4.1,52,,,,,,Infra-Red Pictures,,,,,,
3000000,43942,English,1.781462,01-10-2010,103735,01:33,Released,Freakonomics,6.6,36,,,,,,Chad Troutwine Films,Green Film Company,Human Worldwide,Loki Films,,,
0,10226,French,4.952983,18-06-2003,0,01:31,Released,High Tension,6.6,271,,,,,,Alexandre Films,EuropaCorp,,,,,
2902660,66942,English,1.35088,19-08-2011,0,01:33,Released,Griff the Invisible,6.1,34,,,,,,Screen Australia,,,,,,
0,356483,English,0.687656,16-10-2015,0,01:29,Released,Unnatural,4.3,12,,,,,,August Heart Entertainment,,,,,,
8000000,10476,English,6.39503,22-07-2005,23563727,01:56,Released,Hustle & Flow,6.9,99,,,,,,MTV Films,,,,,,
2883848,239,English,39.30982,18-03-1959,25000000,02:02,Released,Some Like It Hot,8,808,,,,,,The Mirisch Corporation,Ashton Productions,,,,,
2800000,10281,English,9.070842,13-05-1988,19170001,01:28,Released,Friday the 13th Part VII: The New Blood,5.3,192,,,,,,Paramount Pictures,,,,,,
2777000,630,English,67.417542,15-08-1939,33754967,01:42,Released,The Wizard of Oz,7.4,1642,,,,,,Loew's Incorporated,,,,,,
2800000,3034,English,36.444894,15-12-1974,86273333,01:46,Released,Young Frankenstein,7.7,854,,,,,,Twentieth Century Fox Film Corporation,Crossbow Productions,Gruskoff/Venture Films,Jouer Limited,,,
2000000,13025,English,15.351412,08-09-2007,5364858,01:35,Released,Diary of the Dead,5.4,190,,,,,,Artfire Films,,,,,,
0,21461,English,2.436019,01-01-2006,0,02:24,Released,Lage Raho Munna Bhai,7.6,44,,,,,,[],,,,,,
0,55306,English,0.93392,13-06-1997,0,01:52,Released,Ulee's Gold,6.5,19,,,,,,Clinica Estetico,Nunez-Gowan,,,,,
2700000,17264,English,11.35972,17-10-1979,37799643,01:58,Released,The Black Stallion,7,59,,,,,,United Artists,,,,,,
0,346081,English,0.296981,26-06-2015,0,00:00,Released,Sardaarji,9.5,2,,,,,,[],,,,,,
0,16016,English,1.776624,26-09-2008,0,01:30,Released,Journey to Saturn,4.9,10,,,,,,Nordisk Film,A. Film,ntc,,,,
2686000,15875,English,1.897263,12-06-1963,6600000,01:49,Released,Donovan's Reef,6,30,,,,,,Paramount Pictures,,,,,,
0,5900,Dutch,0.144031,21-03-1996,0,01:43,Released,The Dress,7,3,,,,,,[],,,,,,
2627000,43306,English,0.531444,01-03-1944,5363000,02:00,Released,A Guy Named Joe,6,8,,,,,,Metro-Goldwyn-Mayer (MGM),,,,,,
2600000,11072,English,22.793929,07-02-1974,119500000,01:33,Released,Blazing Saddles,7.2,609,,,,,,Crossbow Productions,Warner Bros.,,,,,
2600000,9730,English,14.013414,13-04-1984,32980880,01:31,Released,Friday the 13th: The Final Chapter,5.9,237,,,,,,Paramount Pictures,"Friday Four, Inc.",,,,,
2159280,209274,Polish,13.265432,25-10-2013,10700000,01:20,Released,Ida,7.1,260,,,,,,Danish Film Institute,Portobello Pictures,Eurimages,Canal+ Polska,,,
0,26371,English,11.552247,18-09-1987,0,02:14,Released,Maurice,7.1,61,,,,,,Merchant Ivory Productions,Film Four International,,,,,
0,14137,English,1.73892,15-09-2006,0,01:26,Released,Beer League,5.3,22,,,,,,Identity Films,CKRush Entertainment,,,,,
2600000,291,English,0.895946,09-07-2004,3166000,01:45,Released,Riding Giants,7.6,23,,,,,,[],,,,,,
2600000,14139,Spanish,19.02965,20-09-2007,553198,01:32,Released,Timecrimes,7,308,,,,,,Ars\u00e9nico Producciones,Zip Films,Fine Productions,Karbo Vantas Entertainment,,,
0,33106,Chinese,0.406645,20-01-2009,0,01:39,Released,Silver Medalist,7.4,13,,,,,,[],,,,,,
2600000,8875,English,3.687574,07-12-2007,0,01:37,Released,Timber Falls,5.2,38,,,,,,Ascendant Pictures,A-Mark Entertainment,Film Tiger,Rifkin-Eberts,,,
2540800,872,English,36.556954,10-04-1952,7200000,01:43,Released,Singin' in the Rain,7.8,727,,,,,,Metro-Goldwyn-Mayer (MGM),,,,,,
0,72914,English,0.545825,16-04-2010,0,01:37,Released,"Fat, Sick & Nearly Dead",7.1,47,,,,,,[],,,,,,
2500000,139038,English,18.661541,11-01-2013,60141683,01:26,Released,A Haunted House,5.4,516,,,,,,Endgame Entertainment,Wayans Bros. Entertainment,IM Global,Open Road Films,,,
2500000,126509,English,0.973582,13-07-2012,33400000,01:27,Released,2016: Obama's America,4.6,19,,,,,,[],,,,,,
0,9591,English,14.885388,04-10-1996,34585416,01:48,Released,That Thing You Do!,6.8,225,,,,,,Twentieth Century Fox Film Corporation,Clinica Estetico,Clavius Base,,,,
2500000,10676,English,12.030456,22-10-1982,14400000,01:38,Released,Halloween III: Season of the Witch,5,229,,,,,,Universal Pictures,,,,,,
2500000,1687,English,18.30961,20-05-1971,12348905,01:38,Released,Escape from the Planet of the Apes,6.3,264,,,,,,Twentieth Century Fox Film Corporation,APJAC Productions,,,,,
2500000,24748,English,6.82919,29-05-1963,10000000,01:52,Released,Hud,7.5,66,,,,,,Paramount Pictures,,,,,,
0,181330,English,9.799357,03-07-2013,32230907,01:14,Released,Kevin Hart: Let Me Explain,7.1,95,,,,,,Hartbeat Productions,,,,,,
2500000,468,English,10.363642,17-10-1991,0,01:44,Released,My Own Private Idaho,7.1,212,,,,,,Fine Line Features,,,,,,
2500000,401,English,30.583959,28-07-2004,26781723,01:42,Released,Garden State,7.1,618,,,,,,Fox Searchlight Pictures,Double Feature Films,Jersey Films,Camelot Pictures,,,
2500000,76,English,23.672571,27-01-1995,5535405,01:45,Released,Before Sunrise,7.7,959,,,,,,Detour Film Production,,,,,,
0,50538,French,0.205034,03-10-2003,0,01:40,Released,Evil Words,6.9,8,,,,,,Go Films,,,,,,
0,25636,English,5.581743,05-09-1999,0,01:47,Released,Jesus' Son,6.7,22,,,,,,Evenstar Films,,,,,,
0,19316,English,2.487255,12-09-2004,0,01:31,Released,Saving Face,6.8,32,,,,,,[],,,,,,
0,21074,English,0.262135,16-11-2007,0,01:42,Released,Brick Lane,5.2,15,,,,,,Ingenious Film Partners,Ruby Films,Film4,,,,
2500000,84329,English,23.419061,16-08-2012,3325038,01:25,Released,Robot & Frank,6.8,450,,,,,,Samuel Goldwyn Films,Stage 6 Films,Park Pictures,TBB,,,
0,20,English,7.958831,07-03-2003,9726954,01:46,Released,My Life Without Me,7.2,77,,,,,,El Deseo,Milestone Productions,,,,,
2500000,157386,English,25.722747,02-08-2013,6854611,01:35,Released,The Spectacular Now,6.8,1048,,,,,,21 Laps Entertainment,Andrew Lauren Productions (ALP),Global Produce,A24,,,
0,13007,English,9.774126,01-10-2008,0,01:41,Released,Religulous,7.2,197,,,,,,Lions Gate Films,,,,,,
0,13518,English,0.197469,14-11-2008,0,01:30,Released,Fuel,7,3,,,,,,[],,,,,,
0,116584,English,0.142255,24-04-2006,0,01:40,Released,Valley of the Heart's Delight,7,1,,,,,,[],,,,,,
2500000,46849,English,0.301884,24-08-2007,71904,01:40,Released,Eye of the Dolphin,7.1,7,,,,,,Gold/Miller Productions,120dB Films,Paradise Productions,Quantum Entertainment,,,
0,40428,English,0.424957,01-01-2010,0,01:20,Released,8: The Mormon Proposition,5.5,6,,,,,,[],,,,,,
14000000,17334,English,3.393648,29-10-2008,0,01:46,Released,The Other End of the Line,6.1,50,,,,,,Adlabs Films Ltd.,Metro-Goldwyn-Mayer Pictures,Hyde Park Entertainment,Brass Hat Films,,,
0,1698,German,5.025938,03-02-2000,0,01:43,Released,Anatomy,6.1,61,,,,,,Claussen + W\u00f6bke Filmproduktion GmbH,,,,,,
2500000,20764,English,4.624691,10-12-2008,107559,01:30,Released,Sleep Dealer,6,40,,,,,,Likely Story,,,,,,
2500000,45132,English,12.204569,09-09-2010,324138,01:36,Released,Super,6.6,441,,,,,,This Is That Productions,Ambush Entertainment,Crimson Bolt,,,,
0,76706,English,0.630226,01-12-2010,0,01:29,Released,Christmas Mail,5,15,,,,,,[],,,,,,
2500000,254472,German,4.270489,03-07-2015,0,01:27,Released,Stung,4.9,63,,,,,,Rat Pack Filmproduktion,XYZ Films,,,,,
35000000,332285,English,3.674294,02-09-2016,0,01:34,Released,Antibirth,4.8,40,,,,,,Hideaway Pictures,Traverse Media,Culmination Productions,,,,
2400000,49471,English,4.623059,16-10-1996,5731103,02:00,Released,Get on the Bus,7,11,,,,,,Columbia Pictures,40 Acres & A Mule Filmworks,,,,,
0,13569,English,1.946715,01-12-2006,0,01:41,Released,Thr3e,4.8,21,,,,,,MovieRoom Productions,,,,,,
30000000,7512,English,27.940093,01-09-2006,495303,01:24,Released,Idiocracy,6.3,664,,,,,,Twentieth Century Fox Film Corporation,Ternion Pictures,,,,,
2500000,356216,English,1.759506,29-08-2015,0,01:50,Released,The Rise of the Krays,4.5,19,,,,,,Carnaby International,Saracen Films,Torn Pictures,,,,
2380000,11798,English,8.395624,12-09-2006,8176544,01:41,Released,This Is England,7.4,363,,,,,,EM Media,UK Film Council,Screen Yorkshire,Big Arty Productions,,,
2500000,146631,English,8.248149,14-12-2012,0,01:41,Released,U.F.O.,3.1,47,,,,,,Hawthorn Productions,Hawthorne Productions,,,,,
2361000,43546,English,0.628051,01-07-1944,6892000,01:41,Released,Bathing Beauty,7,4,,,,,,Metro-Goldwyn-Mayer (MGM),,,,,,
2450000,61038,English,0.500753,13-05-2011,0,01:45,Released,Go for It!,4.6,5,,,,,,Pantelion Film,,,,,,
0,78373,English,0.376662,01-05-1998,565592,01:37,Released,"Dancer, Texas Pop. 81",10,1,,,,,,HSX Films,Chase Productions,,,,,
2300000,17820,English,1.606314,13-07-1951,11000000,01:47,Released,Show Boat,6.9,18,,,,,,Metro-Goldwyn-Mayer (MGM),,,,,,
0,74457,English,0.197264,26-08-2011,0,01:31,Released,Redemption Road,4.7,6,,,,,,Heavy Duty Entertainment,MVP Films,Liberty Road Entertainment,,,,
0,283384,English,5.759493,05-08-2014,0,01:48,Released,The Calling,5.6,88,,,,,,Darius Films,Manis Film,Breaking Ball Films,Stage 6 Films,,,
2000000,19933,English,6.86302,09-07-1987,0,01:30,Released,The Brave Little Toaster,6.7,93,,,,,,The Kushner-Locke Company,Hyperion Pictures,,,,,
2280000,756,English,32.875469,13-11-1940,83320000,02:04,Released,Fantasia,7.2,808,,,,,,Walt Disney Pictures,,,,,,
0,433715,English,0.015295,15-06-2014,0,01:30,Released,8 Days,0,0,,,,,,After Eden Pictures,,,,,,
4000000,9728,English,14.206525,13-08-1982,36690067,01:35,Released,Friday the 13th Part III,5.7,254,,,,,,Paramount Pictures,Jason Productions,,,,,
2200000,9731,English,12.639469,22-03-1985,21930418,01:32,Released,Friday the 13th: A New Beginning,5.1,196,,,,,,Paramount Pictures,Georgetown Productions Inc.,,,,,
0,9916,English,2.371477,09-02-2007,0,01:57,Released,The Last Sin Eater,6.2,11,,,,,,[],,,,,,
0,309425,English,2.470443,20-03-2015,0,01:55,Released,Do You Believe?,6.6,48,,,,,,Believe Entertainment,Pure Flix Entertainment,Toy Gun Films,10 West Studios,,,
0,14156,English,1.532518,13-06-2008,0,01:30,Released,Impact Point,5.7,5,,,,,,[],,,,,,
2160000,43610,English,0.1813,01-06-1945,9132000,01:59,Released,The Valley of Decision,5.8,4,,,,,,Metro-Goldwyn-Mayer (MGM),,,,,,
2300000,360339,English,2.713171,22-10-2015,0,01:37,Released,Eden,5.6,19,,,,,,Ombra Films,Perlapartment Pictures,Gobsmack,H&H Creative Ventures,,,
0,31163,English,0.258413,22-04-2005,0,01:30,Released,Chicken Tikka Masala,3.5,5,,,,,,[],,,,,,
0,297621,English,2.025701,14-11-2014,0,01:30,Released,There's Always Woodstock,5.4,12,,,,,,Sunrise Films,,,,,,
0,16205,English,2.659804,09-10-2007,0,01:25,Released,Jack Brooks: Monster Slayer,5.7,59,,,,,,Brookstreet Pictures,Sound Venture Productions,,,,,
2100000,887,English,8.38717,25-12-1946,23650000,02:52,Released,The Best Years of Our Lives,7.6,143,,,,,,"Samuel Goldwyn Company, The",,,,,,
0,9517,English,6.677093,15-06-2001,480811,01:53,Released,Bully,6.7,125,,,,,,StudioCanal,,,,,,
0,6007,English,2.526356,16-03-2001,0,01:29,Released,Elling,7,51,,,,,,Maipo Film- og TV Produksjon,,,,,,
2100000,364083,English,0.039007,16-10-2015,3330,02:06,Released,Mi America,0,0,,,,,,Industrial House Films,,,,,,
1500000,8329,Spanish,31.691617,10-04-2007,30448000,01:18,Released,[REC],7.1,934,,,,,,Filmax,,,,,,
0,69640,English,0.47909,03-10-2010,0,01:28,Released,Lies in Plain Sight,4.5,4,,,,,,[],,,,,,
0,371085,English,0.027801,01-01-2015,0,00:00,Released,Sharkskin,0,0,,,,,,[],,,,,,
0,347548,English,2.122451,09-07-2015,0,01:17,Released,Containment,5.1,36,,,,,,Bright Cold Day Films,Patchwork Productions,Bandoola Productions,,,,
0,322443,German,0.803761,27-02-2015,0,01:21,Released,The Timber,4.1,15,,,,,,ANA Media,,,,,,
2000000,657,English,41.298723,11-10-1963,78898765,01:55,Released,From Russia with Love,6.9,760,,,,,,United Artists,Eon Productions,Danjaq,,,,
0,28165,English,1.791331,24-02-1989,0,01:36,Released,The Toxic Avenger Part II,5.3,39,,,,,,Troma Entertainment,,,,,,
2000000,11561,English,10.664202,17-12-1973,18344729,01:29,Released,Sleeper,7,200,,,,,,Rollins-Joffe Productions,,,,,,
2000000,270303,English,100.876794,04-02-2015,14674076,01:40,Released,It Follows,6.6,1832,,,,,,Northern Lights Films,Animal Kingdom,Two Flints,,,,
2000000,11624,English,13.223111,06-08-1972,18016290,01:28,Released,Everything You Always Wanted to Know About Sex *But Were Afraid to Ask,6.6,215,,,,,,United Artists,,,,,,
2000000,595,English,22.139842,25-12-1962,13129846,02:09,Released,To Kill a Mockingbird,8,657,,,,,,Universal Pictures,,,,,,
2000000,8810,English,37.117362,24-12-1981,24600832,01:35,Released,Mad Max 2: The Road Warrior,7.3,957,,,,,,Kennedy Miller Productions,,,,,,
0,12207,Chinese,15.046612,03-02-1994,0,01:42,Released,The Legend of Drunken Master,7.2,242,,,,,,Paragon Films Ltd.,Golden Harvest Company Ltd.,,,,,
2000000,226,English,15.557144,02-09-1999,11540607,01:58,Released,Boys Don't Cry,7.2,353,,,,,,Fox Searchlight Pictures,The Independent Film Channel Productions,IFC Films,Killer Films,,,
2000000,92182,English,11.66632,21-01-2011,13101672,01:25,Released,Silent House,5.2,125,,,,,,Elle Driver,Tazora Films,,,,,
2000000,582,German,34.938177,15-03-2006,70000000,02:17,Released,The Lives of Others,7.9,958,,,,,,Arte,Wiedemann & Berg Filmproduktion,Creado Film,Bayerischer Rundfunk (BR),,,
1000000,72213,English,5.961119,30-09-2011,34522221,02:09,Released,Courageous,6.8,77,,,,,,TriStar Pictures,Provident Films,Affirm Films,Sherwood Pictures,,,
2000000,990,English,17.639478,25-09-1961,7600000,02:14,Released,The Hustler,7.6,240,,,,,,Twentieth Century Fox Film Corporation,Rossen Films,,,,,
2000000,55604,English,1.867004,30-08-1940,9172000,01:59,Released,Boom Town,6.5,8,,,,,,Metro-Goldwyn-Mayer (MGM),,,,,,
8000000,9662,French,13.944645,11-06-2003,1477676,01:20,Released,The Triplets of Belleville,7.3,231,,,,,,Sony Pictures Classics,Production Champion,Vivi Film,,,,
0,20862,English,2.304552,16-01-1998,0,01:29,Released,Smoke Signals,6.6,24,,,,,,Miramax Films,ShadowCatcher Entertainment,,,,,
0,2771,English,7.792851,15-08-2003,6003587,01:41,Released,American Splendor,7.1,120,,,,,,[],,,,,,
2700000,80,English,14.799323,10-02-2004,15992615,01:20,Released,Before Sunset,7.6,718,,,,,,Castle Rock Entertainment,Detour Film Production,Warner Independent Pictures (WIP),,,,
2000000,55,Spanish,23.281616,16-06-2000,20908467,02:34,Released,Amores perros,7.6,521,,,,,,Altavista Films,Zeta Film,,,,,
2000000,11023,English,20.331593,20-08-2003,4601043,01:40,Released,Thirteen,6.7,339,,,,,,Fox Searchlight Pictures,Sound for Film,Working Title Films,Antidote Films (I),,,
2000000,33667,English,5.381536,11-11-1947,7800000,01:58,Released,Gentleman's Agreement,6.8,47,,,,,,Twentieth Century Fox Film Corporation,,,,,,
2000000,39013,English,20.834883,11-06-2010,13831503,01:40,Released,Winter's Bone,6.8,565,,,,,,Anonymous Content,Winter's Bone Productions,,,,,
0,11194,English,14.045887,05-09-2003,13885802,01:46,Released,Touching the Void,7.6,138,,,,,,Darlow Smithson Productions,UK Film Council,PBS,Film4,,,
2000000,43839,English,0.483974,24-05-1938,4000000,01:46,Released,Alexander's Ragtime Band,4.8,6,,,,,,Twentieth Century Fox Film Corporation,,,,,,
0,1382,English,9.719094,17-06-2005,0,01:30,Released,Me and You and Everyone We Know,7,107,,,,,,IFC Films,,,,,,
2000000,44639,English,16.930914,08-10-2010,7871522,01:49,Released,Inside Job,7.7,286,,,,,,Sony Pictures Classics,Sony Pictures Home Entertainment,,,,,
6000000,301351,English,28.819424,26-08-2015,11122090,01:36,Released,We Are Your Friends,6.3,658,,,,,,Working Title Films,,,,,,
0,4816,English,18.223139,13-09-1999,0,01:56,Released,Ghost Dog: The Way of the Samurai,7.2,298,,,,,,Bac Films,Pandora Filmproduktion,Degeto Film,ARD,,,
2000000,7873,English,12.999023,11-09-2005,5967038,02:00,Released,Harsh Times,6.3,197,,,,,,The Weinstein Company,,,,,,
2000000,331190,English,6.728882,17-09-2015,2801508,01:37,Released,Captive,5.6,92,,,,,,Itaca Films,BN Films,Brightside Entertainment,1019 Entertainment,,,
2000000,15186,English,1.95686,02-08-2002,2506446,01:36,Released,Full Frontal,4.8,26,,,,,,Miramax Films,Populist Pictures,Monophonic Inc.,,,,
0,17994,English,7.151154,31-12-1986,0,01:38,Released,Witchboard,5.9,58,,,,,,[],,,,,,
2000000,1378,English,14.846001,20-05-2006,5179037,01:41,Released,Shortbus,6.3,140,,,,,,Fortissimo Films,Process Productions,Q Television,,,,
2000000,8885,Hebrew,14.08251,25-06-2008,11125849,01:30,Released,Waltz with Bashir,7.8,291,,,,,,Les Films d'Ici,Bridgit Folman Film Gang,Razor Film Produktion,,,,
2000000,48382,English,0.031947,12-09-2003,1672730,02:00,Released,"The Book of Mormon Movie, Volume 1: The Journey",5,2,,,,,,[],,,,,,
2000000,12901,English,2.283796,27-07-2007,1431623,01:42,Released,No End in Sight,7.2,23,,,,,,[],,,,,,
2000000,250124,English,18.224326,07-08-2015,1477002,01:38,Released,The Diary of a Teenage Girl,6.8,279,,,,,,Caviar Films,Cold Iron Pictures,Archer Gray,,,,
2000000,14284,English,3.43159,19-01-2007,0,01:49,Released,In the Shadow of the Moon,7.6,31,,,,,,Film4,Passion Pictures,Discovery Films,,,,
0,57120,English,4.749885,05-09-2010,876302,01:44,Released,Meek's Cutoff,6.5,77,,,,,,Film Science,Evenstar Films,Oscilloscope Laboratories,,,,
2000000,12228,English,3.980072,11-02-2005,653621,01:32,Released,Inside Deep Throat,6.8,31,,,,,,[],,,,,,
0,22617,English,1.096355,01-09-2000,0,01:39,Released,Dinner Rush,7.1,19,,,,,,Access Motion Picture Group,Giraldi-Suarez-DiGiaimo Productions,,,,,
0,55561,English,1.196943,01-01-1997,0,01:36,Released,Clockwatchers,5.6,13,,,,,,[],,,,,,
2000000,42889,English,3.125382,10-09-2010,563706,02:00,Released,The Virginity Hit,4.6,19,,,,,,Gary Sanchez Productions,Principato-Young Entertainment,,,,,
2000000,10656,French,5.261065,10-04-1985,390659,01:44,Released,Subway,6.3,86,,,,,,Gaumont,,,,,,
0,24363,English,6.337735,15-04-2005,0,01:37,Released,House of D,6.1,23,,,,,,Tribeca Productions,Bob Yari Productions,Southpaw Entertainment,Jeff Skoll Productions,,,
0,13121,English,7.359286,19-01-2007,0,01:34,Released,Teeth,5.2,210,,,,,,Teeth,,,,,,
2000000,24746,English,1.892183,18-09-1998,124494,01:31,Released,Six-String Samurai,5.8,36,,,,,,HSX Films,,,,,,
0,325140,English,0.001186,26-05-2000,0,00:00,Released,Hum To Mohabbat Karega,0,0,,,,,,[],,,,,,
2000000,12109,English,3.911445,12-09-2004,120620,01:30,Released,It's All Gone Pete Tong,7.1,52,,,,,,[],,,,,,
3800000,27023,English,2.559806,10-06-2009,111731,01:24,Released,Saint John of Las Vegas,5.9,18,,,,,,[],,,,,,
0,22913,English,0.744406,31-08-1997,0,01:36,Released,24 7: Twenty Four Seven,6.3,10,,,,,,Scala Films,,,,,,
13500000,273899,English,5.16023,18-09-2015,187674,02:09,Released,Stonewall,5.2,32,,,,,,Centropolis Entertainment,Mel's Cite du Cinema,,,,,
7000000,20653,English,0.253595,24-10-2008,1100000,01:33,Released,Roadside Romeo,6.7,3,,,,,,Walt Disney Pictures,Yash Raj Films,Walt Disney Studios Motion Pictures,Disney World Cinema,,,
0,67373,English,0.046868,01-01-2005,0,01:40,Released,This Thing of Ours,5,1,,,,,,[],,,,,,
0,171759,English,2.952932,01-03-2013,0,01:37,Released,The Lost Medallion: The Adventures of Billy Stone,5.6,13,,,,,,Kaos Entertainment,,,,,,
0,206296,English,5.563068,03-11-2014,0,01:34,Released,The Last Five Years,5.5,143,,,,,,Lucky Monkey Pictures,Sh-K-Boom Records,Grand Peaks Entertainment,Radius-TWC,,,
0,35219,English,1.161034,16-01-2009,0,01:35,Released,The Missing Person,6.4,9,,,,,,Strand Releasing,The 7th Floor,Apropos Films,,,,
2000000,28260,English,7.502934,01-10-1993,54207,01:37,Released,Return of the Living Dead 3,5.9,88,,,,,,Ozla Productions,,,,,,
0,7515,English,5.350423,10-02-2005,0,01:32,Released,London,6.1,96,,,,,,Destination Films,Silver Nitrate Films,National Film and Television School (NFTS),LHR Productions Inc.,,,
2000000,13075,English,4.261509,08-09-2006,622806,01:36,Released,Sherrybaby,6.3,41,,,,,,Red Envelope Entertainment,,,,,,
0,335866,English,6.752141,02-10-2015,0,01:27,Released,Circle,6,333,,,,,,Votiv Films,Taggart Productions,,,,,
0,13510,English,20.362373,12-09-2008,3983997,01:31,Released,Eden Lake,6.7,406,,,,,,Aramid Entertainment Fund,Rollercoaster Films,,,,,
0,215881,English,5.099368,13-09-2013,0,01:38,Released,Plush,5.4,40,,,,,,Blumhouse Productions,IM Global Octane,Reliance,,,,
0,18238,English,6.632891,16-03-2009,0,01:26,Released,Lesbian Vampire Killers,5.3,124,,,,,,AV Pictures,,,,,,
0,22600,English,1.717376,11-02-2008,0,02:00,Released,Gangster's Paradise: Jerusalema,6.8,16,,,,,,Muti Films,,,,,,
0,12612,English,4.922397,01-05-2004,0,01:39,Released,Freeze Frame,6.9,18,,,,,,[],,,,,,
1000000,50698,English,13.222268,09-09-2011,0,01:32,Released,Grave Encounters,6.1,381,,,,,,Darclight,Twin Engine Films,Digital Interference Productions,,,,
100000,115210,English,7.447714,19-05-2012,95000,01:26,Released,Stitches,5.5,92,,,,,,B\u00f3rd Scann\u00e1n na h\u00c9ireann,Irish Film Board,Fantastic Films,MPI Media Group,,,
2000000,34335,English,9.68793,01-01-2010,0,01:38,Released,Nine Dead,5.2,84,,,,,,Hartbreak Films,,,,,,
2,459488,English,0.050625,12-12-2015,0,00:00,Released,"To Be Frank, Sinatra at 100",0,0,,,,,,Eyeline Entertainment,,,,,,
2000000,11302,English,5.941852,28-04-1971,11833696,01:22,Released,Bananas,6.7,165,,,,,,United Artists,Jack Rollins & Charles H. Joffe Productions,,,,,
0,119458,English,0.174311,10-08-2012,0,01:43,Released,Supercapitalist,3.5,2,,,,,,[],,,,,,
0,20406,English,0.361554,07-07-2007,0,01:16,Released,Rockaway,5.8,2,,,,,,Rockaway the Movie,Off Hollywood Pictures,Panamax Films,Crook Brothers Productions,,,
2300000,3766,English,8.055084,24-12-1947,0,01:27,Released,The Lady from Shanghai,7.2,102,,,,,,Columbia Pictures Corporation,Mercury Productions,,,,,
2000000,18616,English,4.346271,01-05-2008,0,01:28,Released,No Man's Land: The Rise of Reeker,4.4,27,,,,,,"Institution, The",,,,,,
14000000,18808,English,3.419685,01-01-2002,0,01:37,Released,Highway,5.6,37,,,,,,Alex Entertainment Inc.,,,,,,
2000000,95755,English,5.100741,10-03-2012,0,01:36,Released,Small Apartments,5.7,50,,,,,,Deviant Films,Morocco Junction Pictures,1812 Productions,,,,
0,198062,English,2.253589,09-07-2013,0,01:27,Released,Coffee Town,6.7,45,,,,,,[],,,,,,
0,188652,English,0.209475,26-04-2013,0,01:46,Released,The Ghastly Love of Johnny X,6.6,8,,,,,,[],,,,,,
0,174311,English,3.613577,10-09-2013,0,01:47,Released,All Is Bright,5.3,36,,,,,,Sidney Kimmel Entertainment,Touchy Feely Films,GreenStreet Films,,,,
0,12602,German,1.296784,05-10-1967,0,01:25,Released,The Torture Chamber of Dr. Sadism,6.3,12,,,,,,Constantin Film Produktion,,,,,,
7000000,153795,English,4.50829,16-01-2013,0,01:28,Released,Straight A's,5.2,46,,,,,,Nu Image Films,Millennium Films,The Group Films,,,,
0,17768,English,8.902102,16-10-1966,0,01:39,Released,A Funny Thing Happened on the Way to the Forum,6.1,24,,,,,,United Artists,Melvin Frank Production,,,,,
0,13516,English,1.619635,27-09-2007,0,01:42,Released,Slacker Uprising,5.9,10,,,,,,[],,,,,,
0,98549,English,1.002585,03-03-2011,0,01:48,Released,The Legend of Hell's Gate: An American Conspiracy,3.9,8,,,,,,Silver Sail Entertainment,4Go West Productions,Flatiron Pictures,,,,
0,312793,English,1.332804,20-03-2015,0,01:30,Released,The Walking Deceased,4.2,35,,,,,,Splendid Film,,,,,,
2000000,309919,English,2.00163,21-08-2015,0,01:29,Released,The Curse of Downers Grove,4.4,24,,,,,,Myriad Pictures,AliBella Pictures,Bystander Films,Management Production Entertainment (MPE),,,
2000000,299553,English,1.187764,02-10-2015,0,01:32,Released,Shark Lake,4.4,19,,,,,,FLF Films,Bottom Line Entertainment,Parkside Pictures,,,,
19000000,21309,English,6.463806,27-08-1986,0,01:39,Released,River's Edge,6.7,59,,,,,,Hemdale Film,Island,,,,,
0,32235,English,1.980265,01-01-2003,0,01:43,Released,Northfork,6.7,24,,,,,,[],,,,,,
1950000,329540,English,3.696123,10-04-2015,0,01:30,Released,The Marine 4: Moving Target,5.8,49,,,,,,WWE Studios,,,,,,
1987650,26388,English,32.841229,24-09-2010,19152480,01:34,Released,Buried,6.6,827,,,,,,Studio 37,Versus Entertainment,The Safran Company,Dark Trick Films,,,
0,49020,English,8.518866,18-03-2011,864659,01:37,Released,Submarine,7.4,443,,,,,,Film4,Film Agency for Wales,Red Hour Films,Warp (Submarine),,,
0,159037,Arabic,4.892203,07-06-2013,0,01:28,Released,The Square,7.8,55,,,,,,Roast Beef Productions,Worldview Entertainment,Noujaim Films,,,,
0,12838,French,4.665026,21-07-2006,0,01:35,Released,One to Another,5.8,12,,,,,,R\u00e9gion Provence C\u00f4te d'Azur,La Fabrique de Films,Canal+,Toloda,,,
0,157293,Hindi,1.294967,07-02-2013,222000,02:40,Released,ABCD (Any Body Can Dance),5.6,10,,,,,,UTV Motion Pictures,,,,,,
0,14048,English,14.331992,25-07-2008,2957978,01:34,Released,Man on Wire,7.5,275,,,,,,UK Film Council,Red Box Films,Discovery Films,BBC Storyville,,,
0,356987,English,3.068463,30-08-2015,0,01:22,Released,Abandoned,5.8,27,,,,,,Making Movies,,,,,,
1900000,295886,English,1.367751,24-04-2015,0,01:29,Post Production,Brotherly Love,6.9,21,,,,,,[],,,,,,
1800000,38358,English,14.838986,27-08-2010,67738090,01:27,Released,The Last Exorcism,5.6,328,,,,,,Strike Entertainment,StudioCanal,Arcade Pictures,,,,
0,33511,English,1.950959,25-12-2009,0,01:38,Released,Nowhere Boy,7.2,244,,,,,,Ecosse Films,UK Film Council,Film4,Lipsync Productions,,,
1800000,702,English,14.884756,18-09-1951,8000000,02:05,Released,A Streetcar Named Desire,7.6,281,,,,,,Charles K. Feldman Group,Warner Bros.,,,,,
1800000,935,English,41.996783,29-01-1964,9440272,01:35,Released,Dr. Strangelove or: How I Learned to Stop Worrying and Love the Bomb,8,1442,,,,,,Hawk Films,Columbia Pictures Corporation,,,,,
1800000,542,Spanish,2.179428,01-10-2002,0,01:58,Released,The Crime of Padre Amaro,6.2,36,,,,,,Instituto Mexicano de Cinematograf\u00eda,Alameda Films,Cinecolor-M\u00e9xico,Cinecolor-Argentina,,,
1800000,84175,English,12.471239,29-06-2012,21107746,01:33,Released,Beasts of the Southern Wild,6.8,403,,,,,,Journeyman Pictures,Court 13 Pictures,Cinereach,,,,
1700000,1705,English,13.315383,15-06-1973,8844595,01:33,Released,Battle for the Planet of the Apes,5.5,215,,,,,,Twentieth Century Fox Film Corporation,Apjac International,,,,,
0,62677,English,3.363321,01-03-2001,0,01:49,Released,Songcatcher,5.6,9,,,,,,Rigas Entertainment,ErgoArts,,,,,
2000000,50875,English,1.699101,26-08-2011,841733,01:49,Post Production,Higher Ground,5.3,14,,,,,,[],,,,,,
0,260778,Tamil,0.320387,14-08-2015,0,02:35,Released,Vaalu,6.7,5,,,,,,Nic Arts,Simbu Cine Arts,,,,,
0,58492,English,0.692497,22-04-2011,621951,01:27,Released,The Greatest Movie Ever Sold,6.4,88,,,,,,Snoot Entertainment,,,,,,
0,44562,English,0.023436,04-06-1993,0,01:33,Released,Ed and His Dead Mother,5.5,12,,,,,,[],,,,,,
0,37232,English,0.749699,09-09-2003,0,01:48,Released,Travellers and Magicians,6.8,9,,,,,,Prayer Flag Pictures,,,,,,
1800000,4929,English,11.756943,31-07-1968,6800000,01:54,Released,Hang 'em High,6.7,192,,,,,,United Artists,,,,,,
0,36334,English,0.225627,14-03-1952,0,01:27,Released,Deadline - U.S.A.,6.9,17,,,,,,Twentieth Century Fox Film Corporation,,,,,,
0,9783,English,6.833164,15-06-2007,0,01:53,Released,Sublime,5.3,33,,,,,,Raw Feed,,,,,,
0,386826,English,0.060127,04-03-2016,0,01:27,Released,A Beginner's Guide to Snuff,0,0,,,,,,[],,,,,,
1800000,205126,English,1.959405,27-06-2013,0,01:26,Released,Independence Daysaster,4.2,22,,,,,,Independence Day Productions,,,,,,
1800000,98557,English,0.21544,03-02-2012,0,01:41,Released,Dysfunctional Friends,5,4,,,,,,[],,,,,,
1530000,104,German,27.36562,20-08-1998,7267585,01:21,Released,Run Lola Run,7.2,664,,,,,,X-Filme Creative Pool,Westdeutscher Rundfunk (WDR),,,,,
500000,10894,English,8.650779,13-01-2002,150277,01:33,Released,May,6.3,152,,,,,,A Loopy Production LLC,2 Loop Films,,,,,
1493619,246449,English,2.492747,29-12-2013,0,01:30,Released,Against the Wild,4.9,19,,,,,,Against the Wild Films,,,,,,
0,32579,Spanish,2.756435,20-03-2008,23311391,01:46,Released,Under the Same Moon,7,28,,,,,,The Weinstein Company,Fidecine,Creando Films,Potomac Pictures,,,
1700000,1688,English,18.828683,29-06-1972,9700000,01:28,Released,Conquest of the Planet of the Apes,6.1,236,,,,,,Twentieth Century Fox Film Corporation,APJAC Productions,,,,,
1700000,1999,English,6.979638,23-11-2001,0,02:10,Released,In the Bedroom,6.4,89,,,,,,Miramax Films,GreeneStreet/SKE Films,,,,,
2000000,43947,English,26.281839,17-06-2010,572809,01:48,Released,I Spit on Your Grave,6.3,519,,,,,,Anchor Bay Films,Cinetel Films,Family of the Year Productions,,,,
1700000,24066,English,2.079125,03-12-1999,1943649,01:38,Released,"Happy, Texas",5.5,39,,,,,,Miramax Films,Marked Entertainment,,,,,
0,9709,English,3.939753,20-08-2004,0,01:26,Released,My Summer of Love,6,59,,,,,,[],,,,,,
1000000,191714,Hindi,14.017809,19-09-2013,4235151,01:44,Released,The Lunchbox,7.3,221,,,,,,UTV Motion Pictures,,,,,,
0,25312,English,3.677831,05-08-2005,0,01:40,Released,Yes,5.9,7,,,,,,GreeneStreet Films,UK Film Council,Studio Fierberg,Adventure Pictures,,,
1644736,34106,English,3.426314,23-08-1938,7433101,02:06,Released,You Can't Take It With You,7.2,79,,,,,,Columbia Pictures,,,,,,
1650000,11426,English,6.915201,04-08-1953,30500000,01:58,Released,From Here to Eternity,7.2,133,,,,,,Columbia Pictures Corporation,,,,,,
1600000,13909,English,8.535178,22-10-1949,5400000,01:43,Released,She Wore a Yellow Ribbon,7.1,61,,,,,,RKO Radio Pictures,,,,,,
0,206284,English,2.160586,04-10-2013,0,01:42,Released,Grace Unplugged,6,24,,,,,,Coram Deo Studios,Birchwood Pictures,,,,,
0,27455,English,0.796009,09-04-1999,6033999,01:24,Released,Foolish,6.3,3,,,,,,No Limit Films,Shooting Star Pictures,,,,,
0,66468,English,0.13456,15-10-2010,2592808,00:00,Released,N-Secure,4.3,4,,,,,,[],,,,,,
0,7973,Arabic,4.554574,01-07-2007,0,01:36,Released,Caramel,6.8,52,,,,,,Bac Films,Les Films des Tournelles,Les Films de Beyrouth,Roissy Films,,,
0,283686,English,3.215465,27-08-2014,0,01:32,Released,Out of the Dark,4.6,55,,,,,,Participant Media,Imagenation Abu Dhabi FZ,Dynamo,Apaches Entertainment,,,
0,15976,Hebrew,1.49436,06-06-2006,0,01:54,Released,The Bubble,7.6,20,,,,,,Metro Productions,Israeli Film Fund,Keshet Hot,Uchovsky Fox,,,
1600000,592,English,20.810292,07-04-1974,4420000,01:53,Released,The Conversation,7.5,372,,,,,,Paramount Pictures,The Coppola Company,The Directors Company,,,,
0,74084,Hindi,0.122704,07-12-2006,0,00:00,Released,Dil Jo Bhi Kahey...,0,0,,,,,,Entertainment One Pvt. Ltd.,,,,,,
0,1651,French,3.654018,18-06-1969,0,02:03,Released,Mississippi Mermaid,6.7,32,,,,,,Les Films du Carrosse,Les Productions Artistes Associ\u00e9s,Produzioni Associate Delphos,,,,
0,25428,English,3.313339,05-10-2003,0,01:51,Released,I Love Your Work,6.5,2,,,,,,[],,,,,,
0,298584,English,5.379319,12-02-2016,0,01:39,Released,Cabin Fever,4.4,111,,,,,,Armory Films,Pelican Point Media,Contend,,,,
2000000,10758,English,9.67299,25-05-2007,22179430,01:48,Released,Waitress,6.7,129,,,,,,Night and Day Pictures,,,,,,
1500000,11690,English,17.49699,26-02-1988,11806119,01:32,Released,Bloodsport,6.6,363,,,,,,Cannon Films,,,,,,
1500000,3083,English,12.2624,19-10-1939,9600000,02:09,Released,Mr. Smith Goes to Washington,7.9,241,,,,,,Columbia Pictures,,,,,,
1500000,9344,English,13.291991,28-07-1995,7412216,01:31,Released,Kids,6.8,279,,,,,,Miramax Films,,,,,,
1500000,10707,English,13.788054,05-10-2005,11098131,01:21,Released,The Squid and the Whale,6.9,226,,,,,,Destination Films,Samuel Goldwyn Films,Sony Pictures International,,,,
1000000,15647,English,3.990215,21-04-2001,10013424,01:37,Released,Kissing Jessica Stein,5.9,48,,,,,,Fox Searchlight Pictures,Eden Wurmfeld Films,Cineric,Michael Alden Productions,,,
17000000,308529,English,6.526588,14-07-2016,0,01:30,Released,Kickboxer: Vengeance,4.5,99,,,,,,Radar Pictures,Headmon Entertainment & Productions,,,,,
1500000,4174,English,11.145915,28-12-1945,7000000,01:51,Released,Spellbound,7.3,160,,,,,,Selznick International Pictures,,,,,,
0,20156,English,5.446832,24-09-1994,0,01:43,Released,Exotica,6.5,64,,,,,,Miramax Films,Alliance Entertainment,Ego Film Arts,,,,
1500000,9464,English,10.009994,20-01-1998,2375097,01:50,Released,Buffalo '66,7.1,166,,,,,,[],,,,,,
1500000,49018,English,58.594852,13-09-2010,97009150,01:43,Released,Insidious,6.8,1737,,,,,,Alliance Films,IM Global,Stage 6 Films,Haunted Movies,,,
1500000,13820,English,11.35344,20-02-1984,2300000,01:32,Released,Repo Man,6.7,144,,,,,,Edge City,,,,,,
1500000,18079,Spanish,8.589355,31-08-2000,0,01:54,Released,Nine Queens,7.4,153,,,,,,Naya Films S.A.,Patagonik Film Group,,,,,
0,127918,English,2.828303,09-07-2012,0,01:41,Released,The Gatekeepers,6.5,39,,,,,,Les Films du Poisson,Cinephil,RTBF,Arte France,,,
1500000,17113,English,3.618646,25-03-2005,712294,01:51,Released,The Ballad of Jack and Rose,6.5,43,,,,,,Elevation Filmworks,Initial Entertainment Group (IEG),IFC Productions,Jack and Rose Productions,,,
1500000,129139,English,15.017068,24-07-2013,3566225,01:44,Released,The To Do List,5.5,342,,,,,,3 Arts Entertainment,The Mark Gordon Company,,,,,
1500000,507,English,5.817519,01-10-1993,418961,01:36,Released,Killing Zoe,6.1,111,,,,,,Live Entertainment,,,,,,
1500000,4012,English,9.856826,19-01-2001,416925,01:38,Released,The Believer,6.8,151,,,,,,Fuller Films,Seven Arts Pictures,,,,,
0,14054,English,4.262374,07-03-2008,414404,01:46,Released,Snow Angels,6.5,48,,,,,,Crossroads Films,,,,,,
0,323271,English,0.06124,28-08-2015,0,01:33,Released,Unsullied,3,1,,,,,,[],,,,,,
1500000,10972,English,11.064228,10-08-2001,373967,01:40,Released,Session 9,6.2,251,,,,,,October Films,USA Films,Scout Productions,,,,
0,13066,English,1.742383,01-01-2006,0,01:20,Released,I Want Someone to Eat Cheese With,5.7,12,,,,,,[],,,,,,
0,66025,English,0.414754,11-02-2011,330048,01:35,Released,Mooz-lum,4.5,3,,,,,,[],,,,,,
0,11908,English,12.677016,27-04-2006,0,01:23,Released,Hatchet,5.7,159,,,,,,ArieScope Pictures,,,,,,
1,3082,English,28.27648,05-02-1936,8500000,01:27,Released,Modern Times,8.1,856,,,,,,United Artists,Charles Chaplin Productions,,,,,
0,39541,English,0.87066,22-03-2002,0,01:31,Released,Stolen Summer,6.4,9,,,,,,[],,,,,,
1500000,1961,English,7.5591,01-10-2007,173066,01:26,Released,My Name Is Bruce,5.9,107,,,,,,Dark Horse Entertainment,Image Entertainment,,,,,
1500000,51820,English,2.02817,13-01-2005,0,00:00,Released,The Salon,3.5,1,,,,,,[],,,,,,
1500000,291362,English,0.859014,06-03-2015,0,01:37,Released,Road Hard,6.6,8,,,,,,Sontalia,,,,,,
1500000,30082,English,0.071377,07-12-2005,0,01:48,Released,Forty Shades of Blue,6,2,,,,,,Charlie Guidance,Flux Films,High Line Productions,Tiny Dancer Films,,,
1200000,72913,English,0.193172,14-07-2010,0,02:08,Released,Amigo,6,2,,,,,,Anarchist's Convention Films,,,,,,
1500000,23963,English,4.680206,06-03-2009,32000,01:33,Released,Pontypool,6.6,183,,,,,,Ponty Up Pictures,Shadow Shows,,,,,
2000000,29406,English,1.20173,24-04-2008,0,01:30,Released,Trucker,6.8,16,,,,,,Plum Pictures,Hanson Allen Films,Hart-Lunsford Pictures,,,,
1,361505,English,0.094105,07-07-2015,0,01:30,Released,Me You and Five Bucks,10,2,,,,,,[],,,,,,
1500000,104755,English,14.504326,10-09-2012,1165882,01:41,Released,The Lords of Salem,5.1,242,,,,,,Alliance Films,Blumhouse Productions,IM Global,Automatik Entertainment,,,
0,253306,English,10.322858,04-09-2014,0,01:49,Released,Housebound,6.5,358,,,,,,Semi-Professional,,,,,,
0,29595,English,1.404175,04-11-2005,0,01:38,Released,Wal-Mart: The High Cost of Low Price,6.9,24,,,,,,Brave New Films,,,,,,
1,46729,English,0.077876,01-10-2005,0,01:27,Released,Fetching Cody,6.8,6,,,,,,Cheap and Dirty Productions Inc.,,,,,,
0,294600,English,0.35819,01-01-2013,0,01:38,Released,Last I Heard,6,1,,,,,,[],,,,,,
9000000,137347,English,9.159265,29-11-2013,0,01:52,Released,Closer to the Moon,6.4,13,,,,,,Mandragora Movies,Agresywna Banda,Denis Friedman Productions,,,,
0,290370,English,1.893697,27-09-2014,1500000,01:25,Released,Mutant World,2.6,9,,,,,,Nomadic Pictures,,,,,,
0,426469,English,0.71087,03-02-2017,0,01:42,Released,Growing Up Smith,7.4,7,,,,,,[],,,,,,
0,356841,English,1.105357,03-07-2015,0,01:42,Released,Checkmate,4.2,13,,,,,,Status Media & Entertainment,Puppy Entertainment,,,,,
1500000,301325,German,2.815228,20-11-2015,0,01:30,Released,#Horror,3.3,52,,,,,,AST Studios,Lowland Pictures,,,,,
0,347755,English,0.446858,28-01-2016,0,01:33,Released,Wind Walkers,7.5,6,,,,,,[],,,,,,
1488423,408,English,80.171283,20-12-1937,184925486,01:23,Released,Snow White and the Seven Dwarfs,6.9,1914,,,,,,Walt Disney Productions,,,,,,
1400000,44413,Spanish,0.684881,06-05-2004,0,01:46,Released,The Holy Girl,6.8,10,,,,,,R&C Produzioni,Teodora Film,La Pasionaria S.r.l.,,,,
1455000,39209,English,3.598457,06-11-1968,2620000,01:53,Released,Shalako,5.4,12,,,,,,Central Cinema Company Film,Palomar Pictures International,Kingston Film Productions Ltd.,,,,
1,48463,English,1.452152,17-12-2004,0,01:34,Released,Incident at Loch Ness,5.9,18,,,,,,[],,,,,,
2000000,394047,English,1.193219,08-07-2016,0,01:41,Released,The Dog Lover,5.3,6,,,,,,ESX Productions,ESX Entertainment,,,,,
3150000,312791,English,8.039223,16-10-2014,0,01:40,Released,GirlHouse,5.2,97,,,,,,Brookstreet Pictures,,,,,,
0,266034,French,2.486992,16-05-2014,0,01:15,Released,The Blue Room,6.2,32,,,,,,Alfama Films,,,,,,
0,280381,English,0.43049,11-01-2014,0,01:31,Released,House at the End of the Drive,0,0,,,,,,Allure Entertainment,,,,,,
1377800,2661,English,9.815394,30-07-1966,0,01:45,Released,Batman,6.1,203,,,,,,Twentieth Century Fox Film Corporation,DC Comics,William Dozier Productions,Greenlawn Productions,,,
1350000,100,English,16.032594,05-03-1998,3897569,01:45,Released,"Lock, Stock and Two Smoking Barrels",7.5,1648,,,,,,Handmade Films Ltd.,Summit Entertainment,PolyGram Filmed Entertainment,SKA Films,,,
0,218500,English,0.592821,19-08-1983,0,01:44,Released,The Ballad of Gregorio Cortez,0,0,,,,,,Moctesuma Esparza Productions,,,,,,
1300000,309,Danish,10.240917,20-05-1998,0,01:45,Released,The Celebration,7.7,207,,,,,,Nordic Film,Sveriges Television (SVT),Nimbus Film Productions,,,,
0,27845,English,3.443916,11-10-1996,0,01:35,Released,Trees Lounge,6.7,51,,,,,,[],,,,,,
1300000,25784,Vietnamese,0.072066,22-02-2006,639000,02:15,Released,Journey from the Fall,5,1,,,,,,[],,,,,,
0,52790,English,0.430758,05-05-2000,619042,01:45,Released,The Basket,6.5,6,,,,,,[],,,,,,
0,100275,English,0.143784,22-04-2012,1632,01:19,Released,Eddie: The Sleepwalking Cannibal,6.1,30,,,,,,Det Danske Filminstitut,T\u00e9l\u00e9film Canada,Fridthjof Film,Make A Move,,,
0,295914,Kyrgyz,0.077873,22-08-2014,0,02:15,Released,Queen of the Mountains,0,0,,,,,,Kirghizfilm,Aitysh Film,,,,,
0,42033,English,0.319792,15-03-1985,0,01:28,Released,Def-Con 4,2.8,10,,,,,,New World Pictures,Salter Street Films International,,,,,
1000000,19187,English,1.600797,01-01-2003,0,01:25,Released,The Hebrew Hammer,5.9,18,,,,,,ContentFilm,Comedy Central Films,,,,,
0,46415,English,0.285131,09-12-2005,0,02:02,Released,Neal 'n' Nikki,2.3,4,,,,,,Yash Raj Films,,,,,,
0,38570,English,5.628399,08-06-2010,0,01:22,Released,The 41–Year–Old Virgin Who Knocked Up Sarah Marshall and Felt Superbad About It,3.2,34,,,,,,Silver Nitrate Films,,,,,,
0,27588,English,5.065752,22-10-2009,0,01:43,Released,Forget Me Not,5,66,,,,,,Capstone Entertainment Group,Vindicated Pictures,,,,,
1288000,223,English,18.426825,12-04-1940,6000000,02:10,Released,Rebecca,7.7,336,,,,,,Selznick International Pictures,,,,,,
1250000,9725,English,16.517777,01-05-1981,21722776,01:27,Released,Friday the 13th Part 2,6,315,,,,,,Paramount Pictures,"Georgetown Productions, Inc.",,,,,
1250000,28580,English,6.903314,25-11-1945,11000000,01:41,Released,The Lost Weekend,7.4,112,,,,,,Paramount,,,,,,
1250000,23730,English,4.45544,31-08-1984,3412497,01:28,Released,C.H.U.D.,5.3,62,,,,,,New World Pictures,C.H.U.D. Productions,,,,,
0,84197,English,0.106949,19-04-2013,0,01:40,Released,Filly Brown,5.9,10,,,,,,[],,,,,,
15000000,46256,English,0.165909,03-06-2011,0,01:27,Released,The Lion of Judah,5.8,2,,,,,,Sunrise Productions,Animated Family Films,Character Matters,,,,
1250000,19997,English,9.903992,21-01-1953,8500000,01:32,Released,Niagara,6.7,79,,,,,,Twentieth Century Fox Film Corporation,,,,,,
1250000,43266,English,7.70019,28-10-1941,6000000,01:58,Released,How Green Was My Valley,6.8,72,,,,,,Twentieth Century Fox Film Corporation,,,,,,
0,278316,English,4.480579,22-06-2014,0,02:03,Released,Da Sweet Blood of Jesus,4.1,13,,,,,,40 Acres & A Mule Filmworks,,,,,,
1200000,1412,English,10.869492,18-08-1989,0,01:40,Released,"Sex, Lies, and Videotape",6.7,185,,,,,,Miramax Films,Outlaw Productions,Virgin,,,,
1200000,176,English,63.655973,01-10-2004,103911669,01:43,Released,Saw,7.2,2184,,,,,,Lions Gate Films,Twisted Pictures,Evolution Entertainment,Saw Productions Inc.,,,
3000000,39939,English,16.312803,18-01-2001,18492362,01:40,Released,Super Troopers,6.6,362,,,,,,Fox Searchlight Pictures,Broken Lizard Industries,,,,,
1,357834,English,0.025364,07-08-2015,0,01:39,Released,The Algerian,0,0,,,,,,Zelko Films,,,,,,
1300000,215924,Spanish,1.473405,10-08-2013,0,01:27,Released,The Amazing Catfish,5.7,17,,,,,,Cine Canibal,,,,,,
0,480,Hindi,8.109958,30-08-2001,0,01:54,Released,Monsoon Wedding,6.8,57,,,,,,IFC Films,Mirabai Films,The Criterion Collection,,,,
0,14295,English,7.142448,17-11-2000,0,01:51,Released,You Can Count on Me,6.8,88,,,,,,Cappa Productions,Hart-Sharp Entertainment,Crush Entertainment,,,,
1200000,11219,English,6.920873,03-10-1955,7000000,01:39,Released,The Trouble with Harry,6.9,149,,,,,,Paramount Pictures,Alfred J. Hitchcock Productions,,,,,
0,20770,English,4.826908,12-09-1999,0,01:25,Released,But I'm a Cheerleader,6.5,101,,,,,,Ignite Entertainment,,,,,,
1200000,176124,English,3.085411,19-04-2013,2861020,01:54,Released,Home Run,6.3,24,,,,,,Samuel Goldwyn,Provident Films,,,,,
1200000,500,English,66.925866,02-09-1992,14661007,01:39,Released,Reservoir Dogs,8,3697,,,,,,Live Entertainment,Lionsgate,Dog Eat Dog Productions Inc.,,,,
0,60400,English,1.280733,19-01-1940,0,01:28,Released,The Blue Bird,6.4,8,,,,,,Twentieth Century Fox Film Corporation,,,,,,
1200000,429,Italian,88.377076,23-12-1966,6000000,02:41,Released,"The Good, the Bad and the Ugly",8.1,2311,,,,,,United Artists,Constantin Film Produktion,Produzioni Europee Associati (PEA),Arturo Gonz\u00e1lez Producciones Cinematogr\u00e1ficas S.A.,,,
0,310569,Portuguese,9.683622,08-02-2015,0,01:50,Released,The Second Mother,7.8,165,,,,,,Gullane Entretenimento S.A.,\u00c1frica Filmes,,,,,
1250000,98369,English,1.6116,13-04-2012,0,01:46,Released,Blue Like Jazz,5.8,25,,,,,,Ruckus Films,,,,,,
0,114065,English,0.002386,20-03-2003,0,01:28,Released,Down & Out With The Dolls,0,0,,,,,,[],,,,,,
900000,89750,English,0.097913,11-09-2011,25000,01:37,Released,"Pink Ribbons, Inc.",6.8,6,,,,,,National Film Board of Canada (NFB),,,,,,
1200000,49951,English,0.047781,01-03-2007,0,01:25,Released,Certifiably Jonathan,0,0,,,,,,[],,,,,,
1344000,86331,French,20.422246,14-09-2011,0,01:43,Released,Desire,4.1,140,,,,,,Acajou Films,Rebel Rebel,Birka Holding,,,,
0,355629,English,0.021678,27-10-2013,0,01:38,Released,The Blade of Don Juan,0,0,,,,,,[],,,,,,
0,16433,English,1.998557,18-06-2003,0,01:28,Released,Grand Theft Parsons,6,11,,,,,,[],,,,,,
0,15544,English,8.148187,05-12-2008,0,01:28,Released,Extreme Movie,3.9,44,,,,,,FlipZide Pictures,,,,,,
1200000,43884,English,2.968235,20-10-1936,2736000,01:55,Released,The Charge of the Light Brigade,6.8,18,,,,,,Warner Bros.,,,,,,
0,107315,English,1.36514,22-10-2011,0,00:00,Released,Below Zero,4.4,12,,,,,,[],,,,,,
1200000,137955,English,0.057564,01-01-2012,0,01:24,Released,Crowsnest,4.8,12,,,,,,[],,,,,,
2600000,13064,English,8.001156,17-09-1993,2850263,01:31,Released,Airborne,6.1,20,,,,,,[],,,,,,
1200000,59917,English,1.079125,27-05-1970,0,01:37,Released,Cotton Comes to Harlem,6.7,13,,,,,,[],,,,,,
0,157422,English,1.906151,16-10-2015,0,01:31,Released,The Wicked Within,4.2,26,,,,,,After Dark Films,High Five Films,,,,,
0,310933,English,0.100533,01-06-2013,0,00:00,Released,Bleeding Hearts,2,1,,,,,,[],,,,,,
3000000,7553,English,10.230583,07-10-2005,18637690,01:34,Released,Waiting...,6.2,237,,,,,,L.I.F.T. Production,Eden Rock Media,,,,,
0,12877,English,12.818441,29-09-2004,0,01:30,Released,Dead Man's Shoes,7.2,151,,,,,,EM Media,Big Arty Productions,Film4,Warp Films,,,
1100000,39895,English,1.220072,25-09-1987,1400000,01:39,Released,From a Whisper to a Scream,6.8,15,,,,,,Conquest Productions,,,,,,
0,102840,English,0.014406,22-02-2002,0,00:00,Released,Sex With Strangers,5,1,,,,,,[],,,,,,
1596010,55616,English,0.552361,28-02-2002,0,01:15,Released,Dracula: Pages from a Virgin's Diary,6.9,8,,,,,,Canadian Broadcasting Corporation (CBC),Dracula Productions Inc.,Vonnie Von Helmolt Film,,,,
0,29697,English,0.147886,27-10-2006,0,01:37,Released,Faith Like Potatoes,6,9,,,,,,Global Creative Studios,,,,,,
1100000,50037,English,7.717237,03-12-2010,0,01:50,Released,Beyond the Black Rainbow,5.7,77,,,,,,Chromewood Productions,,,,,,
1100000,94329,Indonesian,40.285095,08-09-2011,4105187,01:41,Released,The Raid,7.3,1055,,,,,,Celluloid Dreams,Pt. Merantau Films,XYZ Films,,,,
0,53502,English,0.249457,13-05-2010,0,01:30,Released,The Dead Undead,3.1,6,,,,,,[],,,,,,
0,202604,English,0.447166,29-05-2013,0,00:00,Released,The Vatican Exorcisms,4.4,11,,,,,,[],,,,,,
878000,289,English,43.729123,26-11-1942,10462500,01:42,Released,Casablanca,7.9,1422,,,,,,Warner Bros.,,,,,,
0,27374,English,4.653047,17-06-2008,0,01:24,Released,Lake Mungo,6.1,90,,,,,,Mungo Productions,,,,,,
1250000,26815,Hindi,3.000435,11-12-2009,0,02:36,Released,Rocket Singh: Salesman of the Year,7,27,,,,,,Yash Raj Films,,,,,,
1000000,811,English,11.095414,09-03-1972,0,01:29,Released,Silent Running,6.3,177,,,,,,Universal Pictures,Trumbull/Gruskoff Productions,,,,,
1000000,1366,English,72.19808,21-11-1976,117235147,01:59,Released,Rocky,7.5,1791,,,,,,United Artists,,,,,,
0,244776,English,0.926084,20-01-2014,0,01:32,Released,The Sleepwalker,4.1,7,,,,,,Tandem Pictures,4 1/2 Film,,,,,
1000000,5769,English,2.833166,06-10-1963,37600000,02:08,Released,Tom Jones,6.1,39,,,,,,Woodfall Film Productions,,,,,,
1000000,277685,English,41.972329,17-04-2015,62882090,01:22,Released,Unfriended,5.5,1047,,,,,,Bazelevs Production,Blumhouse Productions,,,,,
1300000,103,English,58.845025,07-02-1976,28262574,01:54,Released,Taxi Driver,8,2535,,,,,,Columbia Pictures Corporation,Italo/Judeo Productions,Bill/Phillips,,,,
1000000,11298,English,6.532855,03-04-1981,17985893,01:31,Released,The Howling,6.4,161,,,,,,AVCO Embassy Pictures,International Film Investors,Wescom Productions,,,,
950000,646,English,48.901542,04-10-1962,59600000,01:50,Released,Dr. No,6.9,940,,,,,,United Artists,Eon Productions,,,,,
0,93856,English,20.649145,24-05-2012,18112929,01:28,Released,Chernobyl Diaries,4.9,483,,,,,,Alcon Entertainment,FilmNation Entertainment,Oren Peli / Brian Witten Pictures,,,,
1000000,9003,English,22.583834,11-09-1987,14564027,01:34,Released,Hellraiser,6.9,449,,,,,,New World Pictures,Cinemarque Entertainment BV,Film Futures,Rivdel Films,,,
5000000,347126,English,6.96858,01-04-2016,23507567,02:01,Released,God's Not Dead 2,5.7,72,,,,,,Pure Flix Productions,,,,,,
1000000,10092,English,6.926926,16-09-2005,10047674,01:30,Released,Cry_Wolf,5.6,126,,,,,,Universal Pictures,,,,,,
1000000,10643,Japanese,3.322721,11-12-1999,10037390,01:47,Released,Godzilla 2000,5.9,43,,,,,,Toho Film (Eiga) Co. Ltd.,,,,,,
3500000,46705,English,26.881611,27-12-2010,16566240,01:52,Released,Blue Valentine,6.9,890,,,,,,Hunting Lane Films,Silverwood Films,Incentive Filmed Entertainment,Chrysler Corporation,,,
1000000,546,English,9.773398,23-12-2005,13350369,01:43,Released,Transamerica,6.9,144,,,,,,IFC Films,The Weinstein Company,,,,,
1000000,76487,English,13.152822,06-01-2012,101758490,01:23,Released,The Devil Inside,4.6,262,,,,,,Room 101,Prototype,,,,,
2090000,5722,English,4.289003,17-07-1970,40000000,01:49,Released,Beyond the Valley of the Dolls,6.6,53,,,,,,Twentieth Century Fox Film Corporation,,,,,,
1000000,39833,English,1.444258,15-11-1956,9000000,01:29,Released,Love Me Tender,5.5,21,,,,,,Twentieth Century Fox Film Corporation,,,,,,
1000000,1781,English,14.139004,24-01-2006,46243000,01:40,Released,An Inconvenient Truth,6.7,251,,,,,,Lawrence Bender Productions,Paramount Classics,Participant Media,,,,
1000000,18712,English,3.851,14-12-1949,7800000,01:40,Released,Sands of Iwo Jima,6.2,33,,,,,,Republic Pictures (I),,,,,,
0,7944,English,2.162522,07-02-2008,0,02:02,Released,Shine a Light,7.2,44,,,,,,Concert Promotion International,Shangri-La Entertainment,,,,,
5000000,171424,English,17.845161,04-09-2014,6833445,01:40,Released,The Green Inferno,5,349,,,,,,Worldview Entertainment,Dragonfly Entertainment,Sobras International Pictures,Top Hat Releasing,,,
0,361475,English,0.42583,20-05-2016,0,01:49,Released,Departure,7.5,12,,,,,,British Film Institute (BFI),Amaro Films,Connectic Studio,Motion Group Pictures,,,
1000000,113947,English,9.115486,02-05-2012,9138338,01:38,Released,The Sessions,6.6,179,,,,,,Rhino Films,Such Much Films,,,,,
0,18570,English,15.017162,07-09-2008,0,01:34,Released,"Food, Inc.",7.4,217,,,,,,Magnolia Pictures,,,,,,
0,83860,English,1.86221,30-10-2011,5355847,01:47,Released,October Baby,6.8,35,,,,,,[],,,,,,
0,41469,English,1.334481,21-08-1998,0,01:36,Released,Next Stop Wonderland,6,20,,,,,,[],,,,,,
0,244772,English,15.699363,18-01-2014,5284309,01:30,Released,The Skeleton Twins,6.7,292,,,,,,Duplass Brothers Productions,Venture Forth,,,,,
0,50837,English,17.806082,21-10-2011,3538446,01:41,Released,Martha Marcy May Marlene,6.7,277,,,,,,Cunningham & Maybach Films,FilmHaven Entertainment,BorderLine Films,This Is That Productions,,,
0,248774,English,10.12895,06-06-2014,3123963,01:23,Released,Obvious Child,6.7,187,,,,,,Sundial Pictures,Votiv Films,Rooks Nest Entertainment,A24,,,
0,10183,English,4.805651,01-08-2008,0,01:37,Released,Frozen River,6.7,99,,,,,,Cohen Media Group,Harwood Hunt Productions,,,,,
1000000,159014,English,5.247956,14-06-2013,0,01:29,Released,20 Feet from Stardom,7.4,85,,,,,,Tremolo Productions,,,,,,
1000000,32456,English,4.86805,07-09-1997,2057193,01:24,Released,Two Girls and a Guy,5.4,24,,,,,,Fox Searchlight Pictures,,,,,,
0,49963,English,0.367312,17-07-1996,0,01:26,Released,Walking and Talking,6.6,7,,,,,,Channel Four Films,Pandora Filmproduktion,Zenith Entertainment,Good Machine,,,
1000000,13508,English,5.323184,04-08-2006,1678874,01:32,Released,Who Killed the Electric Car?,7.2,59,,,,,,Electric Entertainment,Plinyminor,Papercut Films,,,,
1000000,22597,English,3.424158,01-02-2000,1744858,01:34,Released,The Broken Hearts Club: A Romantic Comedy,6.3,25,,,,,,[],,,,,,
1000000,9707,English,9.954848,09-06-2002,0,01:32,Released,Bubba Ho-tep,6.7,191,,,,,,MGM,Silver Sphere Corporation,,,,,
1,37532,English,0.29245,07-10-1998,0,01:40,Released,Slam,6.7,7,,,,,,[],,,,,,
1000000,26791,English,0.280083,30-03-2001,852206,01:59,Released,Brigham City,7.3,4,,,,,,Main Street Movie Company,,,,,,
1000000,56666,Hindi,0.043023,08-09-2000,623791,02:50,Released,Fiza,6.1,7,,,,,,[],,,,,,
1000000,8675,English,5.06516,06-09-1997,0,01:34,Released,Orgazmo,6.2,115,,,,,,Kuzui Enterprises,Avenging Conscience,Focus Features,,,,
0,13132,English,3.65924,01-08-2003,0,01:48,Released,All the Real Girls,5.9,30,,,,,,Sony Pictures Classics,,,,,,
0,47686,English,0.948316,01-01-1997,0,01:37,Released,Dream with the Fishes,7.7,10,,,,,,[],,,,,,
1000000,46989,English,0.672695,11-01-2002,464000,01:32,Released,Blue Car,6.7,13,,,,,,[],,,,,,
0,192132,English,16.570708,09-05-2014,0,01:40,Released,Palo Alto,6.4,348,,,,,,Tribeca Film,,,,,,
0,24424,Hebrew,0.51799,17-09-2009,0,02:00,Released,Ajami,6.8,27,,,,,,ARTE,Inosan,Das Kleine Fernsehspiel (ZDF),Twenty Twenty Vision Filmproduktion GmbH,,,
0,13198,English,8.542921,24-01-2006,0,01:28,Released,Wristcutters: A Love Story,6.7,160,,,,,,No Matter Pictures,,,,,,
0,244267,English,37.555398,18-07-2014,336472,01:46,Released,I Origins,7.5,1063,,,,,,Verisimilitude,Bersin Pictures,WeWork Studios,,,,
1000000,21413,English,5.20209,22-08-2003,0,01:19,Released,The Battle of Shaker Heights,5.6,17,,,,,,Miramax Films,LivePlanet,,,,,
1000000,123678,Indonesian,8.887411,31-08-2012,444575,01:55,Released,The Act of Killing,7.5,210,,,,,,Spring Films,Final Cut for Real,Piraya Film A/S,Novaya Zemlya,,,
1000000,13362,English,0.748565,30-04-2007,274661,01:46,Released,Taxi to the Dark Side,6.6,53,,,,,,Jigsaw Productions,,,,,,
1000000,39183,English,0.436148,01-01-2006,0,01:37,Released,Once in a Lifetime: The Extraordinary Story of the New York Cosmos,4.7,3,,,,,,[],,,,,,
0,62402,English,0.030253,24-09-2004,0,02:00,Released,Guiana 1838,2.8,3,,,,,,[],,,,,,
0,206412,English,0.690089,14-05-2000,0,01:30,Released,Lisa Picard Is Famous,4,1,,,,,,[],,,,,,
1000000,201132,English,1.883947,05-09-2013,0,01:32,Released,Antarctica: A Year on Ice,7.2,29,,,,,,Antzworks,,,,,,
650000,251471,English,1.631274,31-07-2015,0,01:33,Released,A LEGO Brickumentary,6.4,55,,,,,,Global Emerging Markets (GEM),HeLo,,,,,
1000000,112456,English,0.341461,01-06-2012,0,01:54,Released,Hardflip,4.7,5,,,,,,[],,,,,,
0,20296,English,0.887821,16-09-2005,0,03:20,Released,Chocolate: Deep Dark Secrets,3.4,6,,,,,,[],,,,,,
0,25983,English,8.628485,25-04-2009,0,01:35,Released,The House of the Devil,6,197,,,,,,Glass Eye Pix,MPI Media Group,,,,,
0,66195,English,6.507094,01-07-2010,14870,01:33,Released,The Perfect Host,6.2,135,,,,,,Splendid Film,,,,,,
0,16155,English,1.190729,17-08-1998,0,01:28,Released,Safe Men,6.3,16,,,,,,October Films,Andell Entertainment,Blue Guitar Films,,,,
1000000,46727,English,0.340019,11-02-1999,0,01:44,Released,Speedway Junky,5.2,7,,,,,,Golan-Globus Productions,Powers That Be Pictures,"Magic Entertainment, Inc.",Miracle Entertainment,,,
0,55180,English,0.678475,23-09-1998,0,01:38,Released,The Last Big Thing,6,3,,,,,,Byronic Pose Productions,,,,,,
0,29015,English,9.055447,22-09-2000,0,01:22,Released,The Specials,5.5,11,,,,,,Brillstein-Grey Entertainment,Mindfire Entertainment,,,,,
0,91122,English,0.108468,19-09-2009,0,01:58,Released,16 to Life,4.4,5,,,,,,Duck Farm Films,,,,,,
1000000,18206,English,2.175696,28-04-2006,10018,01:18,Released,Alone With Her,6.2,20,,,,,,The Weinstein Company,Pin Hole Productions LLC,,,,,
1000000,320146,English,1.50211,11-03-2016,0,01:37,Released,Creative Control,5.4,25,,,,,,Ghost Robot,Greencard Pictures,Mathematic,,,,
1000000,13856,English,1.260314,30-01-2006,7202,01:21,Released,Special,6.6,32,,,,,,Rival Pictures,,,,,,
0,219716,English,0.547654,19-03-1999,0,01:36,Released,Sparkler,0,1,,,,,,[],,,,,,
0,43630,English,0.0206,01-01-2005,0,01:37,Rumored,The Helix... Loaded,4.8,2,,,,,,[],,,,,,
0,56491,English,0.429587,21-04-2006,0,01:28,Released,In Her Line of Fire,3.3,9,,,,,,[],,,,,,
0,99826,English,0.098351,16-01-2002,0,01:36,Released,The Jimmy Show,8,1,,,,,,Next Wednesday Productions,,,,,,
1000000,186935,Spanish,3.629777,09-08-2013,0,01:45,Released,Heli,6.2,32,,,,,,Mantarraya Producciones,No Dream Cinema,Lemming Film,Le Pacte,,,
0,357441,English,0.060003,31-07-2015,0,00:00,Released,Karachi se Lahore,8,1,,,,,,[],,,,,,
900000,19344,English,7.145832,08-03-2006,0,01:16,Released,Loving Annabelle,6.4,55,,,,,,Big Easy Pictures,Divine Light Pictures,,,,,
1000000,242083,English,3.638411,21-01-2014,0,01:36,Released,Hits,4.9,23,,,,,,Honora Productions,Brooks Media,,,,,
0,18869,English,1.255771,01-01-2006,0,01:39,Released,Jimmy and Judy,5.4,8,,,,,,[],,,,,,
0,26673,English,0.783842,01-01-2009,0,01:24,Released,Frat Party,3.5,4,,,,,,SuperMassive Films,,,,,,
0,41830,English,0.118324,22-04-1965,0,01:34,Released,The Party's Over,6.1,6,,,,,,Tricastle,,,,,,
0,37694,English,0.023681,02-07-2004,0,01:27,Released,Proud,5.5,3,,,,,,[],,,,,,
0,63287,English,2.948576,20-06-2008,0,01:33,Released,The Poker House,6.1,47,,,,,,The Poker House,,,,,,
0,335874,English,0.243853,03-04-2015,0,01:30,Released,Childless,4.5,2,,,,,,[],,,,,,
0,34592,English,1.563711,01-01-2009,0,01:32,Released,ZMD: Zombies of Mass Destruction,4.7,31,,,,,,Splendid Film,,,,,,
1000000,92635,English,0.653495,16-03-2012,0,01:25,Released,Snow White: A Deadly Summer,4.8,11,,,,,,[],,,,,,
0,258755,Spanish,1.233688,03-10-2014,0,01:36,Released,Hidden Away,7.6,26,,,,,,Baleuko S.L.,Departamento de Cultura del Gobierno Vasco,Bitart New Media,,,,
1000000,96534,German,0.153625,11-06-2011,0,01:30,Released,My Last Day Without You,5.7,3,,,,,,[],,,,,,
0,21283,English,0.328498,19-05-2009,0,01:25,Released,Steppin: The Movie,5,4,,,,,,Triumphant Pictures,,,,,,
1000000,272724,English,0.4594,01-06-2014,0,01:24,Released,Doc Holliday's Revenge,3.2,3,,,,,,Rapid Heart Pictures,,,,,,
0,84178,English,7.207051,21-01-2012,0,01:23,Released,Black Rock,4.9,78,,,,,,Submarine Entertainment Distributors,LD Entertainment,,,,,
0,101179,English,6.679954,05-08-2012,0,01:35,Released,Truth or Dare,5.7,117,,,,,,Corona Pictures,,,,,,
0,52462,English,1.284741,17-05-2006,0,01:34,Released,The Pet,5.3,3,,,,,,[],,,,,,
1000000,269057,English,0.973323,08-09-2014,0,01:30,Released,Bang Bang Baby,6.6,8,,,,,,JoBro Productions & Film Finance,Scythia Films,,,,,
1,287524,English,1.859965,31-10-2014,0,01:35,Released,Fear Clinic,4,42,,,,,,Dry County Films,Anchor Bay Entertainment,Movie Machine,,,,
0,206213,English,3.418372,25-07-2013,0,01:33,Released,Zombie Hunter,3.5,34,,,,,,Arrowstorm Entertainment,The Klimax,,,,,
0,248402,English,0.65434,16-04-2014,0,01:30,Released,A Fine Step,4.1,7,,,,,,[],,,,,,
950000,29146,English,0.178689,23-09-1968,814666,01:43,Released,Charly,6.6,28,,,,,,ABC Pictures,Cinerama Releasing Corporation,,,,,
950000,207769,English,7.310879,26-08-2013,0,01:27,Released,Banshee Chapter,5.7,92,,,,,,Before the Door Pictures,Sunchaser Entertainment,Favorit Film,,,,
950000,271185,English,8.976128,19-04-2014,0,01:40,Released,Ask Me Anything,5.5,155,,,,,,Decipher Entertainment,Presque Isle Films,LA Publicity,Tait Productions,,,
0,29731,English,0.280829,01-01-2007,0,01:30,Released,And Then Came Love,5,1,,,,,,[],,,,,,
913000,292539,German,0.795698,26-04-2014,0,01:23,Released,Food Chains,7.4,8,,,,,,[],,,,,,
910000,654,English,16.015599,22-06-1954,9600000,01:48,Released,On the Waterfront,8,357,,,,,,Columbia Pictures,Horizon Pictures,,,,,
930000,91070,English,5.974156,18-06-2011,30905,01:40,Released,L!fe Happens,5.3,66,,,,,,Stardust Pictures,Dot Dot Dot Productions,,,,,
852510,2009,Romanian,9.270133,24-08-2007,1185783,01:53,Released,"4 Months, 3 Weeks and 2 Days",7.3,156,,,,,,Saga Film,Mobra Films,Mindshare Media,Centrul National al Cinematografiei (CNC),,,
0,323270,English,0.392658,27-10-2015,0,00:00,Released,The Horror Network Vol. 1,5,2,,,,,,[],,,,,,
950000,2652,English,25.918007,14-01-2005,7022209,01:43,Released,Hard Candy,6.8,701,,,,,,Vulcan Productions Inc.,,,,,,
900000,9813,English,4.0971,12-09-2005,381420,01:36,Released,The Quiet,6.1,73,,,,,,Destination Films,,,,,,
0,60421,Persian,2.34239,26-08-2011,0,01:47,Released,Circumstance,7.4,23,,,,,,A Space Between,Marakesh Films,Bago Pictures,,,,
0,157354,English,20.967146,25-07-2013,17385830,01:25,Released,Fruitvale Station,7.3,390,,,,,,Forest Whitaker's Significant Productions,OG Project,,,,,
0,127867,English,10.639774,08-09-2012,0,01:40,Released,The Brass Teapot,5.8,160,,,,,,Laundry Films,,,,,,
858000,3170,English,47.651878,14-08-1942,267447150,01:10,Released,Bambi,6.8,1405,,,,,,Walt Disney Productions,,,,,,
0,14014,English,0.957022,01-04-2007,0,01:28,Released,The Hammer,6.5,15,,,,,,Bentley Filmgroup,Eden Wurmfeld Films,Hammer The Movie,,,,
850000,15708,English,5.424916,10-07-2003,819939,01:47,Released,Latter Days,6.7,56,,,,,,TLA Releasing,,,,,,
0,146882,French,0.007254,11-04-2011,0,01:18,Released,Elza,0,0,,,,,,France T\u00e9l\u00e9vision,Aztec Musique,Canal Plus Overseas,,,,
1000000,215918,English,0.175885,31-12-2013,0,01:30,Released,1982,5,1,,,,,,[],,,,,,
850000,84200,English,14.238376,31-08-2012,1243961,01:25,Released,"For a Good Time, Call...",5.8,110,,,,,,AdScott Pictures,,,,,,
0,84184,English,9.436431,03-08-2012,3094813,01:31,Released,Celeste & Jesse Forever,6.4,163,,,,,,Team Todd,,,,,,
0,45767,English,0.339757,25-10-2002,0,01:35,Released,Time Changer,5.2,9,,,,,,Christiano Film Group,,,,,,
0,14823,English,3.060685,01-12-2006,0,01:25,Released,London to Brighton,6.5,34,,,,,,Steel Mill Pictures,LTB Films Limited,Wellington Films,,,,
0,367551,English,5.023091,11-12-2015,0,01:26,Released,American Hero,5,62,,,,,,Screen Media Films,Vertigo Films,Protagonist Pictures,,,,
0,343409,English,0.504251,26-06-2015,0,01:30,Released,Windsor Drive,2,1,,,,,,Absinthe Productions,,,,,,
800000,60243,Persian,12.049373,15-03-2011,0,02:03,Released,A Separation,7.7,469,,,,,,Asghar Farhadi Productions,Dreamlab Films,MPA APSA Academy Film Fund,,,,
0,57294,English,0.108135,01-06-2009,0,01:33,Rumored,Crying with Laughter,7,1,,,,,,Scottish Screen,EM Media,BBC Scotland,Synchronicity Films,,,
0,11446,English,5.870319,24-05-1995,0,01:28,Released,Welcome to the Dollhouse,6.9,103,,,,,,[],,,,,,
800000,47889,English,0.59424,08-10-1993,1001437,01:54,Released,Ruby in Paradise,5.6,10,,,,,,Ruby in Paradise,Full Crew/Say Yea,,,,,
800000,25461,English,3.643662,16-05-2002,2816116,01:28,Released,Raising Victor Vargas,7.8,13,,,,,,[],,,,,,
0,905,German,1.824184,30-01-1929,0,01:49,Released,Pandora's Box,7.6,45,,,,,,Nero Films,,,,,,
0,279759,English,0.006943,01-01-2008,0,00:00,Released,Harrison Montgomery,0,0,,,,,,[],,,,,,
0,78705,English,0.038706,21-09-2004,0,01:23,Released,Live-In Maid,7.8,3,,,,,,Libido Cine,Aquafilms,Filmanova,,,,
0,25212,English,2.171288,10-03-2000,0,01:41,Released,Deterrence,6.1,7,,,,,,Battleplan Productions,TF1 International,Moonstone Entertainment,,,,
800000,26899,English,5.292536,17-01-2003,62852,01:34,Released,The Mudge Boy,7.3,23,,,,,,[],,,,,,
0,146269,English,0.004922,12-03-2000,0,01:27,Released,The Young Unknowns,0,0,,,,,,[],,,,,,
0,292483,English,1.186971,23-09-2014,0,01:30,Released,Not Cool,3.7,25,,,,,,Steeltown Entertainment,Point Park University,Shaderville,,,,
800000,14451,Norwegian,11.205726,09-01-2009,1984662,01:31,Released,Dead Snow,6.1,311,,,,,,Euforia Film,FilmCamp,Miho Film,Barentsfilm,,,
780000,10105,English,6.003418,11-09-2003,0,01:30,Released,Saints and Soldiers,6.6,98,,,,,,Excel Entertainment,,,,,,
0,211557,English,0.322553,28-10-2012,0,00:14,Released,Vessel,5.9,8,,,,,,Baker's Dozen Productions,,,,,,
777000,838,English,19.326115,01-08-1973,140000000,01:50,Released,American Graffiti,6.9,324,,,,,,Lucasfilm,Universal Pictures,The Coppola Company,,,,
0,40862,English,1.517771,01-01-2006,0,01:15,Released,Iraq for Sale: The War Profiteers,8,6,,,,,,[],,,,,,
0,13158,English,1.453146,13-04-2007,0,01:26,Released,Aqua Teen Hunger Force Colon Movie Film for Theaters,6.5,35,,,,,,Warner Bros.,Williams Street,First Look Pictures,Cartoon Network,,,
750000,84332,English,25.186002,08-06-2012,4007792,01:25,Released,Safety Not Guaranteed,6.8,556,,,,,,Duplass Brothers Productions,Big Beach Films,,,,,
0,74510,English,5.498834,09-09-2011,0,01:29,Released,Kevin Hart: Laugh at My Pain,7.7,43,,,,,,Comedy Central Films,Codeblack Entertainment,Hartbeat Productions,,,,
500000,74725,English,12.203041,02-09-2011,171760,01:35,Released,Kill List,6,210,,,,,,Rook Films,Warp X,,,,,
750000,58428,English,14.386807,01-12-2011,78396,01:42,Released,The Innkeepers,5.4,219,,,,,,Glass Eye Pix,Dark Sky Films,,,,,
750000,8416,Italian,8.429295,21-10-1970,0,01:47,Released,The Conformist,7.6,127,,,,,,Paramount Pictures,Mars Films,Marianne Productions,Maran Film,,,
500000,36584,English,0.471264,09-05-2002,0,01:28,Released,Interview with the Assassin,5.6,5,,,,,,Magnolia Pictures,,,,,,
0,13429,English,3.283886,18-07-2008,0,01:39,Released,Donkey Punch,4.5,52,,,,,,Warp X,Madman Entertainment,,,,,
750000,9022,English,12.284939,15-02-2008,0,01:30,Released,All the Boys Love Mandy Lane,5.7,209,,,,,,Occupant Films,,,,,,
0,22530,English,1.039149,01-01-2008,0,01:35,Released,Bled,3.8,4,,,,,,[],,,,,,
730000,288,English,18.644023,27-03-1952,8000000,01:25,Released,High Noon,7.6,334,,,,,,United Artists,Stanley Kramer Productions,,,,,
700000,14275,English,9.188431,12-09-1994,7830611,02:51,Released,Hoop Dreams,7.7,87,,,,,,Fine Line Features,Kartemquin Films,,,,,
0,2287,English,1.623769,15-01-2005,0,01:26,Released,Rize,5.9,13,,,,,,David LaChapelle Studios,HSI Productions,Darkfibre Entertainment Ltd.,Got Films,,,
700000,18734,English,7.731064,20-01-2001,1667192,01:37,Released,L.I.E.,6.7,31,,,,,,[],,,,,,
0,206197,English,2.868942,10-04-2015,0,01:44,Released,The Sisterhood of Night,6.5,31,,,,,,[],,,,,,
0,26837,English,0.631571,29-07-2009,0,01:24,Released,B-Girl,5.5,7,,,,,,Two Camels Films,,,,,,
700000,7859,English,12.378031,11-08-2006,4911725,01:47,Released,Half Nelson,6.5,240,,,,,,Thinkfilm,Hunting Lane Films,Journeyman Pictures,Original Media,,,
700000,302579,English,0.578798,08-10-1999,10508,01:47,Released,Naturally Native,0,0,,,,,,Red-horse Native,,,,,,
0,51955,English,0.003142,11-09-1997,0,01:32,Released,Hav Plenty,0,0,,,,,,[],,,,,,
750000,376004,English,1.471139,05-01-2016,0,01:20,Released,Adulterers,5.2,16,,,,,,[],,,,,,
650,158752,English,1.352222,11-10-2013,0,01:30,Released,Escape from Tomorrow,4.8,87,,,,,,Mankurt Media,,,,,,
0,40658,English,0.429083,30-09-2009,0,01:43,Released,Starsuckers,6.2,5,,,,,,[],,,,,,
0,296943,English,0.045648,31-10-2014,0,01:10,Released,The Hadza:  Last of the First,0,0,,,,,,[],,,,,,
0,118612,English,4.596157,27-08-2012,0,01:30,Released,After,5.6,63,,,,,,Seabourne Pictures,Quite Quick Productions,,,,,
625000,138976,English,0.283059,16-05-2013,0,01:08,Released,Treachery,4.8,5,,,,,,[],,,,,,
700000,323967,English,2.659006,13-03-2015,0,01:27,Released,Walter,5.3,26,,,,,,[],,,,,,
609000,3080,English,3.898498,06-09-1935,3202000,01:41,Released,Top Hat,7.4,59,,,,,,RKO Radio Pictures,,,,,,
60000,2667,English,41.690578,14-07-1999,248000000,01:21,Released,The Blair Witch Project,6.3,1055,,,,,,Artisan Entertainment,Haxan Films,,,,,
600000,9459,English,3.409764,26-03-1970,34505110,03:45,Released,Woodstock,7.1,66,,,,,,Wadleigh-Maurice,Warner Bros.,,,,,
600000,11598,English,10.861167,10-08-1977,0,01:23,Released,The Kentucky Fried Movie,6.4,66,,,,,,Kentucky Fried Theatre,,,,,,
0,26916,English,0.099902,31-10-2000,0,01:46,Released,Mercy Streets,5.5,2,,,,,,[],,,,,,
0,181940,English,0.006069,20-07-2007,0,01:43,Released,Carousel of Revenge,0,0,,,,,,The Picture Factory,B.Sting Entertainment,,,,,
0,125263,English,0.069277,18-04-1998,0,01:30,Released,Broken Vessels,6,2,,,,,,[],,,,,,
0,263503,English,0.350557,02-05-2014,0,00:00,Released,Water & Power,3,1,,,,,,[],,,,,,
522360,324322,French,0.071349,13-10-2015,0,01:45,Released,They Will Have to Kill Us First,5,1,,,,,,Spring Films,Together Films,Mojo Musique,,,,
0,331493,English,0.012942,01-01-2014,0,00:00,Released,Light from the Darkroom,0,0,,,,,,[],,,,,,
0,375950,French,2.651304,23-03-2016,0,01:42,Released,The Country Doctor,6,63,,,,,,France 2 Cin\u00e9ma,Le Pacte,31 Juin Films,Cinefrance,,,
0,278348,English,1.501688,08-08-2014,0,01:38,Released,The Maid's Room,4.8,4,,,,,,[],,,,,,
560000,704,English,10.730056,06-07-1964,12299668,01:28,Released,A Hard Day's Night,7.3,168,,,,,,Proscenium Films,Walter Shenson Films,Maljack Productions,,,,
56000,70875,English,0.010909,29-07-2011,0,01:20,Rumored,The Harvest (La Cosecha),0,0,,,,,,[],,,,,,
550000,75986,English,0.001586,01-04-1983,0,01:38,Released,Love Letters,4.6,4,,,,,,New World Pictures,Millennium Films,,,,,
0,385636,Slovenian,0.061248,17-09-2015,0,01:23,Released,Juliet and Alfa Romeo,6,1,,,,,,Perfo Production,Televizija Slovenija,,,,,
500000,14438,English,6.093989,26-09-2008,33456317,02:02,Released,Fireproof,7,100,,,,,,Carmel Entertainment,Provident Films,Samuel Goldwyn Films,Affirm Films,,,
550000,211086,Hindi,0.48088,21-11-2013,0,01:55,Released,Faith Connections,4.2,3,,,,,,Jungle Book Entertainment,,,,,,
0,23069,English,2.651418,17-10-1974,0,01:26,Released,Benji,6.1,35,,,,,,[],,,,,,
130000,83,English,15.611857,06-08-2004,54667954,01:19,Released,Open Water,5.4,315,,,,,,Plunge Pictures LLC,,,,,,
0,89857,English,1.292948,06-03-2012,0,01:27,Released,High Road,5.8,22,,,,,,[],,,,,,
500000,30315,English,2.537032,24-08-1977,17000000,01:37,Released,Kingdom of the Spiders,5.7,30,,,,,,Arachnid Productions Ltd.,,,,,,
0,14358,English,0.772668,13-05-2005,0,01:45,Released,Mad Hot Ballroom,7.2,8,,,,,,[],,,,,,
500000,2056,English,11.578545,26-01-2003,8679814,01:28,Released,The Station Agent,7.4,210,,,,,,Next Wednesday Productions,SenArt Films,,,,,
0,41144,English,0.05021,05-11-2009,0,02:00,Released,To Save A Life,6.2,21,,,,,,[],,,,,,
0,35199,English,0.906096,26-06-2006,0,01:34,Released,Wordplay,7.3,10,,,,,,[],,,,,,
2053648,14271,English,2.778633,22-10-1999,500000,01:42,Released,Beyond the Mat,7.8,17,,,,,,Imagine Entertainment,Universal Pictures,Lionsgate,,,,
0,16653,English,0.920591,30-01-2002,0,01:42,Released,The Singles Ward,7.5,4,,,,,,Halestorm entertainment,,,,,,
46000,14757,Pashto,1.447734,20-05-2003,0,01:23,Released,Osama,6.3,32,,,,,,Hubert Bals Fund,NHK,LeBrocquy Fraser Productions,Barmak Film,,,
500000,84401,English,0.109579,24-02-2012,845188,01:33,Released,Sholem Aleichem: Laughing In The Darkness,7,2,,,,,,[],,,,,,
0,23655,English,1.09454,08-06-2000,0,01:26,Released,Groove,5.6,6,,,,,,[],,,,,,
0,36825,English,0.082978,31-01-2003,0,01:41,Released,The R.M.,4.8,4,,,,,,Halestorm entertainment,,,,,,
0,33430,English,0.619136,30-07-1999,0,01:51,Released,Twin Falls Idaho,7,11,,,,,,[],,,,,,
500000,12281,English,8.519202,15-01-2004,603943,01:30,Released,Mean Creek,6.9,106,,,,,,Whitewater Films,,,,,,
0,125052,English,0.36447,21-01-1997,0,01:26,Released,Hurricane Streets,4.8,4,,,,,,United Artists,Posthorn Pictures,Giv'en Films,,,,
0,96238,English,0.039077,12-07-2002,0,01:38,Released,Never Again,4,3,,,,,,[],,,,,,
0,30246,English,0.665512,29-08-2003,0,01:35,Released,Civil Brand,5.3,4,,,,,,[],,,,,,
0,7301,English,3.433625,16-11-2005,0,01:31,Released,Lonesome Jim,6.4,26,,,,,,Plum Pictures,,,,,,
0,172533,English,17.378455,23-08-2013,343341,01:30,Released,Drinking Buddies,6,356,,,,,,Burn Later Productions,,,,,,
500000,180383,English,0.425195,04-10-2012,0,01:28,Released,Deceptive Practice: The Mysteries and Mentors of Ricky Jay,7.1,17,,,,,,Kino Lorber,,,,,,
2000000,346,Japanese,39.756748,26-04-1954,271841,03:27,Released,Seven Samurai,8.2,878,,,,,,Toho Company,,,,,,
0,84318,English,0.388401,28-09-2012,0,01:29,Released,The Other Dream Team,6.9,7,,,,,,[],,,,,,
500000,45145,English,1.354816,18-08-1991,0,01:37,Released,Johnny Suede,4.7,13,,,,,,Vega Film,Balthazar Productions,Starr,Arena,,,
0,13983,English,0.459625,21-01-2007,0,01:24,Released,Finishing The Game,4.9,8,,,,,,[],,,,,,
500000,45649,English,9.108949,09-07-2010,98017,01:25,Released,Rubber,5.7,251,,,,,,Canal+,Backup Films,Arte France,Arte France Cin\u00e9ma,,,
0,19844,English,1.65426,01-01-2007,0,01:40,Released,Kiss the Bride,4.2,11,,,,,,[],,,,,,
0,21801,English,1.390909,01-01-2002,0,01:52,Released,The Slaughter Rule,6.2,9,,,,,,[],,,,,,
500000,43933,English,26.406001,18-06-2010,4242978,01:34,Released,Monsters,6.2,587,,,,,,Vertigo Entertainment,,,,,,
0,73511,English,0.218736,21-10-2005,0,01:31,Released,The Californians,4,1,,,,,,Parker Film Company,,,,,,
0,43653,English,0.383442,01-01-2007,0,01:31,Released,The Living Wake,5,1,,,,,,[],,,,,,
500000,139715,English,2.391847,27-04-2012,0,01:27,Released,Detention of the Dead,4.5,34,,,,,,Gala Film,,,,,,
0,45380,Chinese,1.68502,01-01-2006,0,01:38,Released,Crazy Stone,6.9,22,,,,,,[],,,,,,
0,30867,English,0.607782,31-10-2006,0,01:35,Released,Scott Walker: 30 Century Man,7,8,,,,,,[],,,,,,
500000,81220,English,0.046903,02-11-2001,0,01:27,Released,Everything Put Together,5,2,,,,,,Furst Films,,,,,,
0,253626,English,10.924273,09-04-2015,316472,01:44,Released,Good Kill,5.9,208,,,,,,Voltage Pictures,Sobini Films,Dune Films,,,,
0,294550,English,0.021419,02-05-2014,0,01:36,Released,The Outrageous Sophie Tucker,0,0,,,,,,[],,,,,,
0,90369,English,14.142073,25-05-2012,0,01:43,Released,Now Is Good,7.3,371,,,,,,Goldcrest Pictures,,,,,,
500000,117942,English,1.600171,28-03-2012,0,01:44,Released,Girls Gone Dead,3.5,14,,,,,,Spy Global Media,,,,,,
0,380097,English,0,,0,00:00,Released,America Is Still the Place,0,0,,,,,,[],,,,,,
0,322194,English,0.397323,10-03-2015,0,01:50,Released,Subconscious,3.4,4,,,,,,Rainsworth Productions,Hilton Media Management,Underwater Productions,,,,
0,98568,English,3.637857,22-10-2011,0,01:30,Released,Enter Nowhere,6.5,49,,,,,,Caliber Media Company,,,,,,
500,119657,English,0.080105,01-03-2012,0,01:41,Released,El Rey de Najayo,0,0,,,,,,[],,,,,,
0,380733,English,0.251828,02-02-2016,0,01:34,Released,Fight to the Finish,5.2,3,,,,,,Triple D Productions,CalTex Films,,,,,
0,285743,English,0.674398,29-03-2016,0,00:00,Released,Alleluia! The Devil's Carnival,6,2,,,,,,Limb from Limb Pictures,Execution Style Entertainment,,,,,
0,362765,English,0.072359,19-10-2014,0,01:30,Released,The Sound and the Shadow,0,0,,,,,,Veracity Productions,,,,,,
0,379532,English,0.087574,05-01-2016,0,01:48,Released,Rodeo Girl,5.5,1,,,,,,Be Your Own Hollywood,,,,,,
0,253261,English,0.069244,08-03-2014,0,01:22,Released,Born to Fly: Elizabeth Streb vs. Gravity,5,1,,,,,,[],,,,,,
500000,297100,English,0.073079,11-09-2014,0,01:24,Released,The Little Ponderosa Zoo,2,1,,,,,,[],,,,,,
0,15239,English,6.672008,01-05-1984,0,01:22,Released,The Toxic Avenger,6.3,113,,,,,,Troma Entertainment,,,,,,
0,94072,English,0.161517,13-06-1991,0,00:00,Released,Straight Out of Brooklyn,4.3,4,,,,,,[],,,,,,
0,4107,English,7.330691,16-01-2002,773228,01:47,Released,Bloody Sunday,7.2,53,,,,,,Portman Entertainment Group,B\u00f3rd Scann\u00e1n na h\u00c9ireann,Hell's Kitchen Films,Granada Television,,,
0,325579,English,0.165257,01-01-2015,0,00:00,Released,Diamond Ruff,2.4,4,,,,,,[],,,,,,
450000,15624,English,4.442355,07-06-2006,973525,01:24,Released,Conversations with Other Women,6.2,38,,,,,,Prophecy Pictures Ltd.,Gordonstreet Pictures,,,,,
0,17287,English,3.905877,26-12-2006,0,01:43,Released,Poultrygeist: Night of the Chicken Dead,5.9,41,,,,,,Troma Entertainment,Poultry Productions LLC,,,,,
0,198370,English,0.136721,15-04-2014,0,00:00,Released,Mutual Friends,0,0,,,,,,[],,,,,,
439000,3062,English,1.933366,02-02-1933,2281000,01:29,Released,42nd Street,6.1,37,,,,,,Warner Bros.,,,,,,
0,328307,English,0.052942,20-11-2014,0,00:00,Released,Rise of the Entrepreneur: The Search for a Better Way,8,1,,,,,,[],,,,,,
225000,15389,English,1.014966,03-08-1990,0,01:38,Released,Metropolitan,7,38,,,,,,Allagash Films,,,,,,
0,464,Swedish,4.321249,03-09-2004,0,02:12,Released,As It Is in Heaven,6.9,42,,,,,,GF Studios AB,Lefwander Kapitalf\u00f6rvaltning AB,Sonet Film AB,,,,
0,308467,English,0.160234,01-03-2013,0,01:30,Released,Roadside,4.2,5,,,,,,[],,,,,,
400000,8193,English,23.603514,11-06-2004,46118097,01:35,Released,Napoleon Dynamite,6.7,554,,,,,,Paramount Pictures,Fox Searchlight Pictures,MTV Films,Access Films,,,
0,188166,English,25.349758,25-04-2014,258384,01:30,Released,Blue Ruin,6.9,462,,,,,,Film Science,The Lab Of Madness,Neighborhood Watch,Paradise City,,,
15000,23827,English,47.456823,14-09-2007,193355800,01:26,Released,Paranormal Activity,5.9,1316,,,,,,Blumhouse Productions,Solana Films,,,,,
0,1282,English,3.291609,18-01-2001,0,01:31,Released,Dogtown and Z-Boys,7.2,52,,,,,,Agi Orsi Productions,Vans Off the Wall,,,,,
400000,762,English,64.782984,13-03-1975,5028948,01:31,Released,Monty Python and the Holy Grail,7.8,1708,,,,,,Python (Monty) Pictures Limited,Michael White Productions,National Film Trustee Company,Twickenham Film Studios,,,
0,64499,Italian,0.034135,05-06-2006,0,01:30,Released,Quinceañera,7,7,,,,,,[],,,,,,
0,281189,English,0.033883,05-11-2003,0,00:00,Released,Gory Gory Hallelujah,1,1,,,,,,[],,,,,,
218,1435,English,1.063439,19-10-2003,1162014,01:31,Released,Tarnation,7.5,22,,,,,,[],,,,,,
0,47546,English,0.084344,06-07-2010,0,01:32,Released,I Want Your Money,3.8,5,,,,,,[],,,,,,
0,189711,English,0.133619,08-03-2014,0,00:00,Released,Love in the Time of Monsters,5,2,,,,,,Red Cube Picture,TBC Films,,,,,
0,19204,Italian,8.022122,22-04-1981,0,01:27,Released,The Beyond,6.6,117,,,,,,Fulvia Film,,,,,,
35000000,9029,Danish,38.100488,07-05-2008,170000000,01:39,Released,What Happens in Vegas,5.8,923,,,,,,Twentieth Century Fox Film Corporation,Regency Enterprises,Mosaic Media Group,21 Laps Entertainment,,,
500000,18045,English,1.428483,11-03-2005,0,01:20,Released,The Dark Hours,5.5,22,,,,,,Calder Road Film,Canadian Film Centre (CFC),"Feature Film Project, The",,,,
860000,11240,English,3.703005,07-09-1985,2451545,01:37,Released,My Beautiful Laundrette,6.6,51,,,,,,Channel Four Films,Working Title Films,SAF Productions,,,,
0,43743,English,0.003352,01-01-2002,0,01:24,Released,Fabled,0,0,,,,,,[],,,,,,
0,157909,English,0.231297,23-09-2004,0,01:37,Released,Show Me,5.6,4,,,,,,Feature Film Project,Red Plush Films,,,,,
0,10238,Swedish,11.347855,21-12-1972,0,01:31,Released,Cries and Whispers,7.8,115,,,,,,Cinematograph AB,Svenska Filminstitutet (SFI),,,,,
385907,3059,English,3.232447,04-09-1916,8394751,03:17,Released,Intolerance,7.4,60,,,,,,Triangle Film Corporation,Wark Producing Corp.,,,,,
0,15800,English,2.77754,18-10-1997,0,01:26,Released,Trekkies,6.3,22,,,,,,[],,,,,,
379000,65203,English,0.968865,08-02-1929,4358000,01:40,Released,The Broadway Melody,5,19,,,,,,Metro-Goldwyn-Mayer (MGM),,,,,,
350000,764,English,35.037625,15-10-1981,29400000,01:25,Released,The Evil Dead,7.3,894,,,,,,Renaissance Pictures,,,,,,
6000000,103620,English,19.331884,26-12-2012,31081,01:29,Released,Maniac,6,316,,,,,,La Petite Reine,Studio 37,Canal+,Cin\u00e9+,,,
0,319069,English,0.59458,24-01-2015,0,01:24,Released,Censored Voices,5.1,8,,,,,,kNow Productions,,,,,,
300000,14278,English,1.085909,22-07-2005,1750211,01:28,Released,Murderball,6.9,23,,,,,,Thinkfilm,,,,,,
0,25678,English,5.061107,01-05-1987,0,01:30,Released,American Ninja 2: The Confrontation,4.9,49,,,,,,Cannon Group,Golan-Globus,,,,,
0,79161,English,0.049921,18-10-2006,0,01:30,Released,51 Birch Street,6.8,6,,,,,,Copacetic Pictures,,,,,,
350000,371690,English,0.249561,20-10-2015,0,01:38,Released,Rotor DR1,4.7,3,,,,,,StoneKap Productions Ltd.,,,,,,
350000,389,English,59.259204,25-03-1957,1000000,01:36,Released,12 Angry Men,8.2,2078,,,,,,United Artists,Orion-Nova Productions,,,,,
0,52032,English,1.170257,01-01-2009,246574,01:23,Released,My Dog Tulip,7.6,9,,,,,,Norman Twain Productions,,,,,,
325000,3078,English,11.871424,22-02-1934,4500000,01:45,Released,It Happened One Night,7.7,275,,,,,,Columbia Pictures Corporation,,,,,,
0,38810,Greek,28.858238,01-06-2009,110197,01:34,Released,Dogtooth,6.9,332,,,,,,Greek Film Center,Boo Productions,Horsefly Productions,,,,
300000,21525,English,1.314576,23-01-2003,7808524,01:52,Released,Tupac: Resurrection,8,26,,,,,,Paramount Pictures,MTV Films,,,,,
312000,55123,English,1.505703,28-11-1999,1281176,01:42,Released,Tumbleweeds,6.2,11,,,,,,Fine Line Features,,,,,,
8,11980,English,11.818333,01-09-1995,16,01:38,Released,The Prophecy,6.4,138,,,,,,Dimension Films,,,,,,
0,11956,French,1.410387,03-04-1996,0,01:31,Released,When the Cat's Away,6.1,16,,,,,,Vertigo Productions,Canal+,France 2 Cin\u00e9ma,,,,
300000,1550,English,4.270596,19-01-2003,0,01:21,Released,Pieces of April,6.4,64,,,,,,Kalkaska Productions,IFC Productions,,,,,
0,162396,English,0.627763,11-06-1998,0,00:00,Released,The Big Swap,0,0,,,,,,[],,,,,,
300000,26518,English,1.673208,01-01-2006,0,01:13,Released,Old Joy,6.3,36,,,,,,Film Science,Washington Square Films,Van Hoy/Knudsen Productions,,,,
200000,8942,English,0.713906,22-05-2008,0,01:20,Released,Wendy and Lucy,6.4,64,,,,,,Glass Eye Pix,Film Science,Oscilloscope Laboratories,Washington Square Films,,,
0,68412,English,0.17817,01-01-2010,0,01:28,Released,3 Backyards,4.8,4,,,,,,Caruso / Mendelsohn Productions,,,,,,
300000,2786,French,7.791898,29-08-1965,0,01:50,Released,Pierrot le Fou,7.6,127,,,,,,Dino de Laurentiis Cinematografica,,,,,,
0,87943,English,0.025211,03-09-2005,0,01:44,Released,Sisters in Law,7.3,2,,,,,,Vixen Films,,,,,,
300000,73981,English,0.055868,20-09-2001,2074000,01:41,Released,Ayurveda: Art of Being,5.5,3,,,,,,Pandora Filmproduktion,Monsoon Films Private Limited,Pan Nalin Pictures,Sunrise Filmvertriebs AG,,,
0,91721,English,0.008453,01-01-1964,0,01:35,Released,Nothing But a Man,7,2,,,,,,DuArt Film and Video,Nothing But a Man Company,,,,,
300000,118452,English,0.374291,07-08-1998,40542,01:34,Released,"First Love, Last Rites",3,1,,,,,,Forensic Films,Toast Films,,,,,
0,47534,English,0.045429,06-05-2005,0,00:00,Released,Fighting Tommy Riley,5.3,4,,,,,,[],,,,,,
0,40914,English,1.088501,10-04-2009,0,01:30,Released,Royal Kill,2.8,6,,,,,,21st Century Film Production,,,,,,
0,365052,English,0.062979,23-10-2015,0,01:50,Released,The Looking Glass,7,1,,,,,,Filmacres,,,,,,
300000,13282,English,6.473667,27-04-1975,8000000,01:20,Released,Death Race 2000,5.9,124,,,,,,New World Pictures,,,,,,
0,250184,English,1.905197,29-03-2014,0,01:30,Released,Locker 13,6.8,3,,,,,,[],,,,,,
0,426067,English,0.001389,01-01-1990,0,01:34,Released,Midnight Cabaret,0,0,,,,,,[],,,,,,
300000,324352,English,0.006323,20-05-2010,0,01:38,Released,Anderson's Cross,0,0,,,,,,Illumination Pictures,,,,,,
0,318040,English,0.583446,07-02-2015,0,01:39,Released,Bizarre,6.2,11,,,,,,Eivissa Productions,Bushwick Factory,,,,,
0,27420,English,1.452199,01-05-1981,0,01:36,Released,Graduation Day,5,22,,,,,,[],,,,,,
300000,80468,English,2.733725,14-04-2011,0,01:37,Released,Some Guy Who Kills People,5.7,45,,,,,,[],,,,,,
0,84188,English,8.942203,23-08-2012,319285,01:30,Released,Compliance,6.3,221,,,,,,Muskat Filmed Properties,Bad Cop Bad Cop Film Productions,Dogfish Pictures,,,,
250000,2255,English,20.601483,04-04-1997,12021272,01:53,Released,Chasing Amy,6.7,433,,,,,,Miramax Films,View Askew Productions,,,,,
250000,50035,English,1.45917,31-08-2001,4186931,01:31,Released,Lovely & Amazing,6.3,23,,,,,,[],,,,,,
0,300327,English,0.005883,01-09-2010,0,00:00,Released,Death Calls,0,0,,,,,,[],,,,,,
0,14290,English,3.877036,12-01-2002,0,01:41,Released,Better Luck Tomorrow,6.5,27,,,,,,[],,,,,,
0,29371,English,1.70819,16-06-1995,0,01:34,Released,The Incredibly True Adventure of Two Girls In Love,5.7,13,,,,,,[],,,,,,
0,44490,English,0.812855,21-01-2000,0,01:36,Released,Chuck & Buck,5.7,16,,,,,,[],,,,,,
250000,32222,English,0.126304,01-01-2001,0,01:40,Released,American Desi,5,4,,,,,,[],,,,,,
300000,378237,English,0.018087,01-12-2014,0,01:30,Released,Amidst the Devil's Wings,0,0,,,,,,Daniel Columbie Films & Productions,,,,,,
250000,431,English,44.656151,09-09-1997,501818,01:30,Released,Cube,6.9,1069,,,,,,T\u00e9l\u00e9film Canada,Feature Film Project,Cube Libre,Harold Greenberg Fund,,,
0,76996,Italian,0.619348,01-08-1996,0,01:18,Released,Love and Other Catastrophes,5.8,9,,,,,,[],,,,,,
250,51942,English,0.293649,28-08-1998,203,01:12,Released,I Married a Strange Person!,7.5,12,,,,,,Bill Plympton Studios,,,,,,
0,1424,English,5.742359,22-07-2004,0,01:13,Released,November,4.9,11,,,,,,IFC Productions,,,,,,
250000,60420,English,21.825564,28-10-2011,3542353,01:30,Released,Like Crazy,6.4,381,,,,,,Paramount Vantage,Andrea Sperling Productions,Indian Paintbrush,Super Crispy Entertainment,,,
0,325123,English,0.055325,10-03-2015,0,01:36,Released,Teeth and Blood,3,1,,,,,,[],,,,,,
0,142132,English,0.375423,17-09-1999,0,01:32,Released,Sugar Town,5.5,2,,,,,,Channel Four Films,October Films,,,,,
0,20520,English,0.120505,01-01-2005,0,01:15,Released,The Motel,7,3,,,,,,[],,,,,,
250000,109729,English,6.978907,29-07-2013,56825,01:39,Released,The Canyons,4.1,75,,,,,,Filmworks/FX,Prettybird,Post Empire Films,Sodium Fox,,,
0,78307,English,0.493223,11-09-2004,0,01:26,Released,On the Outs,5.9,6,,,,,,Youth House Productions,Fader Films,,,,,
0,12247,English,5.251143,01-10-2007,0,01:32,Released,Shotgun Stories,6.9,57,,,,,,Upload Films,Muskat Filmed Properties,A Lucky Old Sun Production,,,,
0,29917,English,20.265518,19-06-2009,0,01:41,Released,Exam,6.6,523,,,,,,Hazeldine Films,Bedlam Productions,,,,,
250000,70687,English,0.130169,06-06-1997,0,01:30,Released,The Sticky Fingers of Time,4.8,3,,,,,,[],,,,,,
0,60463,English,0.46049,21-10-2008,0,01:33,Released,Sunday School Musical,5.5,4,,,,,,The Asylum,Asylum,,,,,
0,46252,English,0.399491,07-10-2010,0,01:34,Released,Rust,0,0,,,,,,[],,,,,,
250000,24869,English,5.217002,23-01-2009,0,01:46,Released,Ink,6.4,101,,,,,,Double Edge Films,,,,,,
250000,77934,English,0.065103,28-11-2010,0,01:36,Released,The Christmas Bunny,5.7,7,,,,,,Honey Creek Pictures,,,,,,
0,34697,English,1.063615,05-02-1982,0,01:47,Released,Butterfly,5,12,,,,,,Par-Par Productions,,,,,,
0,320435,English,0.010607,01-02-2013,0,00:00,Released,UnDivided,0,0,,,,,,[],,,,,,
0,150211,English,1.084387,10-10-2012,0,00:00,Released,The Frozen,4.2,14,,,,,,[],,,,,,
0,306667,English,0.172299,10-01-2015,0,01:48,Released,Horse Camp,5.5,2,,,,,,Be Your Own Hollywood,,,,,,
0,274758,English,0.278981,24-06-2014,0,01:30,Released,Give Me Shelter,0,0,,,,,,[],,,,,,
245000,3060,English,0.785744,05-11-1925,22000000,02:31,Released,The Big Parade,7,21,,,,,,Metro-Goldwyn-Mayer (MGM),,,,,,
0,40963,English,0.0921,01-01-2006,0,00:00,Rumored,Little Big Top,10,1,,,,,,Fly High Films,,,,,,
250,173224,English,0.166655,28-02-2013,0,01:58,Released,Along the Roadside,7.7,3,,,,,,Metakwon Filmworks,,,,,,
230000,18533,English,18.450613,09-10-2008,2260712,01:32,Released,Bronson,6.9,733,,,,,,EM Media,Aramid Entertainment Fund,Vertigo Films,Str8jacket Creations,,,
0,376010,English,0.58954,09-10-2015,0,01:46,Released,Western Religion,0,0,,,,,,3rd Partner Productions,,,,,,
225000,139948,English,0.126676,01-11-2012,111300,01:26,Released,Burn,6.9,6,,,,,,Apostle Productions,,,,,,
0,77332,English,0.065155,24-01-2000,0,01:43,Released,Urbania,5.2,10,,,,,,[],,,,,,
100000,70478,English,1.183892,25-07-1969,27000000,01:09,Released,The Stewardesses,4.3,5,,,,,,[],,,,,,
210000,35073,English,2.043661,13-06-1953,5000000,01:20,Released,"The Beast from 20,000 Fathoms",6.7,41,,,,,,Jack Dietz Productions,,,,,,
400000,9659,English,33.142185,12-04-1979,100000000,01:33,Released,Mad Max,6.6,1213,,,,,,Kennedy Miller Productions,Mad Max Films,Crossroads,,,,
200000,10218,English,13.971674,18-10-1996,4505922,01:34,Released,Swingers,6.8,253,,,,,,Miramax Films,Independent Pictures (II),The Alfred Shay Company Inc.,,,,
200000,391,Italian,38.771062,12-09-1964,14500000,01:39,Released,A Fistful of Dollars,7.6,883,,,,,,United Artists,Constantin Film Produktion,Jolly Film,Ocean Films,,,
200000,43595,English,0.622752,09-02-1933,2200000,01:06,Released,She Done Him Wrong,5.1,27,,,,,,Paramount Pictures,,,,,,
0,194588,English,0.004998,11-05-2004,0,01:25,Released,Short Cut to Nirvana: Kumbh Mela,0,0,,,,,,[],,,,,,
200000,54897,English,0.616283,25-02-2011,2295733,01:41,Released,The Grace Card,6.5,10,,,,,,GraceWorks Pictures,,,,,,
0,83588,English,2.836537,12-10-2012,0,01:41,Released,Middle of Nowhere,6.6,7,,,,,,[],,,,,,
0,53256,German,5.937602,23-12-2010,2611555,01:59,Released,Three,6.3,31,,,,,,X-Filme Creative Pool,ARTE,Westdeutscher Rundfunk (WDR),ARD Degeto Film,,,
200000,40920,English,0.06104,14-01-2002,0,01:43,Released,The Business of Fancydancing,8,2,,,,,,FallsApart Productions,,,,,,
0,287815,English,0.062089,10-10-2008,0,01:26,Released,Call + Response,8,1,,,,,,[],,,,,,
450000,54702,English,1.077321,10-09-2004,0,01:30,Released,Malevolence,4.9,14,,,,,,[],,,,,,
0,176074,English,0.472123,01-01-2015,0,01:32,Released,Reality Show,5.5,2,,,,,,Campbell Grobman Films,Blump International Films,,,,,
13000000,69270,English,4.009379,01-01-2010,0,01:35,Released,Super Hybrid,4.6,24,,,,,,TADORA Filmproduktions,Stallion Media,Studio 407,,,,
0,5759,English,3.299345,21-01-2008,0,01:24,Released,Baghead,5.8,23,,,,,,Duplass Brothers Productions,,,,,,
0,402515,Portuguese,0.018716,21-10-2014,0,01:29,Released,American Beast,0,0,,,,,,Gravitas Ventures,,,,,,
0,126141,English,0.092562,05-12-2004,0,00:59,Released,The Case of the Grinning Cat,7.7,3,,,,,,Les Films du Jeudi,,,,,,
0,48035,Danish,3.225189,09-01-1955,0,02:06,Released,Ordet,7.8,65,,,,,,Palladium Film,,,,,,
0,14758,English,1.948435,03-10-2008,0,01:26,Released,Good Dick,6.1,34,,,,,,Good Dick,Morning Knight,Present Pictures,,,,
0,13363,English,31.339015,10-06-2007,0,01:27,Released,The Man from Earth,7.7,687,,,,,,Falling Sky Entertainment,,,,,,
0,37985,English,0.15066,15-06-2007,0,01:46,Released,The Trials Of Darryl Hunt,6.8,4,,,,,,[],,,,,,
0,25786,English,4.980585,23-11-2004,0,01:26,Released,Samantha: An American Girl Holiday,4.6,9,,,,,,[],,,,,,
0,36549,English,0.145014,01-01-2008,0,01:29,Released,Yesterday Was a Lie,6,4,,,,,,[],,,,,,
0,361398,English,0.036532,25-09-2015,0,01:45,Released,Theresa Is a Mother,0,0,,,,,,Garden Thieves Pictures,A May Sky Picture Entertainment,,,,,
0,289180,English,1.045623,28-08-2014,0,01:33,Released,H.,6.5,4,,,,,,[],,,,,,
0,288927,English,0.254659,12-09-2014,0,01:34,Released,Archaeology of a Woman,0,0,,,,,,[],,,,,,
180000,21334,Persian,7.072118,01-08-1997,900000,01:29,Released,Children of Heaven,7.8,112,,,,,,The Institute for the Intellectual Development of Children & Young Adults,,,,,,
8000,79120,English,1.041254,22-09-2011,469947,01:36,Released,Weekend,7.4,163,,,,,,EM Media,The Bureau,Glendale Picture Company,Synchronicity Films,,,
0,27995,English,6.722213,08-08-1986,0,01:24,Released,She's Gotta Have It,6.1,25,,,,,,40 Acres & A Mule Filmworks,,,,,,
0,253290,English,0.015189,10-03-2014,0,01:17,Released,Butterfly Girl,0,0,,,,,,[],,,,,,
0,344466,Romanian,0.327622,05-06-2015,0,01:44,Released,The World Is Mine,0,0,,,,,,[],,,,,,
100000,55420,English,25.402697,22-07-2011,1776935,01:32,Released,Another Earth,6.8,527,,,,,,Artists Public Domain,,,,,,
150000,5822,English,0.132878,23-04-1971,15200000,01:37,Released,Sweet Sweetback's Baadasssss Song,4.6,18,,,,,,Yeah,,,,,,
200,408429,English,0.050978,13-07-2014,0,01:49,Released,Perfect Cowboy,5,1,,,,,,[],,,,,,
150000,39141,English,8.570328,01-11-2002,2891288,01:18,Released,Tadpole,5.5,19,,,,,,IFC Productions,InDigEnt (Independent Digital Entertainment),Miramax,Dolly Hall Productions,,,
160000,5723,English,19.052179,23-03-2007,20710513,01:25,Released,Once,7.3,453,,,,,,Summit Entertainment,Samson Films,RTE,,,,
0,28666,English,0.619979,08-10-1999,0,01:30,Released,The Woman Chaser,4.9,4,,,,,,[],,,,,,
0,30979,English,0.465404,25-11-2009,0,01:33,Released,The Horse Boy,5.5,2,,,,,,[],,,,,,
0,50497,English,2.805351,31-01-2012,0,01:26,Released,When the Lights Went Out,5.8,49,,,,,,Kintop Pictures,,,,,,
0,354624,English,0.076647,04-09-2015,0,01:38,Released,Heroes of Dirt,0,0,,,,,,Blue Trail Entertainment,,,,,,
0,13187,English,8.701183,09-12-1965,0,00:25,Released,A Charlie Brown Christmas,7.5,153,,,,,,Warner Bros. Home Video,,,,,,
0,335244,English,0.021392,17-04-2015,0,01:12,Released,Antarctic Edge: 70° South,0,0,,,,,,[],,,,,,
0,178862,English,2.557258,20-02-2013,0,01:13,Released,Aroused,7.2,11,,,,,,Cherry On Top,,,,,,
0,331745,English,0.523122,15-11-2014,0,01:20,Released,Top Spin,6.8,6,,,,,,[],,,,,,
160000,1779,English,3.284903,01-09-1989,6706368,01:31,Released,Roger & Me,7.4,90,,,,,,Warner Bros.,Dog Eat Dog Films,,,,,
0,282128,English,0.015697,18-07-2014,0,01:29,Released,An American in Hollywood,0,0,,,,,,[],,,,,,
0,86812,English,6.192383,22-01-2011,0,01:25,Released,Sound of My Voice,6.3,108,,,,,,Skyscraper Films,,,,,,
0,38786,English,0.005256,25-11-2005,0,01:30,Released,The Blood of My Brother: A Story of Death in Iraq,0,0,,,,,,[],,,,,,
125000,84355,English,12.833247,11-09-2011,3200000,01:30,Released,Your Sister's Sister,6.5,137,,,,,,Ada Films,,,,,,
120000,18632,English,2.213889,03-03-2007,0,01:28,Released,A Dog's Breakfast,5.9,24,,,,,,Kibble Productions,,,,,,
120000,40652,French,1.112792,04-12-1964,0,01:35,Released,The Married Woman,7.1,20,,,,,,Orsay Films,Anouchka Films,,,,,
8500000,339408,English,9.452808,09-09-2016,15861566,02:00,Released,The Birth of a Nation,6.5,178,,,,,,Phantom Four,Mandalay Pictures,Bron Studios,Tiny Giant Entertainment,,,
0,266857,English,0.002388,01-01-2003,0,01:10,Released,The Work and The Story,0,0,,,,,,[],,,,,,
100000,18925,English,4.563698,29-09-2006,10178331,01:51,Released,Facing the Giants,6.6,64,,,,,,Destination Films,,,,,,
100000,299245,English,18.045782,10-07-2015,42664410,01:27,Released,The Gallows,4.9,361,,,,,,New Line Cinema,Blumhouse Productions,Management 360,Tremendum Pictures,,,
10000,985,English,20.399578,19-03-1977,7000000,01:29,Released,Eraserhead,7.5,485,,,,,,American Film Institute (AFI),Libra Films,,,,,
0,34101,English,2.353483,20-03-1987,0,01:18,Released,Hollywood Shuffle,5.7,19,,,,,,[],,,,,,
0,9821,English,5.497682,23-10-1998,0,01:40,Released,The Mighty,7.1,51,,,,,,Miramax Films,,,,,,
0,65448,English,0.001117,01-12-1979,0,01:39,Released,Penitentiary,4.9,8,,,,,,[],,,,,,
0,18841,English,1.680525,12-09-2001,0,01:30,Released,The Lost Skeleton of Cadavra,6.5,30,,,,,,Fragmighty,Transom Films,Valenti Entertainment,,,,
0,272726,English,0.28397,12-06-2014,0,00:00,Released,Dude Where's My Dog?,0,0,,,,,,[],,,,,,
0,175291,English,10.826253,08-03-2013,0,01:25,Released,Cheap Thrills,6.3,155,,,,,,New Artists Alliance,Snowfort Pictures,,,,,
0,80215,English,7.676677,18-05-2012,0,01:36,Released,Indie Game: The Movie,7.4,203,,,,,,BlinkWorks Media,,,,,,
0,13538,English,8.302951,27-04-2007,0,01:28,Released,Straightheads,5.2,40,,,,,,Ingenious Film Partners,Screen West Midlands,UK Film Council,DJ Films,,,
0,51130,English,0.186401,14-02-1948,0,01:08,Released,Open Secret,7,2,,,,,,Marathon Pictures,Harry Brandt Productions,,,,,
0,270554,English,0.053755,08-11-2013,0,01:25,Released,Echo Dr.,5,1,,,,,,30 Something Productions,,,,,,
0,72086,English,0.074005,01-01-1971,0,01:46,Released,The Night Visitor,7.3,6,,,,,,Hemisphere Pictures,Glazier,,,,,
100,268917,English,0.394575,15-06-2014,0,01:17,Released,The Past Is a Grotesque Animal,5.5,2,,,,,,Wrecking Crew,Polyvinyl Records,Shrine,,,,
0,64973,English,0.020168,28-01-2005,0,01:20,Released,"Peace, Propaganda & the Promised Land",6.4,4,,,,,,[],,,,,,
60000,473,English,27.788067,10-07-1998,3221152,01:24,Released,Pi,7.1,586,,,,,,Truth and Soul Pictures Inc,Protozoa Pictures,Harvest Filmworks,Plantain Films,,,
0,90414,French,0.020839,21-01-1997,0,01:26,Released,"I Love You, Don't Touch Me!",6,1,,,,,,[],,,,,,
0,111794,English,0.408073,01-01-1998,0,01:27,Released,20 Dates,3.7,3,,,,,,Fox Searchlight Pictures,Twentieth Century Fox Film Corporation,Phoenician Films,,,,
75000,360188,English,0.140989,29-09-2015,0,01:30,Released,Queen Crab,3.3,3,,,,,,Polonia Brothers Entertainment,,,,,,
65000,9372,English,10.400603,17-01-2004,28575078,01:40,Released,Super Size Me,6.6,506,,,,,,Kathbur Pictures,,,,,,
0,85860,English,0.838957,13-03-2011,0,01:22,Released,The FP,4.5,11,,,,,,Drafthouse Films,,,,,,
0,244534,English,7.052422,26-06-2014,0,01:22,Released,Happy Christmas,5.2,58,,,,,,Lucky Coffee Productions,,,,,,
62000,33468,English,2.407048,25-02-1962,0,01:22,Released,The Brain That Wouldn't Die,4.4,32,,,,,,Rex Carlton Productions,,,,,,
0,294086,English,0.176377,26-07-2014,0,01:15,Released,Tiger Orange,6.4,4,,,,,,[],,,,,,
0,139998,English,0.620554,23-01-2012,0,01:27,Released,Supporting Characters,6.7,10,,,,,,[],,,,,,
70000,74777,English,6.328665,03-03-2011,0,01:32,Released,Absentia,5.8,121,,,,,,Blue Dot Productions,FallBack Plan Productions,,,,,
0,16388,English,1.578903,09-08-1995,0,01:38,Released,The Brothers McMullen,6.3,23,,,,,,Fox Searchlight Pictures,,,,,,
0,159770,English,0.833937,04-10-2013,0,01:23,Released,The Dirties,6,42,,,,,,XYZ Films,Zapruder Films,,,,,
0,42109,Portuguese,0.557602,24-03-1983,0,01:39,Released,Gabriela,6,2,,,,,,United Artists,Metro-Goldwyn-Mayer (MGM),Sultana,,,,
65000,47607,English,2.380332,12-11-2010,416498,01:39,Released,Tiny Furniture,5.6,59,,,,,,Tiny Ponies,,,,,,
60000,193603,English,0.412342,13-10-2012,0,01:33,Released,Hayride,5.1,6,,,,,,[],,,,,,
0,84659,English,0.077577,16-09-2006,0,01:50,Rumored,The Naked Ape,5,1,,,,,,[],,,,,,
50000,322745,English,0.293587,09-02-2015,0,01:51,Released,Counting,8.3,3,,,,,,[],,,,,,
50000,20981,English,1.777148,01-01-2005,0,00:47,Released,The Call of Cthulhu,6.9,41,,,,,,HPLHS,,,,,,
0,174362,English,0.048726,20-04-2013,0,01:33,Released,Bending Steel,5,1,,,,,,[],,,,,,
4000000,242095,English,27.662696,15-03-2014,600896,01:35,Released,The Signal,5.8,631,,,,,,Automatik Entertainment,Low Spark Films,Signal Film Group,,,,
50000,250902,English,0.54562,21-11-2013,0,01:21,Released,The Image Revolution,5.7,3,,,,,,Respect Films,Sequart,,,,,
0,158895,English,0.76368,28-06-2013,0,01:23,Released,This Is Martin Bonner,6.6,4,,,,,,[],,,,,,
0,222250,English,0.970351,20-09-2013,0,01:36,Released,A True Story,6.8,2,,,,,,Team Awesome Films,,,,,,
0,18292,English,2.058834,01-10-2000,0,01:29,Released,George Washington,6.4,36,,,,,,[],,,,,,
0,125537,English,0.00734,16-09-1999,0,01:30,Released,Smiling Fish & Goat On Fire,7,1,,,,,,[],,,,,,
0,326576,English,0.049469,05-04-2014,0,01:35,Released,Dawn of the Crescent Moon,2,1,,,,,,[],,,,,,
0,228550,English,0.160779,27-03-2011,0,01:23,Released,Raymond Did It,3.2,8,,,,,,[],,,,,,
0,13963,English,3.277287,01-05-1978,321952,01:57,Released,The Last Waltz,7.9,64,,,,,,FM Productions,Last Waltz Inc.,,,,,
50000,290391,English,0.595809,01-09-2015,0,01:15,Released,"Run, Hide, Die",3.5,2,,,,,,Little Big Film Company,Abundant Productions,Faith vs. Fate Productions,,,,
0,44770,English,0.611081,22-04-2009,0,01:20,Released,The Exploding Girl,6.4,15,,,,,,[],,,,,,
0,69382,English,0.003582,08-07-2007,0,01:18,Released,The Legend of God's Gun,0,0,,,,,,[],,,,,,
500000,40769,English,0.123068,01-03-2005,0,01:49,Released,Mutual Appreciation,6.1,8,,,,,,[],,,,,,
0,220490,English,0.056459,19-04-2013,0,01:29,Released,Her Cry: La Llorona Investigation,0,0,,,,,,[],,,,,,
31192,42151,English,1.330379,01-09-2009,10000,01:29,Released,Down Terrace,6.3,26,,,,,,[],,,,,,
27000,2292,English,19.748658,13-09-1994,3151130,01:32,Released,Clerks,7.4,755,,,,,,Miramax Films,View Askew Productions,,,,,
27000,42497,English,0.027811,01-01-1971,0,01:04,Released,Pink Narcissus,6,9,,,,,,Strand Releasing,,,,,,
0,33693,English,0.362633,20-09-2002,76901,01:25,Released,Funny Ha Ha,6.3,8,,,,,,[],,,,,,
0,14585,English,2.634007,19-01-1997,0,01:37,Released,In the Company of Men,6.8,44,,,,,,Alliance Atlantis Communications,Fair and Square Productions,,,,,
0,185465,English,0.039264,15-01-2002,0,01:18,Released,Manito,5.5,2,,,,,,[],,,,,,
0,38780,English,7.101197,14-08-2009,0,01:25,Released,Rampage,6,131,,,,,,Boll Kino Beteiligungs GmbH & Co. KG,Brightlight Pictures,Pitchblack Pictures Inc.,Event Film Distribution,,,
0,14022,English,3.320622,27-07-1990,0,01:37,Released,Slacker,6.4,77,,,,,,[],,,,,,
0,366967,English,0.038143,02-10-2015,0,01:30,Released,Dutch Kills,0,0,,,,,,[],,,,,,
22000,255266,English,0.048948,14-02-2013,0,01:30,Released,Dry Spell,6,1,,,,,,[],,,,,,
0,17345,English,1.048524,01-01-2003,0,02:00,Released,Flywheel,6.8,19,,,,,,[],,,,,,
0,226458,English,3.619167,16-01-2015,0,01:31,Released,Backmask,4.7,79,,,,,,GO Productions,Vicarious Entertainment,Bloodline Productions,Shallow Focus,,,
0,24055,English,1.243955,17-01-2005,0,01:25,Released,The Puffy Chair,6.2,15,,,,,,[],,,,,,
0,287625,English,0.327794,05-09-2014,0,01:00,Released,Stories of Our Lives,0,0,,,,,,[],,,,,,
0,44990,English,0.67457,14-03-2009,0,01:28,Released,Breaking Upwards,5.6,12,,,,,,[],,,,,,
0,86304,English,3.545991,26-10-2011,0,01:18,Released,All Superheroes Must Die,4.2,13,,,,,,Grindfest,,,,,,
12000,692,English,4.553644,12-03-1972,6000000,01:33,Released,Pink Flamingos,6.2,110,,,,,,Dreamland Productions,,,,,,
0,39851,English,1.464566,01-09-2004,0,01:51,Released,Clean,6.7,17,,,,,,[],,,,,,
0,13898,Persian,1.193779,08-09-2000,0,01:30,Released,The Circle,6.6,17,,,,,,Jafar Panahi Film Productions,,,,,,
13,157185,English,0.332679,01-01-2007,0,01:24,Released,Tin Can Man,2,1,,,,,,Park Films,Camera Stylo Films,,,,,
20000,36095,Japanese,0.212443,06-11-1997,99000,01:51,Released,Cure,7.4,63,,,,,,Daiei Studios,,,,,,
0,182291,English,0.029757,11-04-2004,0,01:30,Released,On The Downlow,6,2,,,,,,Iconoclast Films,,,,,,
0,286939,English,0.166513,20-01-2012,0,01:22,Released,Sanctuary: Quite a Conundrum,0,0,,,,,,Gold Lion Films,T-Street Productions,,,,,
0,124606,English,0.918116,09-09-1995,0,01:38,Released,Bang,6,1,,,,,,Asylum Films,FM Entertainment,Eagle Eye Films Inc.,,,,
7000,14337,English,23.307949,08-10-2004,424760,01:17,Released,Primer,6.9,658,,,,,,Thinkfilm,,,,,,
0,67238,English,0.022173,12-03-2005,0,01:20,Released,Cavite,7.5,2,,,,,,[],,,,,,
220000,9367,Spanish,14.269792,04-09-1992,2040920,01:21,Released,El Mariachi,6.6,238,,,,,,Columbia Pictures,,,,,,
9000,72766,English,0.642552,26-12-2011,0,01:25,Released,Newlyweds,5.9,5,,,,,,[],,,,,,
0,231617,English,1.444476,13-10-2013,0,02:00,Released,"Signed, Sealed, Delivered",7,6,,,,,,Front Street Pictures,Muse Entertainment Enterprises,,,,,
0,126186,English,0.857008,03-05-2012,0,01:38,Released,Shanghai Calling,5.7,7,,,,,,[],,,,,,
0,25975,English,1.929883,05-08-2005,0,01:30,Released,My Date with Drew,6.3,16,,,,,,rusty bear entertainment,lucky crow films,,,,,
